Module	Cultivar	Stage	Year	N	Canonical_Mean	Canonical_SD	Canonical_SE	HubCore_Mean	HubCore_SD	HubCore_SE
M1	Cabernet Sauvignon	FruitSet	2012	3	49.23246640519513	1.6957653232101686	0.9790505658378237	16.737771891929196	0.747319666454246	0.43146521059806026
M1	Cabernet Sauvignon	FruitSet	2013	3	47.415839521560635	0.7851124287385957	0.4532848720763491	16.161070765310967	0.2065565714251045	0.11925549211517025
M1	Cabernet Sauvignon	FruitSet	2014	3	40.658635201496736	0.17372828208730165	0.10030207042895485	14.257595029701436	0.07651475967640374	0.044175817096151225
M1	Cabernet Sauvignon	Veraison	2012	3	4.830806878725957	2.24505303738768	1.2961819754807642	3.0817198279765177	0.6318466621700566	0.3647968404904487
M1	Cabernet Sauvignon	Veraison	2013	3	3.1863575258237966	6.665507152684401	3.8483323488877152	2.7458113898641767	2.5499585181421547	1.4722192368717524
M1	Cabernet Sauvignon	Veraison	2014	3	19.100867064246	4.149480066314604	2.395703433283723	8.460758025561981	1.1614148538788402	0.6705431785277783
M1	Cabernet Sauvignon	Harvest	2012	3	-54.33720498506573	3.809020202465452	2.1991388392421514	-20.097574145322795	1.3639007299565815	0.7874484535883595
M1	Cabernet Sauvignon	Harvest	2013	3	-56.249410148333304	0.2964902886100045	0.17117874794109594	-20.470193036025133	0.17801845657536755	0.10277900382451016
M1	Cabernet Sauvignon	Harvest	2014	3	-48.66267105867866	1.0335380133694232	0.5967134502365475	-17.63012626817213	0.31738450903846205	0.18324203172997328
M1	Pinot noir	FruitSet	2012	3	46.7608115390766	2.4224249828201008	1.39858771592286	16.25525453580209	0.7493882778926475	0.43265952396887014
M1	Pinot noir	FruitSet	2013	3	38.0693991707003	1.495148463643933	0.8632243679632802	13.056856098179205	0.2542270623299698	0.14677806287149583
M1	Pinot noir	FruitSet	2014	3	41.61323858204167	2.2703697248296146	1.3107985717903547	14.61474829476695	0.8975313804106083	0.5181899840862011
M1	Pinot noir	Veraison	2012	3	-0.0679508246511163	5.5190163141533395	3.186405554638367	1.1583355040991166	2.1528864950689517	1.2429695974627692
M1	Pinot noir	Veraison	2013	3	1.577648535223915	1.674620591708839	0.9668426494135887	1.273762898477891	0.5453241036243632	0.3148430180231175
M1	Pinot noir	Veraison	2014	3	12.968499293040466	3.6895740299862303	2.1301765594076025	5.769032143873968	1.260068486332011	0.7275008797811509
M1	Pinot noir	Harvest	2012	3	-47.10329055051697	2.378117722376758	1.373006907178841	-18.40003558191945	0.9380580931908027	0.541588092619217
M1	Pinot noir	Harvest	2013	3	-52.35893235446607	1.8160805995820175	1.0485146230387348	-19.443160965369188	0.6708164526579343	0.38729605951888824
M1	Pinot noir	Harvest	2014	3	-46.63510979541913	1.3406610434757533	0.7740310143427708	-17.531626408734784	0.5739523783739087	0.3313715601562021
M2	Cabernet Sauvignon	FruitSet	2012	3	-11.557852219733434	0.632231739946714	0.36501916524846084	-5.009976425886233	0.24002671328412095	0.13857948752728835
M2	Cabernet Sauvignon	FruitSet	2013	3	-12.270879748705033	0.3761608629622084	0.21717657548983296	-5.2833394091258254	0.1225932491013863	0.07077924536951623
M2	Cabernet Sauvignon	FruitSet	2014	3	12.088084449952333	1.1496218607570057	0.6637344907743358	4.111473612939514	0.08390621497106301	0.048443275800225845
M2	Cabernet Sauvignon	Veraison	2012	3	-14.461762727926564	0.5373710222348307	0.3102513043419839	-5.354412923872359	0.14066659284628172	0.08121389524578825
M2	Cabernet Sauvignon	Veraison	2013	3	-14.5451531270986	0.33870341286475947	0.19555050659291384	-5.014346057868946	0.10864272573885939	0.06272490695082515
M2	Cabernet Sauvignon	Veraison	2014	3	-13.443463892061635	0.44235487124249995	0.2553937039891996	-5.06642816692102	0.013161515592893316	0.007598804570500413
M2	Cabernet Sauvignon	Harvest	2012	3	-13.893113298325801	0.14047282680261264	0.0811020243683161	-5.058365728618302	0.08166205165725979	0.04714760750689607
M2	Cabernet Sauvignon	Harvest	2013	3	-13.0575165601293	0.21833745148405762	0.12605718638849753	-5.078280598410374	0.17139230318921	0.09895339238332036
M2	Cabernet Sauvignon	Harvest	2014	3	-12.995011504915766	0.18436994025111622	0.10644603463445718	-5.174278345049443	0.0419529417991107	0.024221542241013267
M2	Pinot noir	FruitSet	2012	3	11.196678636897367	0.28338309852173543	0.1636113082153142	4.58010577804527	0.161099622664497	0.0930109105116945
M2	Pinot noir	FruitSet	2013	3	11.795018943502699	0.4925340122044479	0.28436464453128446	4.569790335266645	0.03655123735993098	0.02110286672897006
M2	Pinot noir	FruitSet	2014	3	11.942598456484966	1.0903821409280805	0.6295324225843878	4.1791516157533275	0.21313599437693026	0.12305412372751925
M2	Pinot noir	Veraison	2012	3	10.9059320745345	0.35851193364179157	0.20698696139578163	4.2493348464837775	0.09756975007448775	0.05633192147027001
M2	Pinot noir	Veraison	2013	3	11.009051569185933	0.4648668412435486	0.26839099592929383	4.101869162034851	0.08719630577196169	0.050342810609783004
M2	Pinot noir	Veraison	2014	3	11.736268422774467	0.3521535327154587	0.20331593690934777	4.115960828133463	0.05521369890342492	0.03187764392484732
M2	Pinot noir	Harvest	2012	3	8.854917389814469	0.2997184538086251	0.17304252998750813	3.6669342496170647	0.018636614101366515	0.010759854168207133
M2	Pinot noir	Harvest	2013	3	7.63570422658868	0.3221966253849155	0.18602030839796999	3.815405907260862	0.0721542623472638	0.041658282789371635
M2	Pinot noir	Harvest	2014	3	9.06049890916074	0.09673852179397562	0.05585201159875831	3.6494013202177222	0.04934570760270849	0.02848975756777631
M3	Cabernet Sauvignon	FruitSet	2012	3	8.85047842805219	0.49851455205702205	0.2878175108250674	3.344633302354218	0.42144029076326106	0.24331866531952295
M3	Cabernet Sauvignon	FruitSet	2013	3	6.3437338855738865	0.2453530295748398	0.14165463767152398	2.813356840330737	0.07867951871372995	0.045425641309082186
M3	Cabernet Sauvignon	FruitSet	2014	3	-12.332737004822933	0.17952138147207336	0.10364671791819506	-4.634641281106331	0.015289252927841055	0.008827254293597308
M3	Cabernet Sauvignon	Veraison	2012	3	6.856241582873	0.8384937004689015	0.48410456367952576	3.0905986708152824	0.23347289606258184	0.13479563939021316
M3	Cabernet Sauvignon	Veraison	2013	3	7.451764963114752	0.1600184154346737	0.09238667522650623	2.6142531017582056	0.21924096247473956	0.12657882870218354
M3	Cabernet Sauvignon	Veraison	2014	3	-12.250857522472932	0.20188842168724438	0.11656033460739923	-4.579879646098619	0.07867357838264333	0.04542221165733025
M3	Cabernet Sauvignon	Harvest	2012	3	6.3689097697216965	0.6841218537890107	0.39497793644359114	3.097579337724648	0.3381418379696089	0.19522628117602853
M3	Cabernet Sauvignon	Harvest	2013	3	-11.605813626851434	0.1307726779649273	0.07550164082569903	-4.512655046874728	0.11161033862706542	0.06443825905068151
M3	Cabernet Sauvignon	Harvest	2014	3	-11.865781158286934	0.15239803993735848	0.08798704938180527	-4.526572168549542	0.021314017164499485	0.012305653547436082
M3	Pinot noir	FruitSet	2012	3	9.342080536162241	0.5987749851518901	0.34570289886145794	3.575479080464984	0.25472379260134387	0.1470648502273883
M3	Pinot noir	FruitSet	2013	3	5.912708169242578	0.3168388752937554	0.18292700994058794	2.6230526191706116	0.08364594360789426	0.04829300805863801
M3	Pinot noir	FruitSet	2014	3	-12.143995994231632	0.2267923560565882	0.13093862781942067	-4.5787781367753295	0.06310921482919615	0.03643612216998232
M3	Pinot noir	Veraison	2012	3	8.536162219313153	0.710659490893696	0.4102994483696378	2.8417382473012975	0.06511299529937017	0.03759300536383421
M3	Pinot noir	Veraison	2013	3	7.053717800437724	0.4376019690321716	0.25264961461863455	2.689976522819098	0.1707241406978634	0.09856762858907898
M3	Pinot noir	Veraison	2014	3	-10.379623552821565	0.18230390187803455	0.10525320682360238	-4.585306048306979	0.02507860111978394	0.014479137107406509
M3	Pinot noir	Harvest	2012	3	6.983076742301243	0.21973251858848183	0.12686262875677445	2.809162866353248	0.12435106880374601	0.07179412304786044
M3	Pinot noir	Harvest	2013	3	7.10344227227889	0.3136432453329678	0.1810820121224968	2.5899327524304767	0.0942230206245931	0.05439968632146849
M3	Pinot noir	Harvest	2014	3	-10.223507509583966	0.25859889086136334	0.1493021392509468	-4.671931013811274	0.03255814984649495	0.018797456578190035
M4	Cabernet Sauvignon	FruitSet	2012	3	-4.6981558362954425	0.5673161781726324	0.327540148183599	-0.2952474417043082	0.13500798385328447	0.07794689582044244
M4	Cabernet Sauvignon	FruitSet	2013	3	0.8262917490406254	0.8036089128297823	0.46396382214545734	2.0537135426521638	0.18235905738723535	0.10528505087168674
M4	Cabernet Sauvignon	FruitSet	2014	3	-1.6367691818951433	0.37472034394181003	0.21634489144563318	0.9140890549674379	0.24021038571556624	0.13868553085502602
M4	Cabernet Sauvignon	Veraison	2012	3	13.581654419766332	0.29203710149834156	0.16860769916342558	4.518828397287764	0.2886789199160468	0.16666885212290003
M4	Cabernet Sauvignon	Veraison	2013	3	12.939123607101699	0.7478792221290879	0.43178827021755684	4.294524073102823	0.09607820219771758	0.05547077590210754
M4	Cabernet Sauvignon	Veraison	2014	3	10.722929201706398	0.6971854476860406	0.40252020589662535	4.069952291856916	0.3522082710652842	0.20334754011035452
M4	Cabernet Sauvignon	Harvest	2012	3	-8.922391669241309	2.4278723940081757	1.4017327802386814	-4.742166321443754	0.5281774797905595	0.3049434101369777
M4	Cabernet Sauvignon	Harvest	2013	3	-11.383456252037599	1.110687024457674	0.6412554525560626	-5.16679819373148	0.22925524959500004	0.13236058006680812
M4	Cabernet Sauvignon	Harvest	2014	3	-7.008994356062683	1.1167250844797028	0.6447415281351639	-3.460036874799348	0.44752788505583135	0.25838034490684814
M4	Pinot noir	FruitSet	2012	3	-6.310470240510413	2.0149664035865325	1.1633413955187366	-0.7884263190069837	0.5712943529378178	0.3298369484551622
M4	Pinot noir	FruitSet	2013	3	-1.3051491838264155	0.519872274825923	0.30014839781496977	0.593027466595755	0.1512089420061037	0.0873005233711025
M4	Pinot noir	FruitSet	2014	3	-1.469684007374824	0.7636711171362905	0.4409057250509796	0.8508090045348059	0.2400394799944522	0.13858685839093476
M4	Pinot noir	Veraison	2012	3	11.910274341456764	1.0055030547344033	0.5805274593218988	3.25696333347175	0.3755149400865169	0.21680365174367675
M4	Pinot noir	Veraison	2013	3	11.947358638056201	0.2782481241485026	0.16064662937864638	3.6528484558704952	0.06439774758580026	0.03718005690386735
M4	Pinot noir	Veraison	2014	3	9.39577107149592	0.5145151570901344	0.2970554644481317	3.197460942529465	0.1380001730246765	0.0796744370440119
M4	Pinot noir	Harvest	2012	3	-7.576258957183963	1.6801823836211305	0.9700537514713268	-3.9932821857982326	0.5546107667220861	0.3202046754624612
M4	Pinot noir	Harvest	2013	3	-11.534283850026066	1.279769434625176	0.7388752275815006	-4.844576704180631	0.07167259668824832	0.04138019299147965
M4	Pinot noir	Harvest	2014	3	-9.477789494170048	0.964780717249157	0.5570164068127611	-4.111682522204627	0.25579458454609566	0.14768307224493682
M5	Cabernet Sauvignon	FruitSet	2012	3	-2.56002530090567	4.131007822248579	2.3850384781996667	-1.4394388920465395	0.8260884464810369	0.4769423869502664
M5	Cabernet Sauvignon	FruitSet	2013	3	-2.3122137705612382	1.369577195375269	0.7907257624258842	-1.3310674579896353	0.43069751643501214	0.24866332705305755
M5	Cabernet Sauvignon	FruitSet	2014	3	-6.10640690362895	0.21826439754019775	0.12601500867434468	-1.875814902333996	0.07195911234683752	0.04154561288409317
M5	Cabernet Sauvignon	Veraison	2012	3	-6.860693777885554	0.36668732521149916	0.2117070259192829	-1.8918611694641096	0.06544204656650399	0.0377829832014911
M5	Cabernet Sauvignon	Veraison	2013	3	-5.359670314891743	0.885678800039647	0.511346893618435	-1.6605534029218514	0.18114544941779082	0.10458437398383727
M5	Cabernet Sauvignon	Veraison	2014	3	-6.139225147798224	0.4466475505113234	0.25787208352059954	-1.896792593901754	0.050993274980855985	0.029440981037057813
M5	Cabernet Sauvignon	Harvest	2012	3	-2.4283720648505156	2.0991410026002977	1.2119396229182628	-0.6559938559932598	1.0464471074608708	0.604166519185239
M5	Cabernet Sauvignon	Harvest	2013	3	-0.9201409155722041	0.7680664856100494	0.4434433922224919	-0.041221353248558155	0.47489266745800596	0.2741794093930592
M5	Cabernet Sauvignon	Harvest	2014	3	-3.571174739839233	0.35385965105612144	0.20430096479259877	-1.517492159677283	0.18920193928984966	0.10923579058019393
M5	Pinot noir	FruitSet	2012	3	-2.356907475022366	2.3881146611630713	1.3787786424781912	-1.125139870479555	0.9061434426265155	0.523162160524833
M5	Pinot noir	FruitSet	2013	3	-4.1923817569034965	0.3738624433415719	0.21584958230314777	-1.531684265895923	0.31242696872654613	0.1803797944963702
M5	Pinot noir	FruitSet	2014	3	-6.12567057175123	0.3412005551573783	0.19699223236776212	-1.944475802769724	0.04392364997707602	0.02535933113805574
M5	Pinot noir	Veraison	2012	3	-2.032984363697467	4.830291171775909	2.788769908289094	-0.9701697853477338	1.2644285257046497	0.7300181496866212
M5	Pinot noir	Veraison	2013	3	-4.407599917771926	0.6917076080955591	0.3993575737344832	-1.6603740522095338	0.13925057292614065	0.08039635576371693
M5	Pinot noir	Veraison	2014	3	-4.544977183521783	0.09827871759111027	0.05674124405683873	-1.6316377711545405	0.26916131954654415	0.15540036029563215
M5	Pinot noir	Harvest	2012	3	22.600787953811633	0.9626152987999632	0.5557662018882108	7.923271331548161	0.26610560861397986	0.15363614476615048
M5	Pinot noir	Harvest	2013	3	20.003076757163033	1.2264408754642255	0.7080859695944309	7.371536834958145	0.631168513653562	0.3644053112619
M5	Pinot noir	Harvest	2014	3	17.314579493626997	1.0267472144792935	0.5927927806693186	5.878909168927689	0.5752140883994858	0.33210000877910834
M6	Cabernet Sauvignon	FruitSet	2012	3	20.81357550197997	0.7957411682914914	0.4594213777183599	7.038646222952813	0.35987880688491686	0.2077761260306481
M6	Cabernet Sauvignon	FruitSet	2013	3	10.762757214487765	0.38624307801278646	0.2229975450633119	3.627713086697439	0.07943971090508166	0.04586453847539495
M6	Cabernet Sauvignon	FruitSet	2014	3	-0.32489591154593395	0.458628264817762	0.26478915215050586	0.45960848845414404	0.2144595255466467	0.12381826480463591
M6	Cabernet Sauvignon	Veraison	2012	3	-2.4226304664911567	0.2956205080847609	0.17067657992071067	-1.0976441146200266	0.21608626231889239	0.12475746171799261
M6	Cabernet Sauvignon	Veraison	2013	3	-1.8364624820778654	0.9520490584400715	0.5496657801721051	-1.189755968969491	0.43715815385928875	0.2523933778091002
M6	Cabernet Sauvignon	Veraison	2014	3	-0.335814440657541	0.9075308403486836	0.5239631749731998	-0.11655412370859701	0.39348322474925446	0.22717764573058408
M6	Cabernet Sauvignon	Harvest	2012	3	-5.1175102388813265	0.39525936303593967	0.22820309964851979	-1.7702129324925053	0.0587064610129516	0.03389419106899788
M6	Cabernet Sauvignon	Harvest	2013	3	-4.6147093349456165	0.2939595086600554	0.1697176014557331	-1.746933759223569	0.054424191312627705	0.0314218215047733
M6	Cabernet Sauvignon	Harvest	2014	3	-4.9551427412777596	0.2727378475028296	0.15746526967395777	-1.6642520649066306	0.06333313273726092	0.03656540123447989
M6	Pinot noir	FruitSet	2012	3	12.580196303125533	0.5312954905138766	0.30674359446742094	5.108588842936147	0.3575151259086797	0.20641145418273918
M6	Pinot noir	FruitSet	2013	3	0.32752114332636106	0.37949979288754776	0.21910430758103294	0.6296896190461388	0.14420694938464862	0.08325792104624162
M6	Pinot noir	FruitSet	2014	3	-0.09459911623365098	0.8074132720073779	0.46616026994073617	0.37621052554424755	0.20986098579540238	0.1211632966413758
M6	Pinot noir	Veraison	2012	3	-3.6526272646384297	0.23196129388765152	0.1339229154676095	-1.5792908303574846	0.10187525334523541	0.05881770494263299
M6	Pinot noir	Veraison	2013	3	-4.177686624115333	0.17475020052899898	0.10089207531635865	-1.6481321951913834	0.1223563708162277	0.07064248362781474
M6	Pinot noir	Veraison	2014	3	-3.55635901713104	0.39243241025806014	0.22657095770122468	-1.2219569498063965	0.23067113448237378	0.13317804158767488
M6	Pinot noir	Harvest	2012	3	-5.07047062218579	0.1560676521436593	0.09010570097693459	-1.7608326441987956	0.06832859767924077	0.0394495342634593
M6	Pinot noir	Harvest	2013	3	-4.1829533591763095	0.4048535774903992	0.233742321946465	-1.715929268594582	0.03960912088082177	0.022868336602906877
M6	Pinot noir	Harvest	2014	3	-4.142188543561873	0.031271194881828515	0.01805443278290494	-1.7289619335614688	0.021546748726766877	0.012440021177560084
M7	Cabernet Sauvignon	FruitSet	2012	3	-4.970332520226825	4.114295983631526	2.375389893675458	-1.572365480200051	1.8980960518962604	1.0958662665100718
M7	Cabernet Sauvignon	FruitSet	2013	3	3.5156872539072985	3.422522198312271	1.9759941125030593	1.4272464705170862	1.4417865255506745	0.8324158386406573
M7	Cabernet Sauvignon	FruitSet	2014	3	12.305132430434265	0.237832006399827	0.13731237291684892	4.727811506422367	0.06953177895247036	0.04014419129544232
M7	Cabernet Sauvignon	Veraison	2012	3	-0.11402038431815131	1.1722491292022847	0.6767983503022436	-0.400666132821756	0.4384259829794444	0.2531253592929085
M7	Cabernet Sauvignon	Veraison	2013	3	-2.66077143193916	1.9443419032900449	1.1225663212611767	-1.2806541118307002	0.8782198930088803	0.5070404916363613
M7	Cabernet Sauvignon	Veraison	2014	3	1.9619486210579815	1.767928074706558	1.020713749839728	0.7726304165364274	0.5363471444469717	0.30966016822554626
M7	Cabernet Sauvignon	Harvest	2012	3	-7.40989918376529	1.5046768769299097	0.8687255999388888	-2.6703199504121677	0.10554707081136501	0.060937629745118085
M7	Cabernet Sauvignon	Harvest	2013	3	-8.47177284011527	0.10746661297028319	0.062045877927290334	-2.462660371237627	0.12487331162748823	0.07209564008273035
M7	Cabernet Sauvignon	Harvest	2014	3	-4.9143541917126194	0.12686989566532517	0.07324836841443523	-2.005628330087702	0.08247285569646956	0.04761572543719386
M7	Pinot noir	FruitSet	2012	3	-4.329899242642534	4.142875636513489	2.391890363960205	-1.2578830874069693	1.6254454091380215	0.9384513445188781
M7	Pinot noir	FruitSet	2013	3	3.5974845371133317	4.7778002978167535	2.758464288078777	1.677566008244393	1.7513712870186513	1.0111546840111998
M7	Pinot noir	FruitSet	2014	3	12.688095548906702	0.7429517355142891	0.42894338449407443	4.883500402560387	0.19798176792722533	0.11430482700742156
M7	Pinot noir	Veraison	2012	3	2.45273803524111	1.3010410354648771	0.7511563920523963	0.8228941460705407	0.46377042428023174	0.26775797930037876
M7	Pinot noir	Veraison	2013	3	6.08840205423384	1.267171025925971	0.7316015329276536	2.163371648990888	0.5688124417702562	0.3284040163744658
M7	Pinot noir	Veraison	2014	3	3.6935055600866797	0.44065524836365855	0.25441242626257965	1.1547020465692572	0.08284102531769998	0.047828288267118685
M7	Pinot noir	Harvest	2012	3	-1.342456886811399	1.0631967520809098	0.6138369310154491	-1.3248960189733987	0.6515393224085866	0.3761664031802239
M7	Pinot noir	Harvest	2013	3	-7.075958211514447	0.18548784654931777	0.10709145813665262	-2.441705545822916	0.21143996894946196	0.12207492299041799
M7	Pinot noir	Harvest	2014	3	-5.013529147935516	1.1601015090661722	0.6697849185466456	-2.212943617118062	0.1888572713151366	0.10903679643221231
M8	Cabernet Sauvignon	FruitSet	2012	3	16.355658733927367	2.8112866686276754	1.6230971149013946	6.375652283665663	2.3331421456444867	1.3470402458455055
M8	Cabernet Sauvignon	FruitSet	2013	3	-3.2862014689017633	0.6655193820962486	0.38423779440418254	-1.1499847905415619	0.4126550443139087	0.23824650091709215
M8	Cabernet Sauvignon	FruitSet	2014	3	-3.59226521785584	0.7256944467302757	0.4189798841691412	-1.0333143864485066	0.2625307635746584	0.151572207020387
M8	Cabernet Sauvignon	Veraison	2012	3	-1.5652572237287166	1.977294427664238	1.1415914700790948	0.09071689691915308	1.1184754934936083	0.6457521272505343
M8	Cabernet Sauvignon	Veraison	2013	3	-5.135384489378083	0.17442922083023996	0.10070675760087572	-1.5774707016862226	0.21194466524230698	0.12236630953095107
M8	Cabernet Sauvignon	Veraison	2014	3	-4.36700589271149	0.47787561251000943	0.27590161352181125	-0.9480141321654573	0.13744570616099203	0.07935431545100695
M8	Cabernet Sauvignon	Harvest	2012	3	-1.5307705726792158	0.6052222580994436	0.34942523363326694	-0.9217507223361646	0.25642977810284856	0.14804980141591562
M8	Cabernet Sauvignon	Harvest	2013	3	-0.37005991235395624	0.6891284219156518	0.3978684798992236	-0.7388822516592932	0.09099460139759513	0.05253575761170425
M8	Cabernet Sauvignon	Harvest	2014	3	-0.4580460273694584	0.7688347261765677	0.4438869361203736	-0.27872490842497233	0.3430964527183608	0.19808682933495134
M8	Pinot noir	FruitSet	2012	3	14.1986305180587	3.3840853633251617	1.9538025954764549	4.909424488567262	0.9166408759902358	0.529222856503177
M8	Pinot noir	FruitSet	2013	3	-0.9274961979218143	0.34562763878535263	0.1995482102920981	0.002509727955331128	0.4295649053271968	0.2480094137250732
M8	Pinot noir	FruitSet	2014	3	-2.3883012912782036	1.6419941173594592	0.9480057456652657	-0.34002944965806053	1.020927135133699	0.5894325562924346
M8	Pinot noir	Veraison	2012	3	-1.8153906895198701	0.6700466783712588	0.38685163012726087	-0.6014076855895011	0.4970976753200019	0.2869994766595403
M8	Pinot noir	Veraison	2013	3	-0.9664341563067333	1.9957755691632395	1.152261562098475	0.1676537192717343	0.5113979154839118	0.29525572416764995
M8	Pinot noir	Veraison	2014	3	-4.9138703545838505	0.37092127588779517	0.214151498481978	-1.4824479247851192	0.10245035349266671	0.05914973916756344
M8	Pinot noir	Harvest	2012	3	-1.0168535999247739	0.7683678518234918	0.44361738608694745	-1.0836322296295087	0.25832427160749705	0.14914358775080244
M8	Pinot noir	Harvest	2013	3	0.44242927421038897	0.42772419950397184	0.24694668172253534	-0.6632061159377893	0.3322778272301485	0.1918406929970702
M8	Pinot noir	Harvest	2014	3	1.336618568317257	0.5488432011932783	0.3168747699518352	-0.7270918175169868	0.10034559683085345	0.0579345573422869
M9	Cabernet Sauvignon	FruitSet	2012	3	-2.6726764174356163	0.26560375481753346	0.15334639934167832	-1.1834836246783482	0.17233010509599328	0.09949483256664822
M9	Cabernet Sauvignon	FruitSet	2013	3	5.561050533057013	10.239493915722944	5.911774568608178	2.5946196018560506	4.4173350445822495	2.5503495770903295
M9	Cabernet Sauvignon	FruitSet	2014	3	0.7802541211696902	0.8438573676755795	0.4872012783851449	0.40636859733964253	0.46383534282396205	0.26779546003907684
M9	Cabernet Sauvignon	Veraison	2012	3	-3.6144416323101267	0.32701121629831265	0.18880001375785777	-1.294553137607959	0.07647036368898354	0.04415018506086323
M9	Cabernet Sauvignon	Veraison	2013	3	-2.526081521216883	1.295345118949554	0.7478678531189928	-0.8852945699773495	0.5111047383195279	0.29508645825287266
M9	Cabernet Sauvignon	Veraison	2014	3	7.423164250042103	7.585782092768283	4.379653333273611	2.938666014383624	3.0503933524704503	1.7611454231830597
M9	Cabernet Sauvignon	Harvest	2012	3	-2.5128467253405167	0.4641027490350551	0.2679498470870344	-0.9583110307063084	0.20122357077511444	0.11617648275431004
M9	Cabernet Sauvignon	Harvest	2013	3	-0.08454601317860395	0.960668722028716	0.554642345265333	0.06894450255296114	0.491141145185341	0.2835604723828577
M9	Cabernet Sauvignon	Harvest	2014	3	0.34105466051441136	2.9565569874535447	1.706968972580773	0.33215139774129004	1.4491031163692023	0.8366400743192846
M9	Pinot noir	FruitSet	2012	3	-2.6397273089849036	0.24015551726041182	0.1386538525376726	-1.2171827734506355	0.14960935973259443	0.08637700411490096
M9	Pinot noir	FruitSet	2013	3	10.740761560054837	12.892894693613727	7.443716221991383	3.81789749563689	4.95171826205816	2.8588758715504645
M9	Pinot noir	FruitSet	2014	3	0.9948378310812763	1.2473448510472656	0.7201548855244324	0.6280785267238593	0.6275620148175409	0.36232309818809116
M9	Pinot noir	Veraison	2012	3	-3.4131953876243295	0.4269988617959168	0.24652790780153638	-1.36074408979442	0.05500716079947464	0.03175839909493371
M9	Pinot noir	Veraison	2013	3	-3.3281954463436367	0.2782231192385135	0.16063219278713312	-1.2919375478835955	0.036351860121269314	0.020987756226558463
M9	Pinot noir	Veraison	2014	3	1.1930264747604769	4.601979803348301	2.656954278268363	0.19384595328969964	1.7775652992992612	1.0262778040525662
M9	Pinot noir	Harvest	2012	3	-2.6539612030213666	0.4112616280270379	0.2374420116487741	-1.1330992070242127	0.19455851911076272	0.11232841338173381
M9	Pinot noir	Harvest	2013	3	-0.8041810863436082	1.4047912548178678	0.8110566091243282	-0.45883612075535724	0.5687598040946487	0.32837362599828424
M9	Pinot noir	Harvest	2014	3	-2.78429668888024	0.6807605182330082	0.39303726845549647	-1.1971299876458292	0.20612222391576612	0.1190047214637319
M10	Cabernet Sauvignon	FruitSet	2012	3	-6.9205878585942395	0.1979876808227702	0.1143082408192561	-3.215197061182033	0.14242404798014272	0.08222856244041157
M10	Cabernet Sauvignon	FruitSet	2013	3	-5.4842744084549695	1.040636524735944	0.6008117776848539	-2.5615194837666855	0.15916057752380486	0.09189140227774505
M10	Cabernet Sauvignon	FruitSet	2014	3	-7.044757420837004	0.3028575493164749	0.17485488762397716	-2.1751708805885634	0.1328639719704655	0.07670904998275116
M10	Cabernet Sauvignon	Veraison	2012	3	5.361378022736816	0.3850657905263063	0.222317837816079	2.1144380096917454	0.044374403789578486	0.02561957397304229
M10	Cabernet Sauvignon	Veraison	2013	3	6.11681481699224	0.575921341136591	0.3325083413372611	2.242135191778756	0.13133493551322636	0.07582626037256339
M10	Cabernet Sauvignon	Veraison	2014	3	3.3175280295339697	0.673313664616636	0.3887378255154682	1.5423187207573743	0.20089329411691978	0.1159857974367943
M10	Cabernet Sauvignon	Harvest	2012	3	-1.4362319390176106	1.6058463632875046	0.9271358301212225	-0.2230221231834388	0.37578282287327514	0.21695831394272286
M10	Cabernet Sauvignon	Harvest	2013	3	-2.1516190541264866	0.7846797350417316	0.453035056253988	-0.29004920555783503	0.2842667103901234	0.16412146176538714
M10	Cabernet Sauvignon	Harvest	2014	3	0.15768539960796202	0.4981535372539412	0.28760907883132725	0.5754981806602649	0.20434743722677412	0.1179800478910882
M10	Pinot noir	FruitSet	2012	3	-6.63551641538849	1.1512525169914478	0.6646759505902466	-2.552403482751427	0.2197546281463634	0.12687539371596904
M10	Pinot noir	FruitSet	2013	3	-6.178349389175213	0.5021111234333063	0.2898939922773248	-1.89811752666806	0.11172246011228489	0.06450299242035491
M10	Pinot noir	FruitSet	2014	3	-6.918610246071897	0.6076480649900904	0.3508257738945839	-2.236621705519626	0.1741517554070052	0.10054656286408033
M10	Pinot noir	Veraison	2012	3	7.783354219071463	0.4702690475422196	0.27150996119004944	2.586404504006327	0.14042432446437522	0.08107402153027839
M10	Pinot noir	Veraison	2013	3	8.051795016747766	0.626417804440648	0.3616624880189825	2.367834950246663	0.2218809064693	0.12810300107808853
M10	Pinot noir	Veraison	2014	3	5.3444449185501774	0.9176165981540579	0.529786189957114	1.8328852227818562	0.32304364816073017	0.18650933722559632
M10	Pinot noir	Harvest	2012	3	3.4036940262351263	0.5306051909116872	0.3063450498062754	0.9375655704960376	0.24030561535609854	0.13874051171362217
M10	Pinot noir	Harvest	2013	3	1.0016188005451403	0.629099020931858	0.36321048908193826	0.28932896026014704	0.20953058794666177	0.12097254135446574
M10	Pinot noir	Harvest	2014	3	2.231633481645257	0.5240010964396786	0.3025321740851075	0.6636921585384827	0.1384461634473493	0.07993192973459805
