SampleName	Module	Cultivar	Stage	Year	Canonical_eigengene	Hub_core_PC1
GSM2627691	M1	Cabernet Sauvignon	FruitSet	2012	50.9298737701087	17.576326643870793
GSM2627692	M1	Cabernet Sauvignon	FruitSet	2012	49.2291775378173	16.494863815629316
GSM2627693	M1	Cabernet Sauvignon	FruitSet	2012	47.5383479076594	16.14212521628748
GSM2627709	M1	Cabernet Sauvignon	Veraison	2012	2.92712672623832	2.7844542160679797
GSM2627711	M1	Cabernet Sauvignon	Veraison	2012	4.25874914066196	2.6533300421045016
GSM2627713	M1	Cabernet Sauvignon	Veraison	2012	7.30654476927759	3.8073752257570717
GSM2627739	M1	Cabernet Sauvignon	Harvest	2012	-52.7720231044586	-19.220143040365066
GSM2627740	M1	Cabernet Sauvignon	Harvest	2012	-51.5601204958878	-19.40367714568351
GSM2627741	M1	Cabernet Sauvignon	Harvest	2012	-58.6794713548508	-21.66890224991981
GSM2627742	M1	Cabernet Sauvignon	FruitSet	2013	46.5374055138623	16.029253295209333
GSM2627743	M1	Cabernet Sauvignon	FruitSet	2013	48.0491358812133	16.399124012707947
GSM2627744	M1	Cabernet Sauvignon	FruitSet	2013	47.6609771696063	16.054834988015624
GSM2627754	M1	Cabernet Sauvignon	Veraison	2013	10.5344623245978	5.495273071488726
GSM2627755	M1	Cabernet Sauvignon	Veraison	2013	1.49548502300764	2.2835682422316306
GSM2627756	M1	Cabernet Sauvignon	Veraison	2013	-2.47087477013405	0.4585928558721736
GSM2627781	M1	Cabernet Sauvignon	Harvest	2013	-55.9236494614753	-20.270444983929824
GSM2627782	M1	Cabernet Sauvignon	Harvest	2013	-56.3210957966677	-20.612092145589344
GSM2627783	M1	Cabernet Sauvignon	Harvest	2013	-56.5034851868569	-20.528041978556228
GSM2627784	M1	Cabernet Sauvignon	FruitSet	2014	40.7659820014517	14.337858198168506
GSM2627785	M1	Cabernet Sauvignon	FruitSet	2014	40.7517235622118	14.185481008270935
GSM2627786	M1	Cabernet Sauvignon	FruitSet	2014	40.4582000408267	14.249445882664867
GSM2627793	M1	Cabernet Sauvignon	Veraison	2014	23.7969780616052	9.727333337616308
GSM2627794	M1	Cabernet Sauvignon	Veraison	2014	15.9293487879597	7.4457313264945855
GSM2627795	M1	Cabernet Sauvignon	Veraison	2014	17.5762743431731	8.209209412575055
GSM2627820	M1	Cabernet Sauvignon	Harvest	2014	-47.8136885025541	-17.377775133937696
GSM2627821	M1	Cabernet Sauvignon	Harvest	2014	-48.360786201652	-17.526145137873144
GSM2627822	M1	Cabernet Sauvignon	Harvest	2014	-49.8135384718299	-17.986458532705544
GSM2627823	M1	Pinot noir	FruitSet	2012	45.7020545655472	16.09395335896576
GSM2627824	M1	Pinot noir	FruitSet	2012	49.5323804839967	17.072158639530247
GSM2627825	M1	Pinot noir	FruitSet	2012	45.0479995676859	15.599651608910266
GSM2627835	M1	Pinot noir	Veraison	2012	0.715988219987431	1.6671058807099757
GSM2627836	M1	Pinot noir	Veraison	2012	5.01717931951452	3.0112672802208964
GSM2627837	M1	Pinot noir	Veraison	2012	-5.9370200134553	-1.2033666486335224
GSM2627850	M1	Pinot noir	Harvest	2012	-45.4742480975716	-17.639617305190306
GSM2627851	M1	Pinot noir	Harvest	2012	-46.0033642283849	-18.11220578465753
GSM2627852	M1	Pinot noir	Harvest	2012	-49.8322593255944	-19.44828365591051
GSM2627853	M1	Pinot noir	FruitSet	2013	39.3600024550205	13.284374370794248
GSM2627854	M1	Pinot noir	FruitSet	2013	36.4310082575211	12.782448351729466
GSM2627855	M1	Pinot noir	FruitSet	2013	38.4171867995593	13.103745572013905
GSM2627862	M1	Pinot noir	Veraison	2013	2.44351117525968	1.61002845045333
GSM2627863	M1	Pinot noir	Veraison	2013	-0.352635629856875	0.6445742832367193
GSM2627864	M1	Pinot noir	Veraison	2013	2.64207006026894	1.5666859617436242
GSM2627883	M1	Pinot noir	Harvest	2013	-52.8116338317292	-19.44177867765767
GSM2627884	M1	Pinot noir	Harvest	2013	-50.3593233792708	-18.773036724698706
GSM2627885	M1	Pinot noir	Harvest	2013	-53.9058398523982	-20.114667493751185
GSM2627886	M1	Pinot noir	FruitSet	2014	40.47681361227	14.162638043228325
GSM2627887	M1	Pinot noir	FruitSet	2014	44.2274184184467	15.648429459716546
GSM2627888	M1	Pinot noir	FruitSet	2014	40.1354837154083	14.033177381355978
GSM2627895	M1	Pinot noir	Veraison	2014	17.2210143560357	7.210944576317385
GSM2627896	M1	Pinot noir	Veraison	2014	10.618538270292	4.879437281070651
GSM2627897	M1	Pinot noir	Veraison	2014	11.0659452527937	5.21671457423387
GSM2627919	M1	Pinot noir	Harvest	2014	-45.6246276244625	-17.155209591147973
GSM2627920	M1	Pinot noir	Harvest	2014	-48.1560114394147	-18.19222672814842
GSM2627921	M1	Pinot noir	Harvest	2014	-46.1246903223802	-17.247442906907967
GSM2627691	M2	Cabernet Sauvignon	FruitSet	2012	-11.4950181766504	-4.735318879768579
GSM2627692	M2	Cabernet Sauvignon	FruitSet	2012	-10.9593836284305	-5.115129938876969
GSM2627693	M2	Cabernet Sauvignon	FruitSet	2012	-12.2191548541194	-5.179480459013151
GSM2627709	M2	Cabernet Sauvignon	Veraison	2012	-14.9145019286093	-5.511323514335734
GSM2627711	M2	Cabernet Sauvignon	Veraison	2012	-14.6028683344517	-5.239606696144959
GSM2627713	M2	Cabernet Sauvignon	Veraison	2012	-13.8679179207187	-5.312308561136384
GSM2627739	M2	Cabernet Sauvignon	Harvest	2012	-13.9457238784344	-4.965021459896416
GSM2627740	M2	Cabernet Sauvignon	Harvest	2012	-13.7339294538867	-5.093469531057349
GSM2627741	M2	Cabernet Sauvignon	Harvest	2012	-13.9996865626563	-5.116606194901142
GSM2627742	M2	Cabernet Sauvignon	FruitSet	2013	-11.9387466991214	-5.253215889986614
GSM2627743	M2	Cabernet Sauvignon	FruitSet	2013	-12.6793565101932	-5.178615798465019
GSM2627744	M2	Cabernet Sauvignon	FruitSet	2013	-12.1945360368005	-5.418186538925842
GSM2627754	M2	Cabernet Sauvignon	Veraison	2013	-14.2568216956905	-5.006693719341284
GSM2627755	M2	Cabernet Sauvignon	Veraison	2013	-14.9181610179646	-5.126612639997458
GSM2627756	M2	Cabernet Sauvignon	Veraison	2013	-14.4604766676407	-4.9097318142680955
GSM2627781	M2	Cabernet Sauvignon	Harvest	2013	-13.2647462440668	-5.033268978094744
GSM2627782	M2	Cabernet Sauvignon	Harvest	2013	-13.0782525777954	-5.267686939184252
GSM2627783	M2	Cabernet Sauvignon	Harvest	2013	-12.8295508585257	-4.933885877952126
GSM2627784	M2	Cabernet Sauvignon	FruitSet	2014	12.7068071886303	4.128051114664743
GSM2627785	M2	Cabernet Sauvignon	FruitSet	2014	12.7958351944988	4.1858537361359
GSM2627786	M2	Cabernet Sauvignon	FruitSet	2014	10.7616109667279	4.0205159880179
GSM2627793	M2	Cabernet Sauvignon	Veraison	2014	-13.2824033246184	-5.081246410941482
GSM2627794	M2	Cabernet Sauvignon	Veraison	2014	-13.9437827562891	-5.061941411385841
GSM2627795	M2	Cabernet Sauvignon	Veraison	2014	-13.1042055952774	-5.056096678435737
GSM2627820	M2	Cabernet Sauvignon	Harvest	2014	-12.8461748224591	-5.152032278494711
GSM2627821	M2	Cabernet Sauvignon	Harvest	2014	-13.2012555125929	-5.222669108573383
GSM2627822	M2	Cabernet Sauvignon	Harvest	2014	-12.9376041796953	-5.148133648080235
GSM2627823	M2	Pinot noir	FruitSet	2012	11.3226623405649	4.506479545249448
GSM2627824	M2	Pinot noir	FruitSet	2012	11.3952246605911	4.764863045411933
GSM2627825	M2	Pinot noir	FruitSet	2012	10.8721489095361	4.468974743474429
GSM2627835	M2	Pinot noir	Veraison	2012	10.5412585914563	4.219842859005594
GSM2627836	M2	Pinot noir	Veraison	2012	11.2579471724373	4.358248367192298
GSM2627837	M2	Pinot noir	Veraison	2012	10.9185904597099	4.169913313253441
GSM2627850	M2	Pinot noir	Harvest	2012	8.91548706222656	3.6883814495762444
GSM2627851	M2	Pinot noir	Harvest	2012	9.11972514524934	3.657739242322423
GSM2627852	M2	Pinot noir	Harvest	2012	8.52953996196751	3.654682056952527
GSM2627853	M2	Pinot noir	FruitSet	2013	12.0241790040974	4.595117777087916
GSM2627854	M2	Pinot noir	FruitSet	2013	11.229657366168	4.527888223999586
GSM2627855	M2	Pinot noir	FruitSet	2013	12.1312204602427	4.586365004712434
GSM2627862	M2	Pinot noir	Veraison	2013	11.1647522614061	4.092452109789693
GSM2627863	M2	Pinot noir	Veraison	2013	10.4863201705243	4.01976360470586
GSM2627864	M2	Pinot noir	Veraison	2013	11.3760822756274	4.193391771609003
GSM2627883	M2	Pinot noir	Harvest	2013	7.57928973668489	3.8966261275934744
GSM2627884	M2	Pinot noir	Harvest	2013	7.98238237979767	3.758711816501456
GSM2627885	M2	Pinot noir	Harvest	2013	7.34544056328348	3.790879777687656
GSM2627886	M2	Pinot noir	FruitSet	2014	12.2653507007201	4.0250007909192025
GSM2627887	M2	Pinot noir	FruitSet	2014	12.8351703667133	4.422374837368291
GSM2627888	M2	Pinot noir	FruitSet	2014	10.7272743020215	4.090079218972489
GSM2627895	M2	Pinot noir	Veraison	2014	11.814436219697	4.150063301728619
GSM2627896	M2	Pinot noir	Veraison	2014	11.3515988515095	4.052258562219511
GSM2627897	M2	Pinot noir	Veraison	2014	12.0427701971169	4.145560620452261
GSM2627919	M2	Pinot noir	Harvest	2014	9.0039472244917	3.6575686702028665
GSM2627920	M2	Pinot noir	Harvest	2014	9.00534950459899	3.694153796327352
GSM2627921	M2	Pinot noir	Harvest	2014	9.17219999839153	3.5964814941229477
GSM2627691	M3	Cabernet Sauvignon	FruitSet	2012	9.18384672022022	3.7374635079847103
GSM2627692	M3	Cabernet Sauvignon	FruitSet	2012	9.09020041497473	3.396965542915441
GSM2627693	M3	Cabernet Sauvignon	FruitSet	2012	8.27738814896162	2.899470856162503
GSM2627709	M3	Cabernet Sauvignon	Veraison	2012	7.46499541101757	3.3568283103017746
GSM2627711	M3	Cabernet Sauvignon	Veraison	2012	7.2038890305124	2.9942388165871674
GSM2627713	M3	Cabernet Sauvignon	Veraison	2012	5.89984030708903	2.9207288855569056
GSM2627739	M3	Cabernet Sauvignon	Harvest	2012	7.00819729936455	3.2948548775824746
GSM2627740	M3	Cabernet Sauvignon	Harvest	2012	5.64738753861467	2.707133970883287
GSM2627741	M3	Cabernet Sauvignon	Harvest	2012	6.45114447118587	3.290749164708182
GSM2627742	M3	Cabernet Sauvignon	FruitSet	2013	6.59093932483327	2.7628189409240487
GSM2627743	M3	Cabernet Sauvignon	FruitSet	2013	6.10027620266781	2.9040085645828397
GSM2627744	M3	Cabernet Sauvignon	FruitSet	2013	6.33998612922058	2.773243015485323
GSM2627754	M3	Cabernet Sauvignon	Veraison	2013	7.36888137284831	2.5985974789644586
GSM2627755	M3	Cabernet Sauvignon	Veraison	2013	7.35019058389475	2.840902246057187
GSM2627756	M3	Cabernet Sauvignon	Veraison	2013	7.6362229326012	2.4032595802529713
GSM2627781	M3	Cabernet Sauvignon	Harvest	2013	-11.4573408562919	-4.385752924656482
GSM2627782	M3	Cabernet Sauvignon	Harvest	2013	-11.6562094877263	-4.556644447704538
GSM2627783	M3	Cabernet Sauvignon	Harvest	2013	-11.7038905365361	-4.595567768263162
GSM2627784	M3	Cabernet Sauvignon	FruitSet	2014	-12.4858198604754	-4.61724692056163
GSM2627785	M3	Cabernet Sauvignon	FruitSet	2014	-12.3772416669154	-4.640723423898607
GSM2627786	M3	Cabernet Sauvignon	FruitSet	2014	-12.135149487078	-4.645953498858757
GSM2627793	M3	Cabernet Sauvignon	Veraison	2014	-12.1370066147732	-4.492928829739364
GSM2627794	M3	Cabernet Sauvignon	Veraison	2014	-12.1316085941802	-4.600569124708133
GSM2627795	M3	Cabernet Sauvignon	Veraison	2014	-12.4839573584654	-4.646140983848362
GSM2627820	M3	Cabernet Sauvignon	Harvest	2014	-11.8632380631523	-4.502192677291704
GSM2627821	M3	Cabernet Sauvignon	Harvest	2014	-12.0194348310432	-4.535843415901041
GSM2627822	M3	Cabernet Sauvignon	Harvest	2014	-11.7146705806653	-4.541680412455882
GSM2627823	M3	Pinot noir	FruitSet	2012	10.0018648047355	3.634526272005904
GSM2627824	M3	Pinot noir	FruitSet	2012	8.8331771674486	3.7954936228529226
GSM2627825	M3	Pinot noir	FruitSet	2012	9.19119963630262	3.296417346536126
GSM2627835	M3	Pinot noir	Veraison	2012	8.24555997916824	2.863804372031789
GSM2627836	M3	Pinot noir	Veraison	2012	8.01685844509551	2.8929508013390532
GSM2627837	M3	Pinot noir	Veraison	2012	9.34606823367571	2.7684595685330504
GSM2627850	M3	Pinot noir	Harvest	2012	7.19803960049187	2.665645560736049
GSM2627851	M3	Pinot noir	Harvest	2012	6.99232408825358	2.8848299144743277
GSM2627852	M3	Pinot noir	Harvest	2012	6.75886653815828	2.8770131238493675
GSM2627853	M3	Pinot noir	FruitSet	2013	6.19443478656977	2.597368953651642
GSM2627854	M3	Pinot noir	FruitSet	2013	5.97398208553877	2.71652884828914
GSM2627855	M3	Pinot noir	FruitSet	2013	5.56970763561919	2.5552600555710536
GSM2627862	M3	Pinot noir	Veraison	2013	6.60502557367289	2.5733287081990985
GSM2627863	M3	Pinot noir	Veraison	2013	7.07681295722255	2.8859292705852595
GSM2627864	M3	Pinot noir	Veraison	2013	7.47931487041773	2.610671589672937
GSM2627883	M3	Pinot noir	Harvest	2013	6.77184030367125	2.6265275981253247
GSM2627884	M3	Pinot noir	Harvest	2013	7.14313938608442	2.6603685847191634
GSM2627885	M3	Pinot noir	Harvest	2013	7.395347127081	2.482902074446941
GSM2627886	M3	Pinot noir	FruitSet	2014	-12.3866262518693	-4.63317454054252
GSM2627887	M3	Pinot noir	FruitSet	2014	-11.9373421794333	-4.593574535011931
GSM2627888	M3	Pinot noir	FruitSet	2014	-12.1080195513923	-4.509585334771538
GSM2627895	M3	Pinot noir	Veraison	2014	-10.5137813992959	-4.562864801196295
GSM2627896	M3	Pinot noir	Veraison	2014	-10.1720598730733	-4.580676465074611
GSM2627897	M3	Pinot noir	Veraison	2014	-10.4530293860955	-4.61237687865003
GSM2627919	M3	Pinot noir	Harvest	2014	-10.4767213897129	-4.668094703105261
GSM2627920	M3	Pinot noir	Harvest	2014	-9.9598406025807	-4.641460974377413
GSM2627921	M3	Pinot noir	Harvest	2014	-10.2339605364583	-4.706237363951146
GSM2627691	M4	Cabernet Sauvignon	FruitSet	2012	-4.19527774764559	-0.22040892440438561
GSM2627692	M4	Cabernet Sauvignon	FruitSet	2012	-4.58602526282578	-0.21423295115079874
GSM2627693	M4	Cabernet Sauvignon	FruitSet	2012	-5.31316449841496	-0.45110044955774026
GSM2627709	M4	Cabernet Sauvignon	Veraison	2012	13.8962670137389	4.316645604288939
GSM2627711	M4	Cabernet Sauvignon	Veraison	2012	13.3192298301905	4.3904048542619
GSM2627713	M4	Cabernet Sauvignon	Veraison	2012	13.5294664153696	4.849434733312452
GSM2627739	M4	Cabernet Sauvignon	Harvest	2012	-8.32527695151864	-4.608351143218986
GSM2627740	M4	Cabernet Sauvignon	Harvest	2012	-6.84878653957109	-4.293766649094191
GSM2627741	M4	Cabernet Sauvignon	Harvest	2012	-11.5931115166342	-5.324381172018086
GSM2627742	M4	Cabernet Sauvignon	FruitSet	2013	0.388617513392831	1.8434868446761876
GSM2627743	M4	Cabernet Sauvignon	FruitSet	2013	0.336525852217355	2.148416444735757
GSM2627744	M4	Cabernet Sauvignon	FruitSet	2013	1.75373188151169	2.169237338544547
GSM2627754	M4	Cabernet Sauvignon	Veraison	2013	12.08939155165	4.213212561893739
GSM2627755	M4	Cabernet Sauvignon	Veraison	2013	13.2306108271189	4.400543041191275
GSM2627756	M4	Cabernet Sauvignon	Veraison	2013	13.4973684425362	4.269816616223456
GSM2627781	M4	Cabernet Sauvignon	Harvest	2013	-10.1438805177044	-4.905823583726269
GSM2627782	M4	Cabernet Sauvignon	Harvest	2013	-11.7182622505917	-5.258851670322946
GSM2627783	M4	Cabernet Sauvignon	Harvest	2013	-12.2882259878167	-5.335719327145224
GSM2627784	M4	Cabernet Sauvignon	FruitSet	2014	-2.03465539333039	0.6414283892679911
GSM2627785	M4	Cabernet Sauvignon	FruitSet	2014	-1.5850682516102	1.0063382076960257
GSM2627786	M4	Cabernet Sauvignon	FruitSet	2014	-1.29058390074484	1.0945005679382969
GSM2627793	M4	Cabernet Sauvignon	Veraison	2014	9.99152710810689	3.721698190118483
GSM2627794	M4	Cabernet Sauvignon	Veraison	2014	10.7973300913248	4.062172837417597
GSM2627795	M4	Cabernet Sauvignon	Veraison	2014	11.3799304056875	4.425985848034669
GSM2627820	M4	Cabernet Sauvignon	Harvest	2014	-6.20091729929615	-3.112030923913895
GSM2627821	M4	Cabernet Sauvignon	Harvest	2014	-6.54278377237984	-3.30320741302683
GSM2627822	M4	Cabernet Sauvignon	Harvest	2014	-8.28328199651206	-3.96487228745732
GSM2627823	M4	Pinot noir	FruitSet	2012	-7.51956914162177	-1.0592325075784292
GSM2627824	M4	Pinot noir	FruitSet	2012	-3.98439545087868	-0.13208633423240815
GSM2627825	M4	Pinot noir	FruitSet	2012	-7.42744612903079	-1.1739601152101136
GSM2627835	M4	Pinot noir	Veraison	2012	12.7036979405699	3.491046094957069
GSM2627836	M4	Pinot noir	Veraison	2012	12.2476576565536	3.4560159511057376
GSM2627837	M4	Pinot noir	Veraison	2012	10.7794674272468	2.8238279543524434
GSM2627850	M4	Pinot noir	Harvest	2012	-6.21134603618652	-3.6948199558264982
GSM2627851	M4	Pinot noir	Harvest	2012	-7.06465830816009	-3.651816525245188
GSM2627852	M4	Pinot noir	Harvest	2012	-9.45277252720528	-4.633210076323011
GSM2627853	M4	Pinot noir	FruitSet	2013	-0.707385787224207	0.7629617725260301
GSM2627854	M4	Pinot noir	FruitSet	2013	-1.55631952714128	0.5427862822074906
GSM2627855	M4	Pinot noir	FruitSet	2013	-1.65174223711376	0.4733343450537443
GSM2627862	M4	Pinot noir	Veraison	2013	11.825327090996	3.709122451041495
GSM2627863	M4	Pinot noir	Veraison	2013	12.2657714681618	3.582616351743437
GSM2627864	M4	Pinot noir	Veraison	2013	11.7509773550108	3.6668065648265538
GSM2627883	M4	Pinot noir	Harvest	2013	-11.853520924718	-4.864314839410201
GSM2627884	M4	Pinot noir	Harvest	2013	-10.1251151642637	-4.765103285916761
GSM2627885	M4	Pinot noir	Harvest	2013	-12.6242154610965	-4.90431198721493
GSM2627886	M4	Pinot noir	FruitSet	2014	-2.28311423323829	0.6623377901012374
GSM2627887	M4	Pinot noir	FruitSet	2014	-0.768109562070902	0.7690392057168355
GSM2627888	M4	Pinot noir	FruitSet	2014	-1.35782822681528	1.121050017786345
GSM2627895	M4	Pinot noir	Veraison	2014	8.80207216814214	3.35012241948347
GSM2627896	M4	Pinot noir	Veraison	2014	9.67346181776576	3.0815713511177902
GSM2627897	M4	Pinot noir	Veraison	2014	9.71177922857986	3.1606890569871355
GSM2627919	M4	Pinot noir	Harvest	2014	-8.77658740993501	-4.047551724460542
GSM2627920	M4	Pinot noir	Harvest	2014	-10.5780828466217	-4.393440331991859
GSM2627921	M4	Pinot noir	Harvest	2014	-9.07869822595344	-3.8940555101614787
GSM2627691	M5	Cabernet Sauvignon	FruitSet	2012	-5.17340835894435	-1.9594539499032455
GSM2627692	M5	Cabernet Sauvignon	FruitSet	2012	2.20251596029912	-0.486892283996172
GSM2627693	M5	Cabernet Sauvignon	FruitSet	2012	-4.70918350407178	-1.871970442240201
GSM2627709	M5	Cabernet Sauvignon	Veraison	2012	-6.97363896078825	-1.948773342281528
GSM2627711	M5	Cabernet Sauvignon	Veraison	2012	-6.45082037472734	-1.8203537776429892
GSM2627713	M5	Cabernet Sauvignon	Veraison	2012	-7.15762199814107	-1.9064563884678112
GSM2627739	M5	Cabernet Sauvignon	Harvest	2012	-2.91180051006465	-0.9837584567832431
GSM2627740	M5	Cabernet Sauvignon	Harvest	2012	-4.24362542890255	-1.4993251990547891
GSM2627741	M5	Cabernet Sauvignon	Harvest	2012	-0.129690255584347	0.5151020878582533
GSM2627742	M5	Cabernet Sauvignon	FruitSet	2013	-3.70894896898065	-1.738268529060177
GSM2627743	M5	Cabernet Sauvignon	FruitSet	2013	-2.25617769261933	-0.8802002315060277
GSM2627744	M5	Cabernet Sauvignon	FruitSet	2013	-0.971514650083735	-1.3747336134027015
GSM2627754	M5	Cabernet Sauvignon	Veraison	2013	-4.8882075738414	-1.5470419614742839
GSM2627755	M5	Cabernet Sauvignon	Veraison	2013	-6.38135276512267	-1.8694604901861462
GSM2627756	M5	Cabernet Sauvignon	Veraison	2013	-4.80945060571116	-1.5651577571051236
GSM2627781	M5	Cabernet Sauvignon	Harvest	2013	-1.05400395531243	0.03384197996300752
GSM2627782	M5	Cabernet Sauvignon	Harvest	2013	-0.0939422218686623	0.39166930913393877
GSM2627783	M5	Cabernet Sauvignon	Harvest	2013	-1.61247656953552	-0.5491753488426208
GSM2627784	M5	Cabernet Sauvignon	FruitSet	2014	-6.0233439424515	-1.7932775838819448
GSM2627785	M5	Cabernet Sauvignon	FruitSet	2014	-6.35400816752884	-1.9253785689019887
GSM2627786	M5	Cabernet Sauvignon	FruitSet	2014	-5.94186860090651	-1.908788554218055
GSM2627793	M5	Cabernet Sauvignon	Veraison	2014	-5.79645596040762	-1.9429045567424608
GSM2627794	M5	Cabernet Sauvignon	Veraison	2014	-6.64434016790001	-1.905447482155791
GSM2627795	M5	Cabernet Sauvignon	Veraison	2014	-5.97687931508704	-1.8420257428070106
GSM2627820	M5	Cabernet Sauvignon	Harvest	2014	-3.93970576578713	-1.7081980395657563
GSM2627821	M5	Cabernet Sauvignon	Harvest	2014	-3.53973368443312	-1.5144475311844663
GSM2627822	M5	Cabernet Sauvignon	Harvest	2014	-3.23408476929745	-1.3298309082816264
GSM2627823	M5	Pinot noir	FruitSet	2012	0.399004495660182	-0.08791076553261178
GSM2627824	M5	Pinot noir	FruitSet	2012	-3.81734704811592	-1.7629717727946297
GSM2627825	M5	Pinot noir	FruitSet	2012	-3.65237987261136	-1.5245370731114238
GSM2627835	M5	Pinot noir	Veraison	2012	-4.47248713216939	-1.781162899532913
GSM2627836	M5	Pinot noir	Veraison	2012	-5.15700236630741	-1.6160994611282842
GSM2627837	M5	Pinot noir	Veraison	2012	3.5305364073844	0.486753004617996
GSM2627850	M5	Pinot noir	Harvest	2012	22.3643273061345	7.705406222598899
GSM2627851	M5	Pinot noir	Harvest	2012	23.659599473007	8.21985593280809
GSM2627852	M5	Pinot noir	Harvest	2012	21.7784370822934	7.8445518392374955
GSM2627853	M5	Pinot noir	FruitSet	2013	-4.06368250394309	-1.6808947515214436
GSM2627854	M5	Pinot noir	FruitSet	2013	-4.61359340609963	-1.741530748376235
GSM2627855	M5	Pinot noir	FruitSet	2013	-3.89986936066777	-1.1726272977900905
GSM2627862	M5	Pinot noir	Veraison	2013	-5.20569291575624	-1.7951951317096941
GSM2627863	M5	Pinot noir	Veraison	2013	-4.0358497559624	-1.6688461814430038
GSM2627864	M5	Pinot noir	Veraison	2013	-3.98125708159714	-1.5170808434759038
GSM2627883	M5	Pinot noir	Harvest	2013	18.6406967132022	6.964583638443461
GSM2627884	M5	Pinot noir	Harvest	2013	20.3494568586327	7.051405264340606
GSM2627885	M5	Pinot noir	Harvest	2013	21.0190766996542	8.09862160209037
GSM2627886	M5	Pinot noir	FruitSet	2014	-6.44579370430383	-1.9459771063078717
GSM2627887	M5	Pinot noir	FruitSet	2014	-5.76671530561685	-1.9876295538900353
GSM2627888	M5	Pinot noir	FruitSet	2014	-6.16450270533301	-1.899820748111265
GSM2627895	M5	Pinot noir	Veraison	2014	-4.52742581001281	-1.3777778025673364
GSM2627896	M5	Pinot noir	Veraison	2014	-4.45665668962371	-1.6032804307828152
GSM2627897	M5	Pinot noir	Veraison	2014	-4.65084905092883	-1.9138550801134695
GSM2627919	M5	Pinot noir	Harvest	2014	16.2273136419211	5.246984644517269
GSM2627920	M5	Pinot noir	Harvest	2014	18.2676016819511	6.372000745702087
GSM2627921	M5	Pinot noir	Harvest	2014	17.4488231570088	6.01774211656371
GSM2627691	M6	Cabernet Sauvignon	FruitSet	2012	21.6240231014206	7.398445726818879
GSM2627692	M6	Cabernet Sauvignon	FruitSet	2012	20.0334050082689	6.67868816544014
GSM2627693	M6	Cabernet Sauvignon	FruitSet	2012	20.7832983962504	7.038804776599419
GSM2627709	M6	Cabernet Sauvignon	Veraison	2012	-2.11275781467388	-0.8502707173982922
GSM2627711	M6	Cabernet Sauvignon	Veraison	2012	-2.45356804425253	-1.193080600432003
GSM2627713	M6	Cabernet Sauvignon	Veraison	2012	-2.70156554054706	-1.249581026029785
GSM2627739	M6	Cabernet Sauvignon	Harvest	2012	-4.89957638831408	-1.7045125265723986
GSM2627740	M6	Cabernet Sauvignon	Harvest	2012	-5.57376464112068	-1.8175213878059762
GSM2627741	M6	Cabernet Sauvignon	Harvest	2012	-4.87918968720922	-1.7886048830991417
GSM2627742	M6	Cabernet Sauvignon	FruitSet	2013	10.455768884651	3.5558544230176317
GSM2627743	M6	Cabernet Sauvignon	FruitSet	2013	10.6360686902178	3.713017685719376
GSM2627744	M6	Cabernet Sauvignon	FruitSet	2013	11.1964340685945	3.6142671513553086
GSM2627754	M6	Cabernet Sauvignon	Veraison	2013	-0.789340084811616	-0.7114902572877948
GSM2627755	M6	Cabernet Sauvignon	Veraison	2013	-2.07011261929014	-1.2890543395863359
GSM2627756	M6	Cabernet Sauvignon	Veraison	2013	-2.64993474213184	-1.5687233100343425
GSM2627781	M6	Cabernet Sauvignon	Harvest	2013	-4.93245704293569	-1.7591329280891945
GSM2627782	M6	Cabernet Sauvignon	Harvest	2013	-4.35244549941488	-1.6874452451398028
GSM2627783	M6	Cabernet Sauvignon	Harvest	2013	-4.55922546248628	-1.7942231044417098
GSM2627784	M6	Cabernet Sauvignon	FruitSet	2014	-0.502649556280228	0.6480489450953059
GSM2627785	M6	Cabernet Sauvignon	FruitSet	2014	-0.668040635664037	0.22624612480660466
GSM2627786	M6	Cabernet Sauvignon	FruitSet	2014	0.196002457306463	0.5045303954605217
GSM2627793	M6	Cabernet Sauvignon	Veraison	2014	0.512304017221781	0.29413480904828093
GSM2627794	M6	Cabernet Sauvignon	Veraison	2014	-1.29291544773217	-0.490213766296238
GSM2627795	M6	Cabernet Sauvignon	Veraison	2014	-0.226831891462234	-0.153583413877834
GSM2627820	M6	Cabernet Sauvignon	Harvest	2014	-4.65152855978248	-1.713329680922299
GSM2627821	M6	Cabernet Sauvignon	Harvest	2014	-5.17940502546721	-1.6866667062606848
GSM2627822	M6	Cabernet Sauvignon	Harvest	2014	-5.03449463858359	-1.5927598075369074
GSM2627823	M6	Pinot noir	FruitSet	2012	12.8528600507756	5.155170619568825
GSM2627824	M6	Pinot noir	FruitSet	2012	12.9198011464998	5.4405298068203205
GSM2627825	M6	Pinot noir	FruitSet	2012	11.9679277121012	4.730066102419296
GSM2627835	M6	Pinot noir	Veraison	2012	-3.40943894772155	-1.5419449658636852
GSM2627836	M6	Pinot noir	Veraison	2012	-3.87143574173556	-1.5013587314307235
GSM2627837	M6	Pinot noir	Veraison	2012	-3.67700710445818	-1.6945687937780451
GSM2627850	M6	Pinot noir	Harvest	2012	-5.18617802145239	-1.747977582480155
GSM2627851	M6	Pinot noir	Harvest	2012	-4.89296760010621	-1.6998446145251875
GSM2627852	M6	Pinot noir	Harvest	2012	-5.13226624499877	-1.8346757355910452
GSM2627853	M6	Pinot noir	FruitSet	2013	0.639401458049554	0.714156175656838
GSM2627854	M6	Pinot noir	FruitSet	2013	0.438166984786558	0.7117330274586741
GSM2627855	M6	Pinot noir	FruitSet	2013	-0.0950050128570289	0.4631796540229045
GSM2627862	M6	Pinot noir	Veraison	2013	-4.37816635443611	-1.5179754661714326
GSM2627863	M6	Pinot noir	Veraison	2013	-4.05760889407974	-1.6656132814447338
GSM2627864	M6	Pinot noir	Veraison	2013	-4.09728462383015	-1.7608078379579835
GSM2627883	M6	Pinot noir	Harvest	2013	-4.20212615145141	-1.6989552463046358
GSM2627884	M6	Pinot noir	Harvest	2013	-4.57787990749673	-1.761196632951927
GSM2627885	M6	Pinot noir	Harvest	2013	-3.76885401858079	-1.6876359265271825
GSM2627886	M6	Pinot noir	FruitSet	2014	-0.697794619343909	0.32048741055121116
GSM2627887	M6	Pinot noir	FruitSet	2014	0.822654854801418	0.6083092838652548
GSM2627888	M6	Pinot noir	FruitSet	2014	-0.408657584158462	0.19983488221627657
GSM2627895	M6	Pinot noir	Veraison	2014	-3.21707822364915	-1.0268257231163753
GSM2627896	M6	Pinot noir	Veraison	2014	-3.46586559446037	-1.1625129279017794
GSM2627897	M6	Pinot noir	Veraison	2014	-3.9861332332836	-1.4765321984010344
GSM2627919	M6	Pinot noir	Harvest	2014	-4.11264586992194	-1.7457291416543734
GSM2627920	M6	Pinot noir	Harvest	2014	-4.13897904461176	-1.7364971212490443
GSM2627921	M6	Pinot noir	Harvest	2014	-4.17494071615192	-1.7046595377809886
GSM2627691	M7	Cabernet Sauvignon	FruitSet	2012	-6.68428719469223	-2.641518227238045
GSM2627692	M7	Cabernet Sauvignon	FruitSet	2012	-0.276142526477007	0.6191517265565133
GSM2627693	M7	Cabernet Sauvignon	FruitSet	2012	-7.95056783951124	-2.694729939918622
GSM2627709	M7	Cabernet Sauvignon	Veraison	2012	-0.629379338518286	-0.6344495632387428
GSM2627711	M7	Cabernet Sauvignon	Veraison	2012	-0.940302106781898	-0.6726527061539594
GSM2627713	M7	Cabernet Sauvignon	Veraison	2012	1.22762029234573	0.1051038709274343
GSM2627739	M7	Cabernet Sauvignon	Harvest	2012	-8.12274471742255	-2.5515511650197813
GSM2627740	M7	Cabernet Sauvignon	Harvest	2012	-5.68127346626711	-2.7060259591015856
GSM2627741	M7	Cabernet Sauvignon	Harvest	2012	-8.42567936760621	-2.7533827271151354
GSM2627742	M7	Cabernet Sauvignon	FruitSet	2013	3.93906572903534	1.8449668744086511
GSM2627743	M7	Cabernet Sauvignon	FruitSet	2013	-0.0988274564129955	-0.17727867452535012
GSM2627744	M7	Cabernet Sauvignon	FruitSet	2013	6.70682348909955	2.614051211667958
GSM2627754	M7	Cabernet Sauvignon	Veraison	2013	-0.43389410120426	-0.275918983526981
GSM2627755	M7	Cabernet Sauvignon	Veraison	2013	-4.02165393393183	-1.9019782728610464
GSM2627756	M7	Cabernet Sauvignon	Veraison	2013	-3.52676626068139	-1.6640650791040734
GSM2627781	M7	Cabernet Sauvignon	Harvest	2013	-8.39834945961254	-2.450452331610146
GSM2627782	M7	Cabernet Sauvignon	Harvest	2013	-8.42184834681745	-2.593189335428113
GSM2627783	M7	Cabernet Sauvignon	Harvest	2013	-8.59512071391582	-2.3443394466746224
GSM2627784	M7	Cabernet Sauvignon	FruitSet	2014	12.2907126619776	4.7484883071029715
GSM2627785	M7	Cabernet Sauvignon	FruitSet	2014	12.0748383863237	4.650286643758871
GSM2627786	M7	Cabernet Sauvignon	FruitSet	2014	12.5498462430015	4.784659568405261
GSM2627793	M7	Cabernet Sauvignon	Veraison	2014	3.98483012848191	1.3242330851906055
GSM2627794	M7	Cabernet Sauvignon	Veraison	2014	0.712742263173845	0.2529661467176721
GSM2627795	M7	Cabernet Sauvignon	Veraison	2014	1.18827347151819	0.7406920177010045
GSM2627820	M7	Cabernet Sauvignon	Harvest	2014	-5.03947553990199	-2.0956821472923917
GSM2627821	M7	Cabernet Sauvignon	Harvest	2014	-4.91778182413194	-1.9874250012591101
GSM2627822	M7	Cabernet Sauvignon	Harvest	2014	-4.78580521110393	-1.9337778417116034
GSM2627823	M7	Pinot noir	FruitSet	2012	-6.91365688567738	-2.2845125916298663
GSM2627824	M7	Pinot noir	FruitSet	2012	0.448606296945137	0.6161655379810125
GSM2627825	M7	Pinot noir	FruitSet	2012	-6.52464713919536	-2.1053022085720543
GSM2627835	M7	Pinot noir	Veraison	2012	2.63847681162866	1.0565198800504216
GSM2627836	M7	Pinot noir	Veraison	2012	3.650927749557	1.123390838944543
GSM2627837	M7	Pinot noir	Veraison	2012	1.06880954453767	0.2887717192166575
GSM2627850	M7	Pinot noir	Harvest	2012	-0.756219269657253	-0.9728679658151782
GSM2627851	M7	Pinot noir	Harvest	2012	-0.701428262800625	-0.9250969890950639
GSM2627852	M7	Pinot noir	Harvest	2012	-2.56972312797632	-2.076723102009954
GSM2627853	M7	Pinot noir	FruitSet	2013	8.83458176401195	3.4221588653918755
GSM2627854	M7	Pinot noir	FruitSet	2013	2.48126250694276	1.6910450631233458
GSM2627855	M7	Pinot noir	FruitSet	2013	-0.523390659614714	-0.08050590378204282
GSM2627862	M7	Pinot noir	Veraison	2013	4.63538473794236	1.5389997049356807
GSM2627863	M7	Pinot noir	Veraison	2013	6.66565282192113	2.2990148485236026
GSM2627864	M7	Pinot noir	Veraison	2013	6.96416860283803	2.6521003935133804
GSM2627883	M7	Pinot noir	Harvest	2013	-7.02552152722754	-2.3096130294194173
GSM2627884	M7	Pinot noir	Harvest	2013	-7.28144814564097	-2.6855734444456023
GSM2627885	M7	Pinot noir	Harvest	2013	-6.92090496167483	-2.3299301636037284
GSM2627886	M7	Pinot noir	FruitSet	2014	11.9946380458462	4.709841133210207
GSM2627887	M7	Pinot noir	FruitSet	2014	13.4722197735394	5.099088043037684
GSM2627888	M7	Pinot noir	FruitSet	2014	12.5974288273345	4.841572031433273
GSM2627895	M7	Pinot noir	Veraison	2014	3.78108085783312	1.1914302173708529
GSM2627896	M7	Pinot noir	Veraison	2014	3.21563845612614	1.059846676842306
GSM2627897	M7	Pinot noir	Veraison	2014	4.08379736630078	1.2128292454946126
GSM2627919	M7	Pinot noir	Harvest	2014	-5.09165248597151	-2.236906650950763
GSM2627920	M7	Pinot noir	Harvest	2014	-6.13259444491831	-2.388675708354527
GSM2627921	M7	Pinot noir	Harvest	2014	-3.81634051291673	-2.013248492048896
GSM2627691	M8	Cabernet Sauvignon	FruitSet	2012	13.5774694936294	4.19701531841019
GSM2627692	M8	Cabernet Sauvignon	FruitSet	2012	16.2905934103208	6.092488343091057
GSM2627693	M8	Cabernet Sauvignon	FruitSet	2012	19.1989132978319	8.837453189495744
GSM2627709	M8	Cabernet Sauvignon	Veraison	2012	-3.76842926866721	-1.1731415597076407
GSM2627711	M8	Cabernet Sauvignon	Veraison	2012	-0.982533378502329	0.4924640652116287
GSM2627713	M8	Cabernet Sauvignon	Veraison	2012	0.0551909759833889	0.9528281852534711
GSM2627739	M8	Cabernet Sauvignon	Harvest	2012	-0.990113239521518	-0.6806651401424679
GSM2627740	M8	Cabernet Sauvignon	Harvest	2012	-1.41761362313134	-0.8934159206205925
GSM2627741	M8	Cabernet Sauvignon	Harvest	2012	-2.18458485538479	-1.1911711062454335
GSM2627742	M8	Cabernet Sauvignon	FruitSet	2013	-3.52827953630106	-1.2980997544676351
GSM2627743	M8	Cabernet Sauvignon	FruitSet	2013	-2.53352590608989	-0.6837147976949516
GSM2627744	M8	Cabernet Sauvignon	FruitSet	2013	-3.79679896431434	-1.4681398194620991
GSM2627754	M8	Cabernet Sauvignon	Veraison	2013	-5.33035870588923	-1.7679395857254407
GSM2627755	M8	Cabernet Sauvignon	Veraison	2013	-4.99414416122565	-1.3491507823059536
GSM2627756	M8	Cabernet Sauvignon	Veraison	2013	-5.08165060101937	-1.6153217370272734
GSM2627781	M8	Cabernet Sauvignon	Harvest	2013	-1.16572236245629	-0.7624779353926074
GSM2627782	M8	Cabernet Sauvignon	Harvest	2013	0.0372016369132738	-0.8157548686015048
GSM2627783	M8	Cabernet Sauvignon	Harvest	2013	0.0183409884811476	-0.6384139509837674
GSM2627784	M8	Cabernet Sauvignon	FruitSet	2014	-4.1106270186222	-1.2067899471934258
GSM2627785	M8	Cabernet Sauvignon	FruitSet	2014	-3.90326693089125	-1.1618719246300508
GSM2627786	M8	Cabernet Sauvignon	FruitSet	2014	-2.76290170405407	-0.7312812875220429
GSM2627793	M8	Cabernet Sauvignon	Veraison	2014	-4.73381091046143	-0.9038007769655853
GSM2627794	M8	Cabernet Sauvignon	Veraison	2014	-4.54061271179157	-1.1021253799838946
GSM2627795	M8	Cabernet Sauvignon	Veraison	2014	-3.82659405588147	-0.8381162395468922
GSM2627820	M8	Cabernet Sauvignon	Harvest	2014	0.384865191237205	0.10154979459060884
GSM2627821	M8	Cabernet Sauvignon	Harvest	2014	-0.63818784855601	-0.5650835598238527
GSM2627822	M8	Cabernet Sauvignon	Harvest	2014	-1.12081542478957	-0.37264096004167313
GSM2627823	M8	Pinot noir	FruitSet	2012	15.0278830121083	4.7525941462691605
GSM2627824	M8	Pinot noir	FruitSet	2012	10.4769982274794	4.081316809294361
GSM2627825	M8	Pinot noir	FruitSet	2012	17.0910103145884	5.894362510138266
GSM2627835	M8	Pinot noir	Veraison	2012	-1.32234116564398	-0.39178690183677434
GSM2627836	M8	Pinot noir	Veraison	2012	-1.54554428993669	-0.2434541591741297
GSM2627837	M8	Pinot noir	Veraison	2012	-2.57828661297894	-1.1689819957575993
GSM2627850	M8	Pinot noir	Harvest	2012	-1.80527520260914	-1.2653308808808583
GSM2627851	M8	Pinot noir	Harvest	2012	-0.975038439916743	-1.1976502498684791
GSM2627852	M8	Pinot noir	Harvest	2012	-0.270247157248438	-0.7879155581391885
GSM2627853	M8	Pinot noir	FruitSet	2013	-1.12041445087524	0.06316249240392036
GSM2627854	M8	Pinot noir	FruitSet	2013	-1.13360173469973	-0.45415799581622834
GSM2627855	M8	Pinot noir	FruitSet	2013	-0.528472408190473	0.39852468727830137
GSM2627862	M8	Pinot noir	Veraison	2013	-2.63744960282755	-0.38807988350506106
GSM2627863	M8	Pinot noir	Veraison	2013	1.24344638958423	0.6184307575457267
GSM2627864	M8	Pinot noir	Veraison	2013	-1.50529925567688	0.27261028377453717
GSM2627883	M8	Pinot noir	Harvest	2013	0.936074285531272	-0.5612925214661628
GSM2627884	M8	Pinot noir	Harvest	2013	0.209169325086879	-0.3938212691196441
GSM2627885	M8	Pinot noir	Harvest	2013	0.182044212013016	-1.034504557227561
GSM2627886	M8	Pinot noir	FruitSet	2014	-1.13782847689317	0.3210501414406861
GSM2627887	M8	Pinot noir	FruitSet	2014	-4.24779171884337	-1.5158635998122885
GSM2627888	M8	Pinot noir	FruitSet	2014	-1.77928367809807	0.1747251093974206
GSM2627895	M8	Pinot noir	Veraison	2014	-5.28563247835219	-1.5967452883710311
GSM2627896	M8	Pinot noir	Veraison	2014	-4.54379568422026	-1.4517219498700507
GSM2627897	M8	Pinot noir	Veraison	2014	-4.9121829011791	-1.3988765361142759
GSM2627919	M8	Pinot noir	Harvest	2014	1.97028249834439	-0.8419596975993446
GSM2627920	M8	Pinot noir	Harvest	2014	1.02880754189187	-0.6828209469270798
GSM2627921	M8	Pinot noir	Harvest	2014	1.01076566471551	-0.6564948080245363
GSM2627691	M9	Cabernet Sauvignon	FruitSet	2012	-2.73387414640159	-1.1365255384415667
GSM2627692	M9	Cabernet Sauvignon	FruitSet	2012	-2.90233988801137	-1.0394996309046225
GSM2627693	M9	Cabernet Sauvignon	FruitSet	2012	-2.38181521789389	-1.3744257046888553
GSM2627709	M9	Cabernet Sauvignon	Veraison	2012	-3.93315326663718	-1.2584546269775667
GSM2627711	M9	Cabernet Sauvignon	Veraison	2012	-3.63045259134248	-1.2428142157695283
GSM2627713	M9	Cabernet Sauvignon	Veraison	2012	-3.27971903895072	-1.382390570076782
GSM2627739	M9	Cabernet Sauvignon	Harvest	2012	-2.49472486454963	-0.8153355435631496
GSM2627740	M9	Cabernet Sauvignon	Harvest	2012	-2.98574497666109	-1.1884160274145494
GSM2627741	M9	Cabernet Sauvignon	Harvest	2012	-2.05807033481083	-0.8711815211412259
GSM2627742	M9	Cabernet Sauvignon	FruitSet	2013	17.37844204708	7.689261945677753
GSM2627743	M9	Cabernet Sauvignon	FruitSet	2013	-0.0172227620208182	0.2625040002695846
GSM2627744	M9	Cabernet Sauvignon	FruitSet	2013	-0.678067685888145	-0.16790714037918614
GSM2627754	M9	Cabernet Sauvignon	Veraison	2013	-2.87545177595548	-1.0533274814645655
GSM2627755	M9	Cabernet Sauvignon	Veraison	2013	-3.61090990946159	-1.2912288862767298
GSM2627756	M9	Cabernet Sauvignon	Veraison	2013	-1.09188287823358	-0.3113273421907535
GSM2627781	M9	Cabernet Sauvignon	Harvest	2013	-0.040586575201846	0.10996158921283426
GSM2627782	M9	Cabernet Sauvignon	Harvest	2013	-1.06643982693998	-0.4414189411764923
GSM2627783	M9	Cabernet Sauvignon	Harvest	2013	0.853388362606014	0.5382908596225414
GSM2627784	M9	Cabernet Sauvignon	FruitSet	2014	0.691033195417807	0.781061063458675
GSM2627785	M9	Cabernet Sauvignon	FruitSet	2014	1.66517701212601	0.5504546984417932
GSM2627786	M9	Cabernet Sauvignon	FruitSet	2014	-0.0154478440347464	-0.1124099698815403
GSM2627793	M9	Cabernet Sauvignon	Veraison	2014	-1.22871589509909	-0.5571962713758782
GSM2627794	M9	Cabernet Sauvignon	Veraison	2014	10.564698385213	4.31362294361158
GSM2627795	M9	Cabernet Sauvignon	Veraison	2014	12.9335102600124	5.059571370915171
GSM2627820	M9	Cabernet Sauvignon	Harvest	2014	0.786435538558504	0.4215477919423119
GSM2627821	M9	Cabernet Sauvignon	Harvest	2014	-2.81292493605673	-1.1595803357359096
GSM2627822	M9	Cabernet Sauvignon	Harvest	2014	3.04965337904146	1.734486737017468
GSM2627823	M9	Pinot noir	FruitSet	2012	-2.54202951564487	-1.242889625972664
GSM2627824	M9	Pinot noir	FruitSet	2012	-2.91333391598536	-1.3522730149137077
GSM2627825	M9	Pinot noir	FruitSet	2012	-2.46381849532448	-1.056385679465535
GSM2627835	M9	Pinot noir	Veraison	2012	-3.04503744630181	-1.306082900192845
GSM2627836	M9	Pinot noir	Veraison	2012	-3.88130397937445	-1.4160908139268042
GSM2627837	M9	Pinot noir	Veraison	2012	-3.31324473719673	-1.3600585552636102
GSM2627850	M9	Pinot noir	Harvest	2012	-2.34811118252266	-0.9964588414994647
GSM2627851	M9	Pinot noir	Harvest	2012	-3.12149382666899	-1.355854085501379
GSM2627852	M9	Pinot noir	Harvest	2012	-2.49227859987245	-1.0469846940717946
GSM2627853	M9	Pinot noir	FruitSet	2013	11.5680278669913	4.259200816614524
GSM2627854	M9	Pinot noir	FruitSet	2013	23.2001022830329	8.534193503593716
GSM2627855	M9	Pinot noir	FruitSet	2013	-2.54584546985969	-1.3397018332975688
GSM2627862	M9	Pinot noir	Veraison	2013	-3.12238841646538	-1.3336239077506495
GSM2627863	M9	Pinot noir	Veraison	2013	-3.21746211072012	-1.2753538614706863
GSM2627864	M9	Pinot noir	Veraison	2013	-3.64473581184541	-1.2668348744294509
GSM2627883	M9	Pinot noir	Harvest	2013	-0.0609741255678685	-0.061137282134185636
GSM2627884	M9	Pinot noir	Harvest	2013	0.0728831351426536	-0.20506600881114648
GSM2627885	M9	Pinot noir	Harvest	2013	-2.42445226860561	-1.1103050713207394
GSM2627886	M9	Pinot noir	FruitSet	2014	0.769507027231886	0.6109517592191726
GSM2627887	M9	Pinot noir	FruitSet	2014	2.33948890624311	1.2640286236109182
GSM2627888	M9	Pinot noir	FruitSet	2014	-0.124482440231167	0.009255197341487286
GSM2627895	M9	Pinot noir	Veraison	2014	-2.91043532631708	-1.3520551518241068
GSM2627896	M9	Pinot noir	Veraison	2014	6.16869633597348	2.136147062001089
GSM2627897	M9	Pinot noir	Veraison	2014	0.320818414625031	-0.20255405030788323
GSM2627919	M9	Pinot noir	Harvest	2014	-3.13135812551661	-1.2375924087002652
GSM2627920	M9	Pinot noir	Harvest	2014	-3.22158194332701	-1.3800205769181193
GSM2627921	M9	Pinot noir	Harvest	2014	-1.9999499977971	-0.9737769773191034
GSM2627691	M10	Cabernet Sauvignon	FruitSet	2012	-7.05666671497361	-3.0561648249497493
GSM2627692	M10	Cabernet Sauvignon	FruitSet	2012	-6.6934540232356	-3.258434117537024
GSM2627693	M10	Cabernet Sauvignon	FruitSet	2012	-7.01164283757351	-3.330992241059325
GSM2627709	M10	Cabernet Sauvignon	Veraison	2012	5.65754501981842	2.1653691007555964
GSM2627711	M10	Cabernet Sauvignon	Veraison	2012	5.50050436980267	2.0938310322580187
GSM2627713	M10	Cabernet Sauvignon	Veraison	2012	4.92608467858936	2.084113896061621
GSM2627739	M10	Cabernet Sauvignon	Harvest	2012	-1.56750513142145	-0.1237490219816967
GSM2627740	M10	Cabernet Sauvignon	Harvest	2012	0.231221767281708	0.09315735716560461
GSM2627741	M10	Cabernet Sauvignon	Harvest	2012	-2.97241245291309	-0.6384747047342243
GSM2627742	M10	Cabernet Sauvignon	FruitSet	2013	-5.52730086374586	-2.681168648214692
GSM2627743	M10	Cabernet Sauvignon	FruitSet	2013	-6.50273037252788	-2.6225052799167337
GSM2627744	M10	Cabernet Sauvignon	FruitSet	2013	-4.42279198909117	-2.3808845231686306
GSM2627754	M10	Cabernet Sauvignon	Veraison	2013	5.45416547312322	2.0964676396800153
GSM2627755	M10	Cabernet Sauvignon	Veraison	2013	6.39958769720865	2.2784369478260276
GSM2627756	M10	Cabernet Sauvignon	Veraison	2013	6.49669128064485	2.3515009878302258
GSM2627781	M10	Cabernet Sauvignon	Harvest	2013	-1.29081890786195	0.037916147011850705
GSM2627782	M10	Cabernet Sauvignon	Harvest	2013	-2.33709134662051	-0.4423439277272819
GSM2627783	M10	Cabernet Sauvignon	Harvest	2013	-2.826946907897	-0.46571983595807387
GSM2627784	M10	Cabernet Sauvignon	FruitSet	2014	-7.30022664863012	-2.3284806233272457
GSM2627785	M10	Cabernet Sauvignon	FruitSet	2014	-7.1238422944557	-2.1035087172837805
GSM2627786	M10	Cabernet Sauvignon	FruitSet	2014	-6.71020331942519	-2.0935233011546637
GSM2627793	M10	Cabernet Sauvignon	Veraison	2014	2.54983734476443	1.3133396205147663
GSM2627794	M10	Cabernet Sauvignon	Veraison	2014	3.59488604709536	1.6246439372121544
GSM2627795	M10	Cabernet Sauvignon	Veraison	2014	3.80786069674212	1.6889726045452023
GSM2627820	M10	Cabernet Sauvignon	Harvest	2014	0.581456841905145	0.6846871521610682
GSM2627821	M10	Cabernet Sauvignon	Harvest	2014	0.282653163224836	0.7020561209993251
GSM2627822	M10	Cabernet Sauvignon	Harvest	2014	-0.391053806306095	0.3397512688204013
GSM2627823	M10	Pinot noir	FruitSet	2012	-6.89215319051636	-2.71721585432992
GSM2627824	M10	Pinot noir	FruitSet	2012	-5.37760273210218	-2.302905231852101
GSM2627825	M10	Pinot noir	FruitSet	2012	-7.63679332354693	-2.6370893620722597
GSM2627835	M10	Pinot noir	Veraison	2012	8.20741098177479	2.7349468945489352
GSM2627836	M10	Pinot noir	Veraison	2012	7.27758296788217	2.455827362688521
GSM2627837	M10	Pinot noir	Veraison	2012	7.86506870755743	2.568439254781524
GSM2627850	M10	Pinot noir	Harvest	2012	3.80264252591537	0.9596942951889608
GSM2627851	M10	Pinot noir	Harvest	2012	3.60692554935411	1.1660414520111697
GSM2627852	M10	Pinot noir	Harvest	2012	2.8015140034359	0.6869609642879823
GSM2627853	M10	Pinot noir	FruitSet	2013	-5.97547693760233	-1.9312407934478255
GSM2627854	M10	Pinot noir	FruitSet	2013	-5.8094159129505	-1.9895329509891488
GSM2627855	M10	Pinot noir	FruitSet	2013	-6.75015531697281	-1.773578835567206
GSM2627862	M10	Pinot noir	Veraison	2013	7.87046572389937	2.2671530684854373
GSM2627863	M10	Pinot noir	Veraison	2013	8.74887456353851	2.6222065399754384
GSM2627864	M10	Pinot noir	Veraison	2013	7.53604476280542	2.2141452422791135
GSM2627883	M10	Pinot noir	Harvest	2013	0.687412490525778	0.17393712259525734
GSM2627884	M10	Pinot noir	Harvest	2013	1.72592683405591	0.5311895069001966
GSM2627885	M10	Pinot noir	Harvest	2013	0.591517077053733	0.16286025128498716
GSM2627886	M10	Pinot noir	FruitSet	2014	-7.55936337288313	-2.437615744764462
GSM2627887	M10	Pinot noir	FruitSet	2014	-6.35061958018538	-2.1306583294895773
GSM2627888	M10	Pinot noir	FruitSet	2014	-6.84584778514718	-2.141591042304838
GSM2627895	M10	Pinot noir	Veraison	2014	4.28526626802064	1.4655540922093444
GSM2627896	M10	Pinot noir	Veraison	2014	5.8990474584154	2.0727475762435392
GSM2627897	M10	Pinot noir	Veraison	2014	5.84902102921449	1.960353999892685
GSM2627919	M10	Pinot noir	Harvest	2014	2.40018221221553	0.6385814654908489
GSM2627920	M10	Pinot noir	Harvest	2014	1.64409910092342	0.5395199292251964
GSM2627921	M10	Pinot noir	Harvest	2014	2.65061913179682	0.8129750808994027
