"Claim_ID"	"Calibrated_claim"	"Evidence_file"	"Boundary"
"C01"	"Five beta10 modules have an FDR-significant Cultivar x Stage interaction; M5 is strongest."	"results/module_statistics_beta10/significant_cultivar_stage_interactions_FDR05.tsv"	"Association, not phenotype causality."
"C02"	"M10 meets the prespecified module-level year-reproducibility rule."	"results/year_robustness_beta10/priority_module_classification.tsv"	"Reproducibility applies to the module-level rule."
"C03"	"M5 Harvest and M2 Veraison/Harvest retain same-direction global-FDR contrasts in all three years."	"results/year_robustness_beta10/stage_year_consistency.tsv"	"Year-dependent global effects can coexist with repeated stage contrasts."
"C04"	"M5 has global MapMan v3 enrichment for phenolic, stilbenoid and PAL categories."	"results/functional_enrichment_beta10/v3_mapman_global_FDR05_hits.tsv"	"Module-wide enrichment does not identify contrast drivers."
"C05"	"The corrected GO layer has six global-FDR hits in M9 and sparse coverage in priority modules."	"results/go_ora_beta10/go_annotation_and_test_qc.tsv; results/go_ora_beta10/go_global_FDR05_hits.tsv"	"No-hit priority modules cannot be interpreted as biological absence."
"C06"	"M5 hub ranking prioritizes a chromosome-16 family plus CuAO- and NAC-labeled candidates without resolving CHS versus STS."	"results/hub_prioritization_beta10/m5_focus_genes.tsv"	"Hub rank and domain labels do not prove enzyme identity or regulation."
"C07"	"Skin-only datasets support a subset of predefined hubs but do not test skin thickness."	"results/external_skin_validation_beta10/primary_external_condition_hubs.tsv"	"External experiments differ in year, condition, stage and platform."
"C08"	"Modern processing moderately preserves the mapped cores of M5, M10 and M2."	"results/fastq_reprocessing_t008/modern_preservation/module_preservation_summary.tsv"	"Preservation is restricted to reciprocal one-to-one mapped genes."
"C09"	"M2 whole-module preservation is not established because only 81 of 214 genes map reciprocally."	"results/fastq_reprocessing_t008/modern_preservation/module_preservation_summary.tsv"	"Unmapped genes are not called absent."
