Module	SampleName	Cultivar	Stage	Year	Eigengene	Fitted	Residual	Standardized_residual	Cooks_D	Leverage	Abs_standardized_residual_over_3	Cooks_D_over_4_per_N
M1	GSM2627691	Cabernet Sauvignon	FruitSet	2012	50.9298737701087	45.6549201198783	5.27495365023044	1.16005618837375	0.0292550078300919	0.148148148148148	FALSE	FALSE
M1	GSM2627692	Cabernet Sauvignon	FruitSet	2012	49.2291775378173	45.6549201198782	3.5742574179391	0.786042818848255	0.0134318111535416	0.148148148148149	FALSE	FALSE
M1	GSM2627693	Cabernet Sauvignon	FruitSet	2012	47.5383479076594	45.654920119878	1.8834277877814	0.414199290732239	0.00372958809658893	0.148148148148149	FALSE	FALSE
M1	GSM2627709	Cabernet Sauvignon	Veraison	2012	2.92712672623832	8.92528356672562	-5.9981568404873	-1.31910144107895	0.0378267089534033	0.148148148148148	FALSE	FALSE
M1	GSM2627711	Cabernet Sauvignon	Veraison	2012	4.25874914066196	8.92528356672593	-4.66653442606397	-1.02625397267294	0.0228955916614565	0.148148148148148	FALSE	FALSE
M1	GSM2627713	Cabernet Sauvignon	Veraison	2012	7.30654476927759	8.92528356672593	-1.61873879744834	-0.355989470970724	0.00275496746613079	0.148148148148148	FALSE	FALSE
M1	GSM2627739	Cabernet Sauvignon	Harvest	2012	-52.7720231044586	-53.1971556535653	0.425132549106659	0.0934942138209576	0.00019002539169563	0.148148148148148	FALSE	FALSE
M1	GSM2627740	Cabernet Sauvignon	Harvest	2012	-51.5601204958878	-53.1971556535653	1.63703515767745	0.360013166213538	0.00281759738798035	0.148148148148148	FALSE	FALSE
M1	GSM2627741	Cabernet Sauvignon	Harvest	2012	-58.6794713548508	-53.1971556535653	-5.48231570128554	-1.20565879391509	0.0316002853770607	0.148148148148148	FALSE	FALSE
M1	GSM2627742	Cabernet Sauvignon	FruitSet	2013	46.5374055138623	42.709130751169	3.82827476269328	0.841905753818967	0.0154088108329018	0.148148148148148	FALSE	FALSE
M1	GSM2627743	Cabernet Sauvignon	FruitSet	2013	48.0491358812133	42.709130751169	5.34000513004427	1.17436216653483	0.029981010830182	0.148148148148148	FALSE	FALSE
M1	GSM2627744	Cabernet Sauvignon	FruitSet	2013	47.6609771696063	42.709130751169	4.95184641843727	1.08899915761982	0.0257808514194928	0.148148148148148	FALSE	FALSE
M1	GSM2627754	Cabernet Sauvignon	Veraison	2013	10.5344623245978	5.97949419801681	4.55496812658099	1.00171855782176	0.0218139145453152	0.148148148148148	FALSE	FALSE
M1	GSM2627755	Cabernet Sauvignon	Veraison	2013	1.49548502300764	5.97949419801681	-4.48400917500917	-0.986113421483203	0.0211395582615067	0.148148148148148	FALSE	FALSE
M1	GSM2627756	Cabernet Sauvignon	Veraison	2013	-2.47087477013405	5.97949419801681	-8.45036896815086	-1.85838653105827	0.0750782717134516	0.148148148148148	FALSE	TRUE
M1	GSM2627781	Cabernet Sauvignon	Harvest	2013	-55.9236494614753	-56.1429450222744	0.219295560799072	0.0482269967200075	5.05618089702524e-05	0.148148148148148	FALSE	FALSE
M1	GSM2627782	Cabernet Sauvignon	Harvest	2013	-56.3210957966677	-56.1429450222744	-0.178150774393327	-0.0391785259173843	3.33686281099815e-05	0.148148148148148	FALSE	FALSE
M1	GSM2627783	Cabernet Sauvignon	Harvest	2013	-56.5034851868569	-56.1429450222744	-0.360540164582527	-0.0792891988848052	0.000136669066517265	0.148148148148148	FALSE	FALSE
M1	GSM2627784	Cabernet Sauvignon	FruitSet	2014	40.7659820014517	48.9428902572053	-8.17690825575363	-1.79824765350061	0.0702977092026186	0.148148148148148	FALSE	FALSE
M1	GSM2627785	Cabernet Sauvignon	FruitSet	2014	40.7517235622118	48.9428902572053	-8.19116669499352	-1.80138333805323	0.0705430854481693	0.148148148148148	FALSE	FALSE
M1	GSM2627786	Cabernet Sauvignon	FruitSet	2014	40.4582000408267	48.9428902572053	-8.48469021637862	-1.86593438437402	0.0756893723215052	0.148148148148148	FALSE	TRUE
M1	GSM2627793	Cabernet Sauvignon	Veraison	2014	23.7969780616052	12.2132537040531	11.5837243575521	2.54746714690222	0.141078018794482	0.148148148148148	FALSE	TRUE
M1	GSM2627794	Cabernet Sauvignon	Veraison	2014	15.9293487879597	12.2132537040531	3.71609508390659	0.817235445942312	0.0145189950892289	0.148148148148148	FALSE	FALSE
M1	GSM2627795	Cabernet Sauvignon	Veraison	2014	17.5762743431731	12.2132537040531	5.36302063911999	1.17942368659779	0.0302400050545203	0.148148148148148	FALSE	FALSE
M1	GSM2627820	Cabernet Sauvignon	Harvest	2014	-47.8136885025541	-49.9091855162381	2.09549701368397	0.460837087798221	0.00461675698892056	0.148148148148148	FALSE	FALSE
M1	GSM2627821	Cabernet Sauvignon	Harvest	2014	-48.360786201652	-49.9091855162381	1.54839931458607	0.340520566826359	0.00252074470503793	0.148148148148148	FALSE	FALSE
M1	GSM2627822	Cabernet Sauvignon	Harvest	2014	-49.8135384718299	-49.9091855162381	0.095647044408167	0.0210344873381978	9.61847081697403e-06	0.148148148148148	FALSE	FALSE
M1	GSM2627823	Pinot noir	FruitSet	2012	45.7020545655472	42.0337561744002	3.66829839114703	0.80672410254556	0.014147908209303	0.148148148148148	FALSE	FALSE
M1	GSM2627824	Pinot noir	FruitSet	2012	49.5323804839967	42.0337561744002	7.49862430959653	1.64908094202065	0.0591188685507763	0.148148148148148	FALSE	FALSE
M1	GSM2627825	Pinot noir	FruitSet	2012	45.0479995676859	42.0337561744002	3.01424339328573	0.662885768009173	0.00955255524845895	0.148148148148148	FALSE	FALSE
M1	GSM2627835	Pinot noir	Veraison	2012	0.715988219987431	4.71200541166506	-3.99601719167763	-0.878795299338983	0.0167887212639194	0.148148148148148	FALSE	FALSE
M1	GSM2627836	Pinot noir	Veraison	2012	5.01717931951452	4.71200541166507	0.305173907849455	0.0671131736513921	9.79169147296068e-05	0.148148148148148	FALSE	FALSE
M1	GSM2627837	Pinot noir	Veraison	2012	-5.9370200134553	4.71200541166507	-10.6490254251204	-2.34191021640931	0.119229205689615	0.148148148148148	FALSE	TRUE
M1	GSM2627850	Pinot noir	Harvest	2012	-45.4742480975716	-48.8131711563401	3.33892305876848	0.73428860491674	0.0117212990284907	0.148148148148148	FALSE	FALSE
M1	GSM2627851	Pinot noir	Harvest	2012	-46.0033642283849	-48.8131711563401	2.80980692795518	0.617926550836601	0.00830072222236562	0.148148148148148	FALSE	FALSE
M1	GSM2627852	Pinot noir	Harvest	2012	-49.8322593255944	-48.8131711563401	-1.01908816925432	-0.224115625582852	0.00109190899196506	0.148148148148148	FALSE	FALSE
M1	GSM2627853	Pinot noir	FruitSet	2013	39.3600024550205	39.0879668056911	0.272035649329444	0.0598254808265673	7.7806264263695e-05	0.148148148148148	FALSE	FALSE
M1	GSM2627854	Pinot noir	FruitSet	2013	36.4310082575211	39.0879668056911	-2.65695854816995	-0.58431247181147	0.00742219705900933	0.148148148148148	FALSE	FALSE
M1	GSM2627855	Pinot noir	FruitSet	2013	38.4171867995593	39.0879668056911	-0.670780006131751	-0.147516461517444	0.000473067530839727	0.148148148148148	FALSE	FALSE
M1	GSM2627862	Pinot noir	Veraison	2013	2.44351117525968	1.76621604295595	0.677295132303726	0.148949253715249	0.000482301743094123	0.148148148148148	FALSE	FALSE
M1	GSM2627863	Pinot noir	Veraison	2013	-0.352635629856875	1.76621604295595	-2.11885167281283	-0.465973192993878	0.00472023949106325	0.148148148148148	FALSE	FALSE
M1	GSM2627864	Pinot noir	Veraison	2013	2.64207006026894	1.76621604295595	0.875854017312986	0.192615886369267	0.000806540862648226	0.148148148148148	FALSE	FALSE
M1	GSM2627883	Pinot noir	Harvest	2013	-52.8116338317292	-51.7589605250492	-1.05267330668001	-0.231501595032338	0.00116506496744601	0.148148148148148	FALSE	FALSE
M1	GSM2627884	Pinot noir	Harvest	2013	-50.3593233792708	-51.7589605250492	1.3996371457784	0.307805118319299	0.00205965197529473	0.148148148148148	FALSE	FALSE
M1	GSM2627885	Pinot noir	Harvest	2013	-53.9058398523982	-51.7589605250492	-2.14687932734901	-0.472136973046973	0.0048459417677817	0.148148148148148	FALSE	FALSE
M1	GSM2627886	Pinot noir	FruitSet	2014	40.47681361227	45.3217263117274	-4.84491269945735	-1.06548252966934	0.0246794135006648	0.148148148148148	FALSE	FALSE
M1	GSM2627887	Pinot noir	FruitSet	2014	44.2274184184467	45.3217263117274	-1.09430789328065	-0.240657781615009	0.00125904712721429	0.148148148148148	FALSE	FALSE
M1	GSM2627888	Pinot noir	FruitSet	2014	40.1354837154083	45.3217263117274	-5.18624259631905	-1.14054704878869	0.0282792950108823	0.148148148148148	FALSE	FALSE
M1	GSM2627895	Pinot noir	Veraison	2014	17.2210143560357	7.99997554899225	9.22103880704345	2.02787054458344	0.0893969335997643	0.148148148148148	FALSE	TRUE
M1	GSM2627896	Pinot noir	Veraison	2014	10.618538270292	7.99997554899225	2.61856272129975	0.575868546135163	0.00720923005277883	0.148148148148148	FALSE	FALSE
M1	GSM2627897	Pinot noir	Veraison	2014	11.0659452527937	7.99997554899225	3.06596970380145	0.674261304287654	0.00988322405347148	0.148148148148148	FALSE	FALSE
M1	GSM2627919	Pinot noir	Harvest	2014	-45.6246276244625	-45.5252010190129	-0.0994266054496	-0.021865680077732	1.03936514187332e-05	0.148148148148148	FALSE	FALSE
M1	GSM2627920	Pinot noir	Harvest	2014	-48.1560114394147	-45.5252010190129	-2.6308104204018	-0.578562033145433	0.00727682665646472	0.148148148148148	FALSE	FALSE
M1	GSM2627921	Pinot noir	Harvest	2014	-46.1246903223802	-45.5252010190129	-0.599489303367298	-0.131838367187306	0.000377855544839455	0.148148148148148	FALSE	FALSE
M10	GSM2627691	Cabernet Sauvignon	FruitSet	2012	-7.05666671497361	-6.22385822012158	-0.83280849485203	-0.778201040802517	0.0131651491283939	0.148148148148148	FALSE	FALSE
M10	GSM2627692	Cabernet Sauvignon	FruitSet	2012	-6.6934540232356	-6.22385822012157	-0.469595803114035	-0.43880429294224	0.00418585233705521	0.148148148148149	FALSE	FALSE
M10	GSM2627693	Cabernet Sauvignon	FruitSet	2012	-7.01164283757351	-6.22385822012154	-0.787784617451975	-0.736129389912461	0.0117801408411499	0.148148148148149	FALSE	FALSE
M10	GSM2627709	Cabernet Sauvignon	Veraison	2012	5.65754501981842	5.1912552989282	0.466289720890217	0.435714991327934	0.0041271207319109	0.148148148148148	FALSE	FALSE
M10	GSM2627711	Cabernet Sauvignon	Veraison	2012	5.50050436980267	5.19125529892818	0.309249070874487	0.288971534643743	0.0018153162572687	0.148148148148148	FALSE	FALSE
M10	GSM2627713	Cabernet Sauvignon	Veraison	2012	4.92608467858936	5.19125529892818	-0.265170620338823	-0.247783318750351	0.00133470810980301	0.148148148148148	FALSE	FALSE
M10	GSM2627739	Cabernet Sauvignon	Harvest	2012	-1.56750513142145	-0.884040188671539	-0.683464942749911	-0.638649981463643	0.00886682171355461	0.148148148148148	FALSE	FALSE
M10	GSM2627740	Cabernet Sauvignon	Harvest	2012	0.231221767281708	-0.884040188671533	1.11526195595324	1.04213396027435	0.0236096345903716	0.148148148148148	FALSE	FALSE
M10	GSM2627741	Cabernet Sauvignon	Harvest	2012	-2.97241245291309	-0.884040188671536	-2.08837226424155	-1.95143719073692	0.0827849371606781	0.148148148148148	FALSE	TRUE
M10	GSM2627742	Cabernet Sauvignon	FruitSet	2013	-5.52730086374586	-6.25720893220733	0.729908068461466	0.682047820210804	0.0101128093272676	0.148148148148148	FALSE	FALSE
M10	GSM2627743	Cabernet Sauvignon	FruitSet	2013	-6.50273037252788	-6.25720893220733	-0.245521440320554	-0.229422540209242	0.00114423265121873	0.148148148148148	FALSE	FALSE
M10	GSM2627744	Cabernet Sauvignon	FruitSet	2013	-4.42279198909117	-6.25720893220733	1.83441694311616	1.71413378132317	0.0638751004407229	0.148148148148148	FALSE	FALSE
M10	GSM2627754	Cabernet Sauvignon	Veraison	2013	5.45416547312322	5.15790458684242	0.2962608862808	0.276834988449245	0.00166603501803682	0.148148148148148	FALSE	FALSE
M10	GSM2627755	Cabernet Sauvignon	Veraison	2013	6.39958769720865	5.15790458684242	1.24168311036623	1.16026564907409	0.0292655734004635	0.148148148148148	FALSE	FALSE
M10	GSM2627756	Cabernet Sauvignon	Veraison	2013	6.49669128064485	5.15790458684242	1.33878669380243	1.25100212710333	0.0340218765655882	0.148148148148148	FALSE	FALSE
M10	GSM2627781	Cabernet Sauvignon	Harvest	2013	-1.29081890786195	-0.917390900757298	-0.373428007104652	-0.34894224253234	0.00264697149181518	0.148148148148148	FALSE	FALSE
M10	GSM2627782	Cabernet Sauvignon	Harvest	2013	-2.33709134662051	-0.917390900757298	-1.41970044586321	-1.3266103449087	0.0382585871134518	0.148148148148148	FALSE	FALSE
M10	GSM2627783	Cabernet Sauvignon	Harvest	2013	-2.826946907897	-0.917390900757298	-1.9095560071397	-1.78434595877993	0.0692150108829187	0.148148148148148	FALSE	FALSE
M10	GSM2627784	Cabernet Sauvignon	FruitSet	2014	-7.30022664863012	-6.96855253555733	-0.331674113072792	-0.309926161411644	0.00208813533755123	0.148148148148148	FALSE	FALSE
M10	GSM2627785	Cabernet Sauvignon	FruitSet	2014	-7.1238422944557	-6.96855253555733	-0.155289758898372	-0.145107371920067	0.000457742377946712	0.148148148148148	FALSE	FALSE
M10	GSM2627786	Cabernet Sauvignon	FruitSet	2014	-6.71020331942519	-6.96855253555733	0.258349216132138	0.241409195664203	0.00126692173372255	0.148148148148148	FALSE	FALSE
M10	GSM2627793	Cabernet Sauvignon	Veraison	2014	2.54983734476443	4.44656098349242	-1.89672363872799	-1.77235501186274	0.0682878758277166	0.148148148148148	FALSE	FALSE
M10	GSM2627794	Cabernet Sauvignon	Veraison	2014	3.59488604709536	4.44656098349242	-0.851674936397058	-0.795830405221031	0.013768392040745	0.148148148148148	FALSE	FALSE
M10	GSM2627795	Cabernet Sauvignon	Veraison	2014	3.80786069674212	4.44656098349242	-0.638700286750298	-0.596820554764225	0.00774336466497995	0.148148148148148	FALSE	FALSE
M10	GSM2627820	Cabernet Sauvignon	Harvest	2014	0.581456841905145	-1.6287345041073	2.21019134601245	2.06526856590866	0.0927246575941394	0.148148148148148	FALSE	TRUE
M10	GSM2627821	Cabernet Sauvignon	Harvest	2014	0.282653163224836	-1.6287345041073	1.91138766733214	1.78605751657138	0.0693478576630678	0.148148148148148	FALSE	FALSE
M10	GSM2627822	Cabernet Sauvignon	Harvest	2014	-0.391053806306095	-1.6287345041073	1.23768069780121	1.15652567566715	0.0290772095321163	0.148148148148148	FALSE	FALSE
M10	GSM2627823	Pinot noir	FruitSet	2012	-6.89215319051636	-6.31814367437136	-0.574009516145003	-0.536371573604034	0.006254227499358	0.148148148148148	FALSE	FALSE
M10	GSM2627824	Pinot noir	FruitSet	2012	-5.37760273210218	-6.31814367437136	0.940540942269177	0.878869445635638	0.0167915544015629	0.148148148148148	FALSE	FALSE
M10	GSM2627825	Pinot noir	FruitSet	2012	-7.63679332354693	-6.31814367437136	-1.31864964917557	-1.23218547335379	0.0330061095813935	0.148148148148148	FALSE	FALSE
M10	GSM2627835	Pinot noir	Veraison	2012	8.20741098177479	7.31921306063031	0.888197921144479	0.829958569041824	0.0149745918766511	0.148148148148148	FALSE	FALSE
M10	GSM2627836	Pinot noir	Veraison	2012	7.27758296788217	7.31921306063031	-0.0416300927481416	-0.0389003975170369	3.28965418909455e-05	0.148148148148148	FALSE	FALSE
M10	GSM2627837	Pinot noir	Veraison	2012	7.86506870755743	7.31921306063031	0.545855646927119	0.510063760387181	0.00565576173174592	0.148148148148148	FALSE	FALSE
M10	GSM2627850	Pinot noir	Harvest	2012	3.80264252591537	2.47166377864902	1.33097874726635	1.24370614950648	0.0336261953547878	0.148148148148148	FALSE	FALSE
M10	GSM2627851	Pinot noir	Harvest	2012	3.60692554935411	2.47166377864902	1.13526177070509	1.06082238234491	0.0244640027583464	0.148148148148148	FALSE	FALSE
M10	GSM2627852	Pinot noir	Harvest	2012	2.8015140034359	2.47166377864902	0.329850224786882	0.308221865920933	0.00206523301373438	0.148148148148148	FALSE	FALSE
M10	GSM2627853	Pinot noir	FruitSet	2013	-5.97547693760233	-6.35149438645712	0.37601744885479	0.351361893961824	0.00268380827235739	0.148148148148148	FALSE	FALSE
M10	GSM2627854	Pinot noir	FruitSet	2013	-5.8094159129505	-6.35149438645712	0.54207847350662	0.506534257139684	0.00557775986208808	0.148148148148148	FALSE	FALSE
M10	GSM2627855	Pinot noir	FruitSet	2013	-6.75015531697281	-6.35149438645712	-0.39866093051569	-0.372520637064024	0.00301677445736058	0.148148148148148	FALSE	FALSE
M10	GSM2627862	Pinot noir	Veraison	2013	7.87046572389937	7.28586234854455	0.584603375354822	0.546270790908081	0.00648721254346391	0.148148148148148	FALSE	FALSE
M10	GSM2627863	Pinot noir	Veraison	2013	8.74887456353851	7.28586234854455	1.46301221499396	1.36708215088198	0.0406285566795674	0.148148148148148	FALSE	FALSE
M10	GSM2627864	Pinot noir	Veraison	2013	7.53604476280542	7.28586234854455	0.250182414260871	0.233777892963122	0.0011880892008321	0.148148148148148	FALSE	FALSE
M10	GSM2627883	Pinot noir	Harvest	2013	0.687412490525778	2.43831306656325	-1.75090057603748	-1.6360936025949	0.0581913538359118	0.148148148148148	FALSE	FALSE
M10	GSM2627884	Pinot noir	Harvest	2013	1.72592683405591	2.43831306656325	-0.712386232507344	-0.665674895270009	0.00963311013462473	0.148148148148148	FALSE	FALSE
M10	GSM2627885	Pinot noir	Harvest	2013	0.591517077053733	2.43831306656325	-1.84679598950952	-1.72570113065618	0.0647400954858269	0.148148148148148	FALSE	FALSE
M10	GSM2627886	Pinot noir	FruitSet	2014	-7.55936337288313	-7.06283798980712	-0.496525383076007	-0.463968093845237	0.00467970417622572	0.148148148148148	FALSE	FALSE
M10	GSM2627887	Pinot noir	FruitSet	2014	-6.35061958018538	-7.06283798980712	0.712218409621742	0.665518076571529	0.00962857196181452	0.148148148148148	FALSE	FALSE
M10	GSM2627888	Pinot noir	FruitSet	2014	-6.84584778514718	-7.06283798980712	0.216990204659942	0.202762104558409	0.000893749370542503	0.148148148148148	FALSE	FALSE
M10	GSM2627895	Pinot noir	Veraison	2014	4.28526626802064	6.57451874519455	-2.28925247717391	-2.13914563961431	0.0994770449452371	0.148148148148148	FALSE	TRUE
M10	GSM2627896	Pinot noir	Veraison	2014	5.8990474584154	6.57451874519455	-0.675471286779147	-0.631180471444571	0.00866062581593458	0.148148148148148	FALSE	FALSE
M10	GSM2627897	Pinot noir	Veraison	2014	5.84902102921449	6.57451874519455	-0.725497715980057	-0.677926655606272	0.00999096848655445	0.148148148148148	FALSE	FALSE
M10	GSM2627919	Pinot noir	Harvest	2014	2.40018221221553	1.72696946321325	0.673212749002278	0.629070026534947	0.00860280648444956	0.148148148148148	FALSE	FALSE
M10	GSM2627920	Pinot noir	Harvest	2014	1.64409910092342	1.72696946321325	-0.0828703622898322	-0.077436532629374	0.000130356882296959	0.148148148148148	FALSE	FALSE
M10	GSM2627921	Pinot noir	Harvest	2014	2.65061913179682	1.72696946321325	0.923649668583568	0.86308573684319	0.0161938475900468	0.148148148148148	FALSE	FALSE
M2	GSM2627691	Cabernet Sauvignon	FruitSet	2012	-11.4950181766504	-5.4060825302853	-6.0889356463651	-1.47653549380581	0.0473947187927908	0.148148148148148	FALSE	FALSE
M2	GSM2627692	Cabernet Sauvignon	FruitSet	2012	-10.9593836284305	-5.40608253028531	-5.55330109814519	-1.34664687811196	0.0394229959636671	0.148148148148149	FALSE	FALSE
M2	GSM2627693	Cabernet Sauvignon	FruitSet	2012	-12.2191548541194	-5.40608253028527	-6.81307232383413	-1.6521349037434	0.0593380378297221	0.148148148148149	FALSE	FALSE
M2	GSM2627709	Cabernet Sauvignon	Veraison	2012	-14.9145019286093	-15.6426599398188	0.728158011209548	0.176574562631776	0.000677795134100067	0.148148148148148	FALSE	FALSE
M2	GSM2627711	Cabernet Sauvignon	Veraison	2012	-14.6028683344517	-15.6426599398188	1.03979160536714	0.252144102130958	0.0013821010486832	0.148148148148148	FALSE	FALSE
M2	GSM2627713	Cabernet Sauvignon	Veraison	2012	-13.8679179207187	-15.6426599398188	1.77474201910014	0.430365787346478	0.00402640675909465	0.148148148148148	FALSE	FALSE
M2	GSM2627739	Cabernet Sauvignon	Harvest	2012	-13.9457238784344	-14.8077471452469	0.862023266812477	0.209036196776835	0.000949915903541826	0.148148148148148	FALSE	FALSE
M2	GSM2627740	Cabernet Sauvignon	Harvest	2012	-13.7339294538867	-14.8077471452469	1.07381769136016	0.260395252512877	0.00147403668546185	0.148148148148148	FALSE	FALSE
M2	GSM2627741	Cabernet Sauvignon	Harvest	2012	-13.9996865626563	-14.8077471452469	0.808060582590564	0.195950524136781	0.000834708867597377	0.148148148148148	FALSE	FALSE
M2	GSM2627742	Cabernet Sauvignon	FruitSet	2013	-11.9387466991214	-5.48584495560465	-6.45290174351675	-1.56479539540409	0.0532301006408223	0.148148148148148	FALSE	FALSE
M2	GSM2627743	Cabernet Sauvignon	FruitSet	2013	-12.6793565101932	-5.48584495560465	-7.19351155458855	-1.74438945528894	0.0661498819939837	0.148148148148148	FALSE	FALSE
M2	GSM2627744	Cabernet Sauvignon	FruitSet	2013	-12.1945360368005	-5.48584495560465	-6.70869108119585	-1.6268229906942	0.0575337618054611	0.148148148148148	FALSE	FALSE
M2	GSM2627754	Cabernet Sauvignon	Veraison	2013	-14.2568216956905	-15.7224223651382	1.4656006694477	0.355400604287376	0.00274586064190938	0.148148148148148	FALSE	FALSE
M2	GSM2627755	Cabernet Sauvignon	Veraison	2013	-14.9181610179646	-15.7224223651382	0.804261347173603	0.195029229140699	0.00082687826563511	0.148148148148148	FALSE	FALSE
M2	GSM2627756	Cabernet Sauvignon	Veraison	2013	-14.4604766676407	-15.7224223651382	1.2619456974975	0.306015323831339	0.00203576909607825	0.148148148148148	FALSE	FALSE
M2	GSM2627781	Cabernet Sauvignon	Harvest	2013	-13.2647462440668	-14.8875095705662	1.62276332649943	0.393511738139846	0.00336633669682267	0.148148148148148	FALSE	FALSE
M2	GSM2627782	Cabernet Sauvignon	Harvest	2013	-13.0782525777954	-14.8875095705662	1.80925699277083	0.438735490469054	0.00418453979558958	0.148148148148148	FALSE	FALSE
M2	GSM2627783	Cabernet Sauvignon	Harvest	2013	-12.8295508585257	-14.8875095705662	2.05795871204053	0.499044374845498	0.0054140280014116	0.148148148148148	FALSE	FALSE
M2	GSM2627784	Cabernet Sauvignon	FruitSet	2014	12.7068071886303	-0.848720032596191	13.5555272212265	3.28714544574638	0.234898373510677	0.148148148148148	TRUE	TRUE
M2	GSM2627785	Cabernet Sauvignon	FruitSet	2014	12.7958351944988	-0.848720032596191	13.644555227095	3.30873427805504	0.237993967886443	0.148148148148148	TRUE	TRUE
M2	GSM2627786	Cabernet Sauvignon	FruitSet	2014	10.7616109667279	-0.848720032596194	11.6103309993241	2.81544539324698	0.172320277442514	0.148148148148148	FALSE	TRUE
M2	GSM2627793	Cabernet Sauvignon	Veraison	2014	-13.2824033246184	-11.0852974421298	-2.19710588248865	-0.532786846101858	0.00617090920389489	0.148148148148148	FALSE	FALSE
M2	GSM2627794	Cabernet Sauvignon	Veraison	2014	-13.9437827562891	-11.0852974421298	-2.85848531415935	-0.693167947570368	0.0104452565986721	0.148148148148148	FALSE	FALSE
M2	GSM2627795	Cabernet Sauvignon	Veraison	2014	-13.1042055952774	-11.0852974421298	-2.01890815314765	-0.489574815696403	0.00521051087313406	0.148148148148148	FALSE	FALSE
M2	GSM2627820	Cabernet Sauvignon	Harvest	2014	-12.8461748224591	-10.2503846475578	-2.59579017490133	-0.629465731010355	0.00861363275035653	0.148148148148148	FALSE	FALSE
M2	GSM2627821	Cabernet Sauvignon	Harvest	2014	-13.2012555125929	-10.2503846475578	-2.95087086503513	-0.715570967228544	0.0111313436769651	0.148148148148148	FALSE	FALSE
M2	GSM2627822	Cabernet Sauvignon	Harvest	2014	-12.9376041796953	-10.2503846475578	-2.68721953213753	-0.651636878641992	0.00923110046970171	0.148148148148148	FALSE	FALSE
M2	GSM2627823	Pinot noir	FruitSet	2012	11.3226623405649	10.1522319881718	1.17043035239313	0.283823324585106	0.00175121042562049	0.148148148148148	FALSE	FALSE
M2	GSM2627824	Pinot noir	FruitSet	2012	11.3952246605911	10.1522319881718	1.24299267241933	0.301419312989999	0.00197507830963833	0.148148148148148	FALSE	FALSE
M2	GSM2627825	Pinot noir	FruitSet	2012	10.8721489095361	10.1522319881718	0.719916921364331	0.174576140843336	0.000662539759820704	0.148148148148148	FALSE	FALSE
M2	GSM2627835	Pinot noir	Veraison	2012	10.5412585914563	9.72455066470839	0.816707926747912	0.198047460500873	0.000852669491540108	0.148148148148148	FALSE	FALSE
M2	GSM2627836	Pinot noir	Veraison	2012	11.2579471724373	9.72455066470839	1.53339650772891	0.371840745449695	0.00300577260818663	0.148148148148148	FALSE	FALSE
M2	GSM2627837	Pinot noir	Veraison	2012	10.9185904597099	9.72455066470839	1.19403979500151	0.289548492664532	0.00182257238270223	0.148148148148148	FALSE	FALSE
M2	GSM2627850	Pinot noir	Harvest	2012	8.91548706222656	7.02450681773139	1.89098024449517	0.458552957568129	0.00457110467161908	0.148148148148148	FALSE	FALSE
M2	GSM2627851	Pinot noir	Harvest	2012	9.11972514524934	7.02450681773139	2.09521832751795	0.508079639452181	0.00561184608751866	0.148148148148148	FALSE	FALSE
M2	GSM2627852	Pinot noir	Harvest	2012	8.52953996196751	7.02450681773139	1.50503314423612	0.364962776071612	0.0028956049547369	0.148148148148148	FALSE	FALSE
M2	GSM2627853	Pinot noir	FruitSet	2013	12.0241790040974	10.0724695628524	1.95170944124499	0.47327947460152	0.00486942306693677	0.148148148148148	FALSE	FALSE
M2	GSM2627854	Pinot noir	FruitSet	2013	11.229657366168	10.0724695628524	1.15718780331559	0.280612074725186	0.00171180731481681	0.148148148148148	FALSE	FALSE
M2	GSM2627855	Pinot noir	FruitSet	2013	12.1312204602427	10.0724695628524	2.05875089739029	0.499236475707542	0.00541819692775842	0.148148148148148	FALSE	FALSE
M2	GSM2627862	Pinot noir	Veraison	2013	11.1647522614061	9.64478823938903	1.51996402201707	0.368583436935455	0.00295334239093809	0.148148148148148	FALSE	FALSE
M2	GSM2627863	Pinot noir	Veraison	2013	10.4863201705243	9.64478823938903	0.841531931135273	0.204067153548247	0.000905291372984431	0.148148148148148	FALSE	FALSE
M2	GSM2627864	Pinot noir	Veraison	2013	11.3760822756274	9.64478823938903	1.73129403623837	0.419829875562296	0.00383167661770985	0.148148148148148	FALSE	FALSE
M2	GSM2627883	Pinot noir	Harvest	2013	7.57928973668489	6.94474439241202	0.634545344272865	0.153873973657027	0.00051472173410877	0.148148148148148	FALSE	FALSE
M2	GSM2627884	Pinot noir	Harvest	2013	7.98238237979767	6.94474439241202	1.03763798738564	0.251621860876581	0.00137638175806508	0.148148148148148	FALSE	FALSE
M2	GSM2627885	Pinot noir	Harvest	2013	7.34544056328348	6.94474439241202	0.400696170871455	0.0971667550595603	0.000205247354104448	0.148148148148148	FALSE	FALSE
M2	GSM2627886	Pinot noir	FruitSet	2014	12.2653507007201	14.7095944858609	-2.44424378514076	-0.592716513013087	0.00763723619126941	0.148148148148148	FALSE	FALSE
M2	GSM2627887	Pinot noir	FruitSet	2014	12.8351703667133	14.7095944858609	-1.87442411914756	-0.454538182550718	0.0044914121607937	0.148148148148148	FALSE	FALSE
M2	GSM2627888	Pinot noir	FruitSet	2014	10.7272743020215	14.7095944858609	-3.98232018383936	-0.96569210788889	0.0202730705921497	0.148148148148148	FALSE	FALSE
M2	GSM2627895	Pinot noir	Veraison	2014	11.814436219697	14.2819131623975	-2.46747694270048	-0.598350433908701	0.00778311395127677	0.148148148148148	FALSE	FALSE
M2	GSM2627896	Pinot noir	Veraison	2014	11.3515988515095	14.2819131623975	-2.93031431088798	-0.710586108857324	0.0109767960456738	0.148148148148148	FALSE	FALSE
M2	GSM2627897	Pinot noir	Veraison	2014	12.0427701971169	14.2819131623975	-2.23914296528058	-0.54298062189507	0.00640930338594688	0.148148148148148	FALSE	FALSE
M2	GSM2627919	Pinot noir	Harvest	2014	9.0039472244917	11.5818693154205	-2.57792209092878	-0.625132812792124	0.00849545725281289	0.148148148148148	FALSE	FALSE
M2	GSM2627920	Pinot noir	Harvest	2014	9.00534950459899	11.5818693154205	-2.57651981082149	-0.624792767097618	0.00848621743081517	0.148148148148148	FALSE	FALSE
M2	GSM2627921	Pinot noir	Harvest	2014	9.17219999839153	11.5818693154205	-2.40966931702895	-0.584332382795349	0.00742270290398459	0.148148148148148	FALSE	FALSE
M3	GSM2627691	Cabernet Sauvignon	FruitSet	2012	9.18384672022022	8.77664998267165	0.407196737548573	0.129296495735848	0.000363425734990655	0.148148148148148	FALSE	FALSE
M3	GSM2627692	Cabernet Sauvignon	FruitSet	2012	9.09020041497473	8.77664998267164	0.313550432303086	0.0995611418139451	0.00021548741215862	0.148148148148149	FALSE	FALSE
M3	GSM2627693	Cabernet Sauvignon	FruitSet	2012	8.27738814896162	8.77664998267164	-0.49926183371002	-0.158529770994688	0.000546341049818005	0.148148148148149	FALSE	FALSE
M3	GSM2627709	Cabernet Sauvignon	Veraison	2012	7.46499541101757	8.50854122090887	-1.0435458098913	-0.33135534722372	0.00238687752464678	0.148148148148148	FALSE	FALSE
M3	GSM2627711	Cabernet Sauvignon	Veraison	2012	7.2038890305124	8.50854122090886	-1.30465219039646	-0.414264017408143	0.00373075382867684	0.148148148148148	FALSE	FALSE
M3	GSM2627713	Cabernet Sauvignon	Veraison	2012	5.89984030708903	8.50854122090885	-2.60870091381982	-0.828336416962509	0.0149161134710063	0.148148148148148	FALSE	FALSE
M3	GSM2627739	Cabernet Sauvignon	Harvest	2012	7.00819729936455	2.12192987459836	4.88626742476619	1.55152828348762	0.0523313046622183	0.148148148148148	FALSE	FALSE
M3	GSM2627740	Cabernet Sauvignon	Harvest	2012	5.64738753861467	2.12192987459837	3.5254576640163	1.11943264714399	0.027241944597648	0.148148148148148	FALSE	FALSE
M3	GSM2627741	Cabernet Sauvignon	Harvest	2012	6.45114447118587	2.12192987459837	4.3292145965875	1.37464823514328	0.0410795167474464	0.148148148148148	FALSE	FALSE
M3	GSM2627742	Cabernet Sauvignon	FruitSet	2013	6.59093932483327	4.66375068023378	1.92718864459949	0.611936971471707	0.00814058384899922	0.148148148148148	FALSE	FALSE
M3	GSM2627743	Cabernet Sauvignon	FruitSet	2013	6.10027620266781	4.66375068023378	1.43652552243403	0.456137534902702	0.00452307501624161	0.148148148148148	FALSE	FALSE
M3	GSM2627744	Cabernet Sauvignon	FruitSet	2013	6.33998612922058	4.66375068023378	1.6762354489868	0.532252225022668	0.00615853110959958	0.148148148148148	FALSE	FALSE
M3	GSM2627754	Cabernet Sauvignon	Veraison	2013	7.36888137284831	4.39564191847101	2.9732394543773	0.944087727099466	0.0193761225317356	0.148148148148148	FALSE	FALSE
M3	GSM2627755	Cabernet Sauvignon	Veraison	2013	7.35019058389475	4.39564191847101	2.95454866542374	0.938152872294925	0.0191332785172874	0.148148148148148	FALSE	FALSE
M3	GSM2627756	Cabernet Sauvignon	Veraison	2013	7.6362229326012	4.39564191847101	3.24058101413019	1.02897624327153	0.0230172197655912	0.148148148148148	FALSE	FALSE
M3	GSM2627781	Cabernet Sauvignon	Harvest	2013	-11.4573408562919	-1.99096942783949	-9.46637142845241	-3.0058410104203	0.196414786520098	0.148148148148148	TRUE	TRUE
M3	GSM2627782	Cabernet Sauvignon	Harvest	2013	-11.6562094877263	-1.99096942783949	-9.66524005988681	-3.06898743273952	0.204753997006807	0.148148148148148	TRUE	TRUE
M3	GSM2627783	Cabernet Sauvignon	Harvest	2013	-11.7038905365361	-1.99096942783949	-9.71292110869661	-3.08412751603496	0.206779185547043	0.148148148148148	TRUE	TRUE
M3	GSM2627784	Cabernet Sauvignon	FruitSet	2014	-12.4858198604754	-10.5789253541023	-1.90689450637312	-0.605493007867171	0.00797003875165291	0.148148148148148	FALSE	FALSE
M3	GSM2627785	Cabernet Sauvignon	FruitSet	2014	-12.3772416669154	-10.5789253541023	-1.79831631281312	-0.571016356543406	0.00708825390087188	0.148148148148148	FALSE	FALSE
M3	GSM2627786	Cabernet Sauvignon	FruitSet	2014	-12.135149487078	-10.5789253541023	-1.55622413297572	-0.494145233541605	0.00530825025721493	0.148148148148148	FALSE	FALSE
M3	GSM2627793	Cabernet Sauvignon	Veraison	2014	-12.1370066147732	-10.8470341158651	-1.28997249890815	-0.40960279964066	0.00364727072768407	0.148148148148148	FALSE	FALSE
M3	GSM2627794	Cabernet Sauvignon	Veraison	2014	-12.1316085941802	-10.8470341158651	-1.28457447831515	-0.40788877523372	0.0036168098469927	0.148148148148148	FALSE	FALSE
M3	GSM2627795	Cabernet Sauvignon	Veraison	2014	-12.4839573584654	-10.8470341158651	-1.63692324260035	-0.519769486197173	0.00587305040829724	0.148148148148148	FALSE	FALSE
M3	GSM2627820	Cabernet Sauvignon	Harvest	2014	-11.8632380631523	-17.2336454621755	5.37040739902325	1.70525643586412	0.0632152067838261	0.148148148148148	FALSE	FALSE
M3	GSM2627821	Cabernet Sauvignon	Harvest	2014	-12.0194348310432	-17.2336454621755	5.21421063113235	1.6556595386612	0.0595914893034746	0.148148148148148	FALSE	FALSE
M3	GSM2627822	Cabernet Sauvignon	Harvest	2014	-11.7146705806653	-17.2336454621755	5.51897488151025	1.75243081889457	0.0667611690219889	0.148148148148148	FALSE	FALSE
M3	GSM2627823	Pinot noir	FruitSet	2012	10.0018648047355	8.85975578346165	1.14210902127385	0.362651958087932	0.00285905310228286	0.148148148148148	FALSE	FALSE
M3	GSM2627824	Pinot noir	FruitSet	2012	8.8331771674486	8.85975578346165	-0.02657861601305	-0.00843946327439849	1.54835957304176e-06	0.148148148148148	FALSE	FALSE
M3	GSM2627825	Pinot noir	FruitSet	2012	9.19119963630262	8.85975578346165	0.33144385284097	0.10524280956552	0.000240783673157486	0.148148148148148	FALSE	FALSE
M3	GSM2627835	Pinot noir	Veraison	2012	8.24555997916824	9.55957703538036	-1.31401705621212	-0.417237627511923	0.00378450516982127	0.148148148148148	FALSE	FALSE
M3	GSM2627836	Pinot noir	Veraison	2012	8.01685844509551	9.55957703538036	-1.54271859028485	-0.48985684126849	0.00521651575951181	0.148148148148148	FALSE	FALSE
M3	GSM2627837	Pinot noir	Veraison	2012	9.34606823367571	9.55957703538036	-0.213508801704649	-0.0677950909807528	9.99168339367075e-05	0.148148148148148	FALSE	FALSE
M3	GSM2627850	Pinot noir	Harvest	2012	7.19803960049187	9.11049538140264	-1.91245578091077	-0.607258870024791	0.00801659424399535	0.148148148148148	FALSE	FALSE
M3	GSM2627851	Pinot noir	Harvest	2012	6.99232408825358	9.11049538140264	-2.11817129314906	-0.672579370898753	0.00983397848170788	0.148148148148148	FALSE	FALSE
M3	GSM2627852	Pinot noir	Harvest	2012	6.75886653815828	9.11049538140264	-2.35162884324436	-0.74670875442997	0.0121211731291817	0.148148148148148	FALSE	FALSE
M3	GSM2627853	Pinot noir	FruitSet	2013	6.19443478656977	4.7468564810238	1.44757830554597	0.459647106548845	0.00459294483823316	0.148148148148148	FALSE	FALSE
M3	GSM2627854	Pinot noir	FruitSet	2013	5.97398208553877	4.7468564810238	1.22712560451497	0.389647130884966	0.00330054101319318	0.148148148148148	FALSE	FALSE
M3	GSM2627855	Pinot noir	FruitSet	2013	5.56970763561919	4.7468564810238	0.822851154595392	0.261278544228733	0.00148405386248448	0.148148148148148	FALSE	FALSE
M3	GSM2627862	Pinot noir	Veraison	2013	6.60502557367289	5.44667773294251	1.15834784073038	0.367808243138882	0.00294093268958502	0.148148148148148	FALSE	FALSE
M3	GSM2627863	Pinot noir	Veraison	2013	7.07681295722255	5.44667773294251	1.63013522428004	0.517614098147922	0.00582444249133666	0.148148148148148	FALSE	FALSE
M3	GSM2627864	Pinot noir	Veraison	2013	7.47931487041773	5.44667773294251	2.03263713747522	0.645419854196995	0.00905579974329717	0.148148148148148	FALSE	FALSE
M3	GSM2627883	Pinot noir	Harvest	2013	6.77184030367125	4.99759607896479	1.77424422470646	0.563372786862633	0.00689975862994283	0.148148148148148	FALSE	FALSE
M3	GSM2627884	Pinot noir	Harvest	2013	7.14313938608442	4.99759607896479	2.14554330711963	0.681270760493211	0.010089779328326	0.148148148148148	FALSE	FALSE
M3	GSM2627885	Pinot noir	Harvest	2013	7.395347127081	4.99759607896479	2.39775104811621	0.761353860629597	0.0126012978499042	0.148148148148148	FALSE	FALSE
M3	GSM2627886	Pinot noir	FruitSet	2014	-12.3866262518693	-10.4958195533123	-1.89080669855704	-0.600384673288624	0.00783612512869321	0.148148148148148	FALSE	FALSE
M3	GSM2627887	Pinot noir	FruitSet	2014	-11.9373421794333	-10.4958195533123	-1.44152262612104	-0.457724256838267	0.0045545977238727	0.148148148148148	FALSE	FALSE
M3	GSM2627888	Pinot noir	FruitSet	2014	-12.1080195513923	-10.4958195533123	-1.61219999808004	-0.511919155914713	0.00569698309113982	0.148148148148148	FALSE	FALSE
M3	GSM2627895	Pinot noir	Veraison	2014	-10.5137813992959	-9.79599830139355	-0.717783097902344	-0.227916460765169	0.00112925898016785	0.148148148148148	FALSE	FALSE
M3	GSM2627896	Pinot noir	Veraison	2014	-10.1720598730733	-9.79599830139355	-0.376061571679745	-0.119410198843517	0.000309973817127137	0.148148148148148	FALSE	FALSE
M3	GSM2627897	Pinot noir	Veraison	2014	-10.4530293860955	-9.79599830139355	-0.657031084701945	-0.208625976113944	0.00094619125890209	0.148148148148148	FALSE	FALSE
M3	GSM2627919	Pinot noir	Harvest	2014	-10.4767213897129	-10.2450799553713	-0.231641434341627	-0.0735527153481313	0.000117608737719201	0.148148148148148	FALSE	FALSE
M3	GSM2627920	Pinot noir	Harvest	2014	-9.9598406025807	-10.2450799553713	0.285239352790571	0.090571572316153	0.000178330645909133	0.148148148148148	FALSE	FALSE
M3	GSM2627921	Pinot noir	Harvest	2014	-10.2339605364583	-10.2450799553713	0.0111194189129713	0.00353073040005534	2.71001242562498e-07	0.148148148148148	FALSE	FALSE
M4	GSM2627691	Cabernet Sauvignon	FruitSet	2012	-4.19527774764559	-2.17210241338466	-2.02317533426093	-1.01527491667326	0.0224083294875195	0.148148148148148	FALSE	FALSE
M4	GSM2627692	Cabernet Sauvignon	FruitSet	2012	-4.58602526282578	-2.17210241338466	-2.41392284944112	-1.21136081402322	0.0318998917771957	0.148148148148149	FALSE	FALSE
M4	GSM2627693	Cabernet Sauvignon	FruitSet	2012	-5.31316449841496	-2.17210241338466	-3.1410620850303	-1.57625564756584	0.0540126492713738	0.148148148148149	FALSE	FALSE
M4	GSM2627709	Cabernet Sauvignon	Veraison	2012	13.8962670137389	12.0786777525235	1.81758926121543	0.91210719826259	0.0180856421983137	0.148148148148148	FALSE	FALSE
M4	GSM2627711	Cabernet Sauvignon	Veraison	2012	13.3192298301905	12.0786777525235	1.24055207766703	0.622536952657312	0.00842504907443157	0.148148148148148	FALSE	FALSE
M4	GSM2627713	Cabernet Sauvignon	Veraison	2012	13.5294664153696	12.0786777525235	1.45078866284613	0.728038402721873	0.0115226068660395	0.148148148148148	FALSE	FALSE
M4	GSM2627739	Cabernet Sauvignon	Harvest	2012	-8.32527695151864	-9.44083874944854	1.1155617979299	0.559814017231925	0.00681286378020319	0.148148148148148	FALSE	FALSE
M4	GSM2627740	Cabernet Sauvignon	Harvest	2012	-6.84878653957109	-9.44083874944854	2.59205220987745	1.30075013610099	0.0367815416644946	0.148148148148148	FALSE	FALSE
M4	GSM2627741	Cabernet Sauvignon	Harvest	2012	-11.5931115166342	-9.44083874944854	-2.15227276718566	-1.0800589140045	0.0253592882113171	0.148148148148148	FALSE	FALSE
M4	GSM2627742	Cabernet Sauvignon	FruitSet	2013	0.388617513392831	-1.58789697166525	1.97651448505808	0.991859452385967	0.0213866342018998	0.148148148148148	FALSE	FALSE
M4	GSM2627743	Cabernet Sauvignon	FruitSet	2013	0.336525852217355	-1.58789697166525	1.9244228238826	0.965718684423993	0.0202741864662089	0.148148148148148	FALSE	FALSE
M4	GSM2627744	Cabernet Sauvignon	FruitSet	2013	1.75373188151169	-1.58789697166525	3.34162885317694	1.6769045658129	0.0611306287574814	0.148148148148148	FALSE	FALSE
M4	GSM2627754	Cabernet Sauvignon	Veraison	2013	12.08939155165	12.6628831942429	-0.573491642592884	-0.287791013357229	0.00180051450802567	0.148148148148148	FALSE	FALSE
M4	GSM2627755	Cabernet Sauvignon	Veraison	2013	13.2306108271189	12.6628831942429	0.567727632876017	0.284898503555485	0.00176450342017728	0.148148148148148	FALSE	FALSE
M4	GSM2627756	Cabernet Sauvignon	Veraison	2013	13.4973684425362	12.6628831942429	0.834485248293316	0.418763478665857	0.00381223589270282	0.148148148148148	FALSE	FALSE
M4	GSM2627781	Cabernet Sauvignon	Harvest	2013	-10.1438805177044	-8.85663330772912	-1.28724720997527	-0.645969620978478	0.00907123372232779	0.148148148148148	FALSE	FALSE
M4	GSM2627782	Cabernet Sauvignon	Harvest	2013	-11.7182622505917	-8.85663330772913	-2.86162894286257	-1.43602980785446	0.0448300349792719	0.148148148148148	FALSE	FALSE
M4	GSM2627783	Cabernet Sauvignon	Harvest	2013	-12.2882259878167	-8.85663330772913	-3.43159268008757	-1.72205043889842	0.0644664720458749	0.148148148148148	FALSE	FALSE
M4	GSM2627784	Cabernet Sauvignon	FruitSet	2014	-2.03465539333039	-1.74863388410005	-0.286021509230336	-0.143532030582348	0.00044785747398026	0.148148148148148	FALSE	FALSE
M4	GSM2627785	Cabernet Sauvignon	FruitSet	2014	-1.5850682516102	-1.74863388410005	0.163565632489853	0.0820809156203997	0.000146462537153982	0.148148148148148	FALSE	FALSE
M4	GSM2627786	Cabernet Sauvignon	FruitSet	2014	-1.29058390074484	-1.74863388410005	0.458049983355213	0.229859790601409	0.0011485983333766	0.148148148148148	FALSE	FALSE
M4	GSM2627793	Cabernet Sauvignon	Veraison	2014	9.99152710810689	12.5021462818081	-2.51061917370119	-1.25988520580146	0.0345067550390738	0.148148148148148	FALSE	FALSE
M4	GSM2627794	Cabernet Sauvignon	Veraison	2014	10.7973300913248	12.5021462818081	-1.70481619048328	-0.855515133278563	0.0159110031145356	0.148148148148148	FALSE	FALSE
M4	GSM2627795	Cabernet Sauvignon	Veraison	2014	11.3799304056875	12.5021462818081	-1.12221587612058	-0.563153183425867	0.00689438060875409	0.148148148148148	FALSE	FALSE
M4	GSM2627820	Cabernet Sauvignon	Harvest	2014	-6.20091729929615	-9.01737022016393	2.81645292086778	1.41335946327795	0.0434257602703766	0.148148148148148	FALSE	FALSE
M4	GSM2627821	Cabernet Sauvignon	Harvest	2014	-6.54278377237984	-9.01737022016393	2.47458644778409	1.24180317297737	0.0335233721829711	0.148148148148148	FALSE	FALSE
M4	GSM2627822	Cabernet Sauvignon	Harvest	2014	-8.28328199651206	-9.01737022016393	0.73408822365187	0.368381992147624	0.00295011504649244	0.148148148148148	FALSE	FALSE
M4	GSM2627823	Pinot noir	FruitSet	2012	-7.51956914162177	-3.36432580090522	-4.15524334071655	-2.08519462701152	0.0945225354895154	0.148148148148148	FALSE	TRUE
M4	GSM2627824	Pinot noir	FruitSet	2012	-3.98439545087868	-3.36432580090522	-0.620069649973456	-0.311164905753655	0.00210486083853654	0.148148148148148	FALSE	FALSE
M4	GSM2627825	Pinot noir	FruitSet	2012	-7.42744612903079	-3.36432580090522	-4.06312032812557	-2.03896522595659	0.0903778085360911	0.148148148148148	FALSE	TRUE
M4	GSM2627835	Pinot noir	Veraison	2012	12.7036979405699	10.748576693335	1.95512124723494	0.981123844166332	0.0209261738606896	0.148148148148148	FALSE	FALSE
M4	GSM2627836	Pinot noir	Veraison	2012	12.2476576565536	10.748576693335	1.49908096321865	0.752272565923837	0.012302478553079	0.148148148148148	FALSE	FALSE
M4	GSM2627837	Pinot noir	Veraison	2012	10.7794674272468	10.748576693335	0.0308907339118459	0.0155016655092734	5.22394855568253e-06	0.148148148148148	FALSE	FALSE
M4	GSM2627850	Pinot noir	Harvest	2012	-6.21134603618652	-9.86533542412803	3.65398938794151	1.83365411219908	0.0730932044170567	0.148148148148148	FALSE	FALSE
M4	GSM2627851	Pinot noir	Harvest	2012	-7.06465830816009	-9.86533542412803	2.80067711596794	1.40544280932616	0.042940641093187	0.148148148148148	FALSE	FALSE
M4	GSM2627852	Pinot noir	Harvest	2012	-9.45277252720528	-9.86533542412803	0.412562896922753	0.207033346889206	0.000931800146177094	0.148148148148148	FALSE	FALSE
M4	GSM2627853	Pinot noir	FruitSet	2013	-0.707385787224207	-2.78012035918581	2.0727345719616	1.04014485754041	0.0235195940145166	0.148148148148148	FALSE	FALSE
M4	GSM2627854	Pinot noir	FruitSet	2013	-1.55631952714128	-2.78012035918581	1.22380083204453	0.614130800597452	0.00819905739657537	0.148148148148148	FALSE	FALSE
M4	GSM2627855	Pinot noir	FruitSet	2013	-1.65174223711376	-2.78012035918581	1.12837812207205	0.56624553713291	0.00697030452875952	0.148148148148148	FALSE	FALSE
M4	GSM2627862	Pinot noir	Veraison	2013	11.825327090996	11.3327821350544	0.492544955941633	0.247170144195216	0.00132811043872791	0.148148148148148	FALSE	FALSE
M4	GSM2627863	Pinot noir	Veraison	2013	12.2657714681618	11.3327821350544	0.932989333107433	0.468195045375898	0.00476536088075085	0.148148148148148	FALSE	FALSE
M4	GSM2627864	Pinot noir	Veraison	2013	11.7509773550108	11.3327821350544	0.418195219956433	0.209859773349563	0.000957415749354999	0.148148148148148	FALSE	FALSE
M4	GSM2627883	Pinot noir	Harvest	2013	-11.853520924718	-9.28112998240862	-2.57239094230938	-1.29088366953538	0.036225666266807	0.148148148148148	FALSE	FALSE
M4	GSM2627884	Pinot noir	Harvest	2013	-10.1251151642637	-9.28112998240862	-0.84398518185508	-0.423530759134331	0.00389952834636745	0.148148148148148	FALSE	FALSE
M4	GSM2627885	Pinot noir	Harvest	2013	-12.6242154610965	-9.28112998240862	-3.34308547868788	-1.67763553327736	0.0611839344024958	0.148148148148148	FALSE	FALSE
M4	GSM2627886	Pinot noir	FruitSet	2014	-2.28311423323829	-2.94085727162062	0.657743038382326	0.330070259941154	0.00236839948907871	0.148148148148148	FALSE	FALSE
M4	GSM2627887	Pinot noir	FruitSet	2014	-0.768109562070902	-2.94085727162062	2.17274770954971	1.09033370089545	0.0258440778110515	0.148148148148148	FALSE	FALSE
M4	GSM2627888	Pinot noir	FruitSet	2014	-1.35782822681528	-2.94085727162062	1.58302904480534	0.794399602614378	0.0137189288833452	0.148148148148148	FALSE	FALSE
M4	GSM2627895	Pinot noir	Veraison	2014	8.80207216814214	11.1720452226196	-2.36997305447742	-1.1893058177686	0.0307488766995267	0.148148148148148	FALSE	FALSE
M4	GSM2627896	Pinot noir	Veraison	2014	9.67346181776576	11.1720452226196	-1.4985834048538	-0.752022879938223	0.0122943133032735	0.148148148148148	FALSE	FALSE
M4	GSM2627897	Pinot noir	Veraison	2014	9.71177922857986	11.1720452226196	-1.4602659940397	-0.732794340813297	0.0116736423027825	0.148148148148148	FALSE	FALSE
M4	GSM2627919	Pinot noir	Harvest	2014	-8.77658740993501	-9.44186689484343	0.665279484908415	0.333852218424541	0.00242298486406494	0.148148148148148	FALSE	FALSE
M4	GSM2627920	Pinot noir	Harvest	2014	-10.5780828466217	-9.44186689484343	-1.13621595177827	-0.570178736479072	0.00706747372897545	0.148148148148148	FALSE	FALSE
M4	GSM2627921	Pinot noir	Harvest	2014	-9.07869822595344	-9.44186689484343	0.363168668889984	0.182246211587149	0.000722036557344957	0.148148148148148	FALSE	FALSE
M5	GSM2627691	Cabernet Sauvignon	FruitSet	2012	-5.17340835894435	-2.5992478297903	-2.57416052915405	-1.46399696790087	0.0465931983048464	0.148148148148148	FALSE	FALSE
M5	GSM2627692	Cabernet Sauvignon	FruitSet	2012	2.20251596029912	-2.59924782979027	4.80176379008939	2.73089714089325	0.162126069437803	0.148148148148149	FALSE	TRUE
M5	GSM2627693	Cabernet Sauvignon	FruitSet	2012	-4.70918350407178	-2.59924782979026	-2.10993567428152	-1.19997933098179	0.0313032694518156	0.148148148148149	FALSE	FALSE
M5	GSM2627709	Cabernet Sauvignon	Veraison	2012	-6.97363896078825	-5.05956225161679	-1.91407670917146	-1.08858886880593	0.0257614288106126	0.148148148148148	FALSE	FALSE
M5	GSM2627711	Cabernet Sauvignon	Veraison	2012	-6.45082037472734	-5.05956225161684	-1.3912581231105	-0.791247340922664	0.0136102685764606	0.148148148148148	FALSE	FALSE
M5	GSM2627713	Cabernet Sauvignon	Veraison	2012	-7.15762199814107	-5.05956225161685	-2.09805974652422	-1.19322515926998	0.0309518756677144	0.148148148148148	FALSE	FALSE
M5	GSM2627739	Cabernet Sauvignon	Harvest	2012	-2.91180051006465	-1.24626174484566	-1.66553876521899	-0.947238400475073	0.019505664942056	0.148148148148148	FALSE	FALSE
M5	GSM2627740	Cabernet Sauvignon	Harvest	2012	-4.24362542890255	-1.24626174484564	-2.99736368405691	-1.70468441865107	0.0631728036346027	0.148148148148148	FALSE	FALSE
M5	GSM2627741	Cabernet Sauvignon	Harvest	2012	-0.129690255584347	-1.24626174484565	1.1165714892613	0.635025382531329	0.0087664616621535	0.148148148148148	FALSE	FALSE
M5	GSM2627742	Cabernet Sauvignon	FruitSet	2013	-3.70894896898065	-3.19103697812155	-0.517911990859097	-0.294551010191425	0.00188609342619107	0.148148148148148	FALSE	FALSE
M5	GSM2627743	Cabernet Sauvignon	FruitSet	2013	-2.25617769261933	-3.19103697812155	0.934859285502223	0.531680578537579	0.00614530951291423	0.148148148148148	FALSE	FALSE
M5	GSM2627744	Cabernet Sauvignon	FruitSet	2013	-0.971514650083735	-3.19103697812155	2.21952232803782	1.26230432082007	0.034639395616544	0.148148148148148	FALSE	FALSE
M5	GSM2627754	Cabernet Sauvignon	Veraison	2013	-4.8882075738414	-5.65135139994811	0.76314382610671	0.434021202189612	0.00409509573804601	0.148148148148148	FALSE	FALSE
M5	GSM2627755	Cabernet Sauvignon	Veraison	2013	-6.38135276512267	-5.65135139994811	-0.73000136517456	-0.415172159263224	0.00374712873537582	0.148148148148148	FALSE	FALSE
M5	GSM2627756	Cabernet Sauvignon	Veraison	2013	-4.80945060571116	-5.65135139994811	0.841900794236949	0.478812488994724	0.00498394346994179	0.148148148148148	FALSE	FALSE
M5	GSM2627781	Cabernet Sauvignon	Harvest	2013	-1.05400395531243	-1.83805089317691	0.784046937864484	0.445909385496942	0.00432250391465782	0.148148148148148	FALSE	FALSE
M5	GSM2627782	Cabernet Sauvignon	Harvest	2013	-0.0939422218686623	-1.83805089317691	1.74410867130825	0.99192329987439	0.0213893876702978	0.148148148148148	FALSE	FALSE
M5	GSM2627783	Cabernet Sauvignon	Harvest	2013	-1.61247656953552	-1.83805089317691	0.225574323641395	0.128290416276338	0.000357791976268608	0.148148148148148	FALSE	FALSE
M5	GSM2627784	Cabernet Sauvignon	FruitSet	2014	-6.0233439424515	-5.18836116718403	-0.834982775267473	-0.474878018443844	0.0049023724435033	0.148148148148148	FALSE	FALSE
M5	GSM2627785	Cabernet Sauvignon	FruitSet	2014	-6.35400816752884	-5.18836116718403	-1.16564700034481	-0.662935995956848	0.00955400292902823	0.148148148148148	FALSE	FALSE
M5	GSM2627786	Cabernet Sauvignon	FruitSet	2014	-5.94186860090651	-5.18836116718403	-0.753507433722483	-0.428540716776122	0.00399232925945636	0.148148148148148	FALSE	FALSE
M5	GSM2627793	Cabernet Sauvignon	Veraison	2014	-5.79645596040762	-7.64867558901059	1.85221962860296	1.05340901993099	0.0241232731146081	0.148148148148148	FALSE	FALSE
M5	GSM2627794	Cabernet Sauvignon	Veraison	2014	-6.64434016790001	-7.64867558901059	1.00433542111057	0.571193596750752	0.00709265489063177	0.148148148148148	FALSE	FALSE
M5	GSM2627795	Cabernet Sauvignon	Veraison	2014	-5.97687931508704	-7.64867558901059	1.67179627392354	0.950797220395716	0.0196525077024396	0.148148148148148	FALSE	FALSE
M5	GSM2627820	Cabernet Sauvignon	Harvest	2014	-3.93970576578713	-3.83537508223939	-0.10433068354774	-0.0593357728249806	7.65376942769067e-05	0.148148148148148	FALSE	FALSE
M5	GSM2627821	Cabernet Sauvignon	Harvest	2014	-3.53973368443312	-3.83537508223939	0.29564139780627	0.168139517746623	0.000614584726697104	0.148148148148148	FALSE	FALSE
M5	GSM2627822	Cabernet Sauvignon	Harvest	2014	-3.23408476929745	-3.83537508223939	0.60129031294194	0.3419705900255	0.00254225835744323	0.148148148148148	FALSE	FALSE
M5	GSM2627823	Pinot noir	FruitSet	2012	0.399004495660182	-3.16468577265069	3.56369026831087	2.02677015992452	0.089299940894793	0.148148148148148	FALSE	TRUE
M5	GSM2627824	Pinot noir	FruitSet	2012	-3.81734704811592	-3.16468577265069	-0.652661275465226	-0.371186690777754	0.00299520781327261	0.148148148148148	FALSE	FALSE
M5	GSM2627825	Pinot noir	FruitSet	2012	-3.65237987261136	-3.16468577265069	-0.487694099960667	-0.277365251902218	0.00167242354266914	0.148148148148148	FALSE	FALSE
M5	GSM2627835	Pinot noir	Veraison	2012	-4.47248713216939	-2.60155299308872	-1.87093413908067	-1.06405248458085	0.0246132106509278	0.148148148148148	FALSE	FALSE
M5	GSM2627836	Pinot noir	Veraison	2012	-5.15700236630741	-2.60155299308872	-2.55544937321869	-1.4533554110729	0.0459183032803237	0.148148148148148	FALSE	FALSE
M5	GSM2627837	Pinot noir	Veraison	2012	3.5305364073844	-2.60155299308872	6.13208940047312	3.48749046048808	0.264404124173812	0.148148148148148	TRUE	TRUE
M5	GSM2627850	Pinot noir	Harvest	2012	22.3643273061345	21.0331155634422	1.33121174269227	0.757097287781032	0.0124607891992477	0.148148148148148	FALSE	FALSE
M5	GSM2627851	Pinot noir	Harvest	2012	23.659599473007	21.0331155634422	2.62648390956477	1.49375473529885	0.0485065915049505	0.148148148148148	FALSE	FALSE
M5	GSM2627852	Pinot noir	Harvest	2012	21.7784370822934	21.0331155634422	0.745321518851174	0.423885158424045	0.00390605712026473	0.148148148148148	FALSE	FALSE
M5	GSM2627853	Pinot noir	FruitSet	2013	-4.06368250394309	-3.75647492098196	-0.307207582961127	-0.17471753019189	0.000663613377312041	0.148148148148148	FALSE	FALSE
M5	GSM2627854	Pinot noir	FruitSet	2013	-4.61359340609963	-3.75647492098196	-0.857118485117668	-0.487467214702582	0.00516574533499769	0.148148148148148	FALSE	FALSE
M5	GSM2627855	Pinot noir	FruitSet	2013	-3.89986936066777	-3.75647492098196	-0.143394439685807	-0.0815524216676783	0.000144582553910061	0.148148148148148	FALSE	FALSE
M5	GSM2627862	Pinot noir	Veraison	2013	-5.20569291575624	-3.19334214141999	-2.01235077433625	-1.14448007364537	0.0284746660645937	0.148148148148148	FALSE	FALSE
M5	GSM2627863	Pinot noir	Veraison	2013	-4.0358497559624	-3.19334214141999	-0.842507614542411	-0.479157604645902	0.0049911306541304	0.148148148148148	FALSE	FALSE
M5	GSM2627864	Pinot noir	Veraison	2013	-3.98125708159714	-3.19334214141999	-0.787914940177151	-0.448109226413405	0.00436525823471348	0.148148148148148	FALSE	FALSE
M5	GSM2627883	Pinot noir	Harvest	2013	18.6406967132022	20.441326415111	-1.80062970190876	-1.02406838814088	0.022798175295423	0.148148148148148	FALSE	FALSE
M5	GSM2627884	Pinot noir	Harvest	2013	20.3494568586327	20.441326415111	-0.0918695564782557	-0.0522487819245537	5.93464176652081e-05	0.148148148148148	FALSE	FALSE
M5	GSM2627885	Pinot noir	Harvest	2013	21.0190766996542	20.441326415111	0.577750284543245	0.32858271859725	0.00234710006436434	0.148148148148148	FALSE	FALSE
M5	GSM2627886	Pinot noir	FruitSet	2014	-6.44579370430383	-5.75379911004444	-0.691994594259392	-0.393556647429626	0.00336710510295754	0.148148148148148	FALSE	FALSE
M5	GSM2627887	Pinot noir	FruitSet	2014	-5.76671530561685	-5.75379911004444	-0.0129161955724126	-0.00734580106433412	1.17306072340809e-06	0.148148148148148	FALSE	FALSE
M5	GSM2627888	Pinot noir	FruitSet	2014	-6.16450270533301	-5.75379911004444	-0.410703595288572	-0.233578602188439	0.00118606442174576	0.148148148148148	FALSE	FALSE
M5	GSM2627895	Pinot noir	Veraison	2014	-4.52742581001281	-5.19066633048247	0.663240520469656	0.377203402802413	0.0030930958062113	0.148148148148148	FALSE	FALSE
M5	GSM2627896	Pinot noir	Veraison	2014	-4.45665668962371	-5.19066633048247	0.734009640858756	0.417451777562748	0.00378839101283257	0.148148148148148	FALSE	FALSE
M5	GSM2627897	Pinot noir	Veraison	2014	-4.65084905092883	-5.19066633048247	0.539817279553635	0.307009159505189	0.00204901356565397	0.148148148148148	FALSE	FALSE
M5	GSM2627919	Pinot noir	Harvest	2014	16.2273136419211	18.4440022260485	-2.21668858412738	-1.26069269153522	0.0345510013584853	0.148148148148148	FALSE	FALSE
M5	GSM2627920	Pinot noir	Harvest	2014	18.2676016819511	18.4440022260485	-0.176400544097383	-0.100323914833509	0.000218801910598288	0.148148148148148	FALSE	FALSE
M5	GSM2627921	Pinot noir	Harvest	2014	17.4488231570088	18.4440022260485	-0.995179069039683	-0.565986123667004	0.00696391939529567	0.148148148148148	FALSE	FALSE
M6	GSM2627691	Cabernet Sauvignon	FruitSet	2012	21.6240231014206	13.2722344704588	8.35178863096184	2.2304476631865	0.108149929961176	0.148148148148148	FALSE	TRUE
M6	GSM2627692	Cabernet Sauvignon	FruitSet	2012	20.0334050082689	13.2722344704587	6.76117053781016	1.80565357827157	0.0708779314070637	0.148148148148149	FALSE	FALSE
M6	GSM2627693	Cabernet Sauvignon	FruitSet	2012	20.7832983962504	13.2722344704587	7.51106392579168	2.0059218116727	0.0874722242292242	0.148148148148149	FALSE	TRUE
M6	GSM2627709	Cabernet Sauvignon	Veraison	2012	-2.11275781467388	1.32345307240926	-3.43621088708314	-0.917682293215307	0.0183074085061066	0.148148148148148	FALSE	FALSE
M6	GSM2627711	Cabernet Sauvignon	Veraison	2012	-2.45356804425253	1.32345307240928	-3.77702111666181	-1.00869984810597	0.0221190300775872	0.148148148148148	FALSE	FALSE
M6	GSM2627713	Cabernet Sauvignon	Veraison	2012	-2.70156554054706	1.32345307240927	-4.02501861295633	-1.0749306233959	0.0251190401111805	0.148148148148148	FALSE	FALSE
M6	GSM2627739	Cabernet Sauvignon	Harvest	2012	-4.89957638831408	-2.04069856955011	-2.85887781876397	-0.763498411173686	0.0126723874753205	0.148148148148148	FALSE	FALSE
M6	GSM2627740	Cabernet Sauvignon	Harvest	2012	-5.57376464112068	-2.0406985695501	-3.53306607157058	-0.943548659026654	0.0193540015641521	0.148148148148148	FALSE	FALSE
M6	GSM2627741	Cabernet Sauvignon	Harvest	2012	-4.87918968720922	-2.0406985695501	-2.83849111765912	-0.758053892418645	0.0124922979089361	0.148148148148148	FALSE	FALSE
M6	GSM2627742	Cabernet Sauvignon	FruitSet	2013	10.455768884651	9.79689002789044	0.658878856760565	0.175961685732383	0.000673098148821342	0.148148148148148	FALSE	FALSE
M6	GSM2627743	Cabernet Sauvignon	FruitSet	2013	10.6360686902178	9.79689002789044	0.839178662327364	0.224112961796601	0.00109188303576619	0.148148148148148	FALSE	FALSE
M6	GSM2627744	Cabernet Sauvignon	FruitSet	2013	11.1964340685945	9.79689002789043	1.39954404070407	0.37376541397881	0.00303696923232068	0.148148148148148	FALSE	FALSE
M6	GSM2627754	Cabernet Sauvignon	Veraison	2013	-0.789340084811616	-2.15189137015902	1.3625512853474	0.363886044614239	0.00287854464054339	0.148148148148148	FALSE	FALSE
M6	GSM2627755	Cabernet Sauvignon	Veraison	2013	-2.07011261929014	-2.15189137015902	0.0817787508688803	0.0218400191663852	1.03692703736538e-05	0.148148148148148	FALSE	FALSE
M6	GSM2627756	Cabernet Sauvignon	Veraison	2013	-2.64993474213184	-2.15189137015902	-0.498043371972819	-0.133008595435965	0.000384593183909746	0.148148148148148	FALSE	FALSE
M6	GSM2627781	Cabernet Sauvignon	Harvest	2013	-4.93245704293569	-5.5160430121184	0.583585969182711	0.155853795964913	0.000528052298188536	0.148148148148148	FALSE	FALSE
M6	GSM2627782	Cabernet Sauvignon	Harvest	2013	-4.35244549941488	-5.5160430121184	1.16359751270352	0.310752997684557	0.00209929186021604	0.148148148148148	FALSE	FALSE
M6	GSM2627783	Cabernet Sauvignon	Harvest	2013	-4.55922546248628	-5.5160430121184	0.956817549632121	0.255529870543074	0.00141946771173391	0.148148148148148	FALSE	FALSE
M6	GSM2627784	Cabernet Sauvignon	FruitSet	2014	-0.502649556280228	8.18231230657263	-8.68496186285286	-2.31942566410868	0.116950769811435	0.148148148148148	FALSE	TRUE
M6	GSM2627785	Cabernet Sauvignon	FruitSet	2014	-0.668040635664037	8.18231230657264	-8.85035294223667	-2.36359538185704	0.121447459329042	0.148148148148148	FALSE	TRUE
M6	GSM2627786	Cabernet Sauvignon	FruitSet	2014	0.196002457306463	8.18231230657263	-7.98630984926617	-2.13284206867285	0.0988916367369713	0.148148148148148	FALSE	TRUE
M6	GSM2627793	Cabernet Sauvignon	Veraison	2014	0.512304017221781	-3.76646909147682	4.2787731086986	1.14269887604937	0.0283861026374891	0.148148148148148	FALSE	FALSE
M6	GSM2627794	Cabernet Sauvignon	Veraison	2014	-1.29291544773217	-3.76646909147682	2.47355364374465	0.660592860791942	0.00948658538541919	0.148148148148148	FALSE	FALSE
M6	GSM2627795	Cabernet Sauvignon	Veraison	2014	-0.226831891462234	-3.76646909147682	3.53963720001459	0.945303559531211	0.0194260612970082	0.148148148148148	FALSE	FALSE
M6	GSM2627820	Cabernet Sauvignon	Harvest	2014	-4.65152855978248	-7.1306207334362	2.47909217365372	0.662071993183701	0.0095291157425704	0.148148148148148	FALSE	FALSE
M6	GSM2627821	Cabernet Sauvignon	Harvest	2014	-5.17940502546721	-7.1306207334362	1.95121570796899	0.521096103902598	0.00590306846744493	0.148148148148148	FALSE	FALSE
M6	GSM2627822	Cabernet Sauvignon	Harvest	2014	-5.03449463858359	-7.1306207334362	2.09612609485261	0.559796201340145	0.00681243015293165	0.148148148148148	FALSE	FALSE
M6	GSM2627823	Pinot noir	FruitSet	2012	12.8528600507756	7.12612831222421	5.72673173855139	1.52939400029774	0.050848826264059	0.148148148148148	FALSE	FALSE
M6	GSM2627824	Pinot noir	FruitSet	2012	12.9198011464998	7.12612831222421	5.79367283427559	1.54727144154136	0.0520445416045539	0.148148148148148	FALSE	FALSE
M6	GSM2627825	Pinot noir	FruitSet	2012	11.9679277121012	7.12612831222421	4.84179939987699	1.29306195765513	0.036348026659455	0.148148148148148	FALSE	FALSE
M6	GSM2627835	Pinot noir	Veraison	2012	-3.40943894772155	-0.9404687664768	-2.46897018124475	-0.659368790874235	0.00945146092128154	0.148148148148148	FALSE	FALSE
M6	GSM2627836	Pinot noir	Veraison	2012	-3.87143574173556	-0.9404687664768	-2.93096697525876	-0.782750705233044	0.0133195362291919	0.148148148148148	FALSE	FALSE
M6	GSM2627837	Pinot noir	Veraison	2012	-3.67700710445818	-0.9404687664768	-2.73653833798138	-0.730826151244191	0.011611018768313	0.148148148148148	FALSE	FALSE
M6	GSM2627850	Pinot noir	Harvest	2012	-5.18617802145239	-1.61011530615653	-3.57606271529586	-0.955031440471384	0.0198279359193228	0.148148148148148	FALSE	FALSE
M6	GSM2627851	Pinot noir	Harvest	2012	-4.89296760010621	-1.61011530615653	-3.28285229394968	-0.876725998606029	0.0167097494919943	0.148148148148148	FALSE	FALSE
M6	GSM2627852	Pinot noir	Harvest	2012	-5.13226624499877	-1.61011530615653	-3.52215093884224	-0.940633638859952	0.0192346009251068	0.148148148148148	FALSE	FALSE
M6	GSM2627853	Pinot noir	FruitSet	2013	0.639401458049554	3.65078386965591	-3.01138241160636	-0.80422663452329	0.0140604452103621	0.148148148148148	FALSE	FALSE
M6	GSM2627854	Pinot noir	FruitSet	2013	0.438166984786558	3.65078386965591	-3.21261688486935	-0.857968770546472	0.0160024002441962	0.148148148148148	FALSE	FALSE
M6	GSM2627855	Pinot noir	FruitSet	2013	-0.0950050128570289	3.65078386965591	-3.74578888251294	-1.00035889663419	0.0217547374364168	0.148148148148148	FALSE	FALSE
M6	GSM2627862	Pinot noir	Veraison	2013	-4.37816635443611	-4.4158132090451	0.037646854608989	0.0100540545982748	2.19747856228459e-06	0.148148148148148	FALSE	FALSE
M6	GSM2627863	Pinot noir	Veraison	2013	-4.05760889407974	-4.4158132090451	0.358204314965359	0.0956628588870061	0.000198943099357288	0.148148148148148	FALSE	FALSE
M6	GSM2627864	Pinot noir	Veraison	2013	-4.09728462383015	-4.4158132090451	0.318528585214949	0.0850669682799386	0.000157312806355219	0.148148148148148	FALSE	FALSE
M6	GSM2627883	Pinot noir	Harvest	2013	-4.20212615145141	-5.08545974872483	0.883333597273416	0.235905079128626	0.00120980883388442	0.148148148148148	FALSE	FALSE
M6	GSM2627884	Pinot noir	Harvest	2013	-4.57787990749673	-5.08545974872482	0.507579841228095	0.135555426600565	0.000399462471323067	0.148148148148148	FALSE	FALSE
M6	GSM2627885	Pinot noir	Harvest	2013	-3.76885401858079	-5.08545974872483	1.31660573014404	0.351615720164546	0.00268768727536592	0.148148148148148	FALSE	FALSE
M6	GSM2627886	Pinot noir	FruitSet	2014	-0.697794619343909	2.03620614833811	-2.73400076768202	-0.730148461949781	0.0115894951410354	0.148148148148148	FALSE	FALSE
M6	GSM2627887	Pinot noir	FruitSet	2014	0.822654854801418	2.03620614833811	-1.21355129353669	-0.324093767985378	0.00228340805319479	0.148148148148148	FALSE	FALSE
M6	GSM2627888	Pinot noir	FruitSet	2014	-0.408657584158462	2.03620614833811	-2.44486373249657	-0.652930867855115	0.0092677982216964	0.148148148148148	FALSE	FALSE
M6	GSM2627895	Pinot noir	Veraison	2014	-3.21707822364915	-6.0303909303629	2.81331270671375	0.751329688737573	0.0122716587212717	0.148148148148148	FALSE	FALSE
M6	GSM2627896	Pinot noir	Veraison	2014	-3.46586559446037	-6.0303909303629	2.56452533590253	0.684887967763093	0.0101972071388404	0.148148148148148	FALSE	FALSE
M6	GSM2627897	Pinot noir	Veraison	2014	-3.9861332332836	-6.0303909303629	2.0442576970793	0.545944109085579	0.00647945587489668	0.148148148148148	FALSE	FALSE
M6	GSM2627919	Pinot noir	Harvest	2014	-4.11264586992194	-6.70003747004263	2.58739160012069	0.690994684281531	0.0103798620370724	0.148148148148148	FALSE	FALSE
M6	GSM2627920	Pinot noir	Harvest	2014	-4.13897904461176	-6.70003747004263	2.56105842543087	0.683962086769011	0.0101696551334222	0.148148148148148	FALSE	FALSE
M6	GSM2627921	Pinot noir	Harvest	2014	-4.17494071615192	-6.70003747004263	2.52509675389071	0.67435808099309	0.00988606133479746	0.148148148148148	FALSE	FALSE
M7	GSM2627691	Cabernet Sauvignon	FruitSet	2012	-6.68428719469223	0.99785069095106	-7.68213788564329	-1.96298717309467	0.0837677965594388	0.148148148148148	FALSE	TRUE
M7	GSM2627692	Cabernet Sauvignon	FruitSet	2012	-0.276142526477007	0.997850690951067	-1.27399321742807	-0.325538591164131	0.00230381248558973	0.148148148148149	FALSE	FALSE
M7	GSM2627693	Cabernet Sauvignon	FruitSet	2012	-7.95056783951124	0.997850690951062	-8.9484185304623	-2.28655500021778	0.113659429761325	0.148148148148149	FALSE	TRUE
M7	GSM2627709	Cabernet Sauvignon	Veraison	2012	-0.629379338518286	-2.88992609548698	2.26054675696869	0.577628826007294	0.00725337088336011	0.148148148148148	FALSE	FALSE
M7	GSM2627711	Cabernet Sauvignon	Veraison	2012	-0.940302106781898	-2.88992609548696	1.94962398870506	0.498179925843029	0.00539528779376012	0.148148148148148	FALSE	FALSE
M7	GSM2627713	Cabernet Sauvignon	Veraison	2012	1.22762029234573	-2.88992609548695	4.11754638783268	1.05214080562692	0.0240652233666363	0.148148148148148	FALSE	FALSE
M7	GSM2627739	Cabernet Sauvignon	Harvest	2012	-8.12274471742255	-9.55098710228491	1.42824238486236	0.364953288171835	0.0028954544032051	0.148148148148148	FALSE	FALSE
M7	GSM2627740	Cabernet Sauvignon	Harvest	2012	-5.68127346626711	-9.55098710228491	3.86971363601779	0.988813054924276	0.021255462121493	0.148148148148148	FALSE	FALSE
M7	GSM2627741	Cabernet Sauvignon	Harvest	2012	-8.42567936760621	-9.55098710228491	1.1253077346787	0.287545561123904	0.00179744455917524	0.148148148148148	FALSE	FALSE
M7	GSM2627742	Cabernet Sauvignon	FruitSet	2013	3.93906572903534	2.78234094831918	1.15672478071616	0.295573438168824	0.00189920994241173	0.148148148148148	FALSE	FALSE
M7	GSM2627743	Cabernet Sauvignon	FruitSet	2013	-0.0988274564129955	2.78234094831918	-2.88116840473217	-0.73621389074316	0.01178284549833	0.148148148148148	FALSE	FALSE
M7	GSM2627744	Cabernet Sauvignon	FruitSet	2013	6.70682348909955	2.78234094831918	3.92448254078037	1.00280794269299	0.0218613863027859	0.148148148148148	FALSE	FALSE
M7	GSM2627754	Cabernet Sauvignon	Veraison	2013	-0.43389410120426	-1.10543583811884	0.671541736914581	0.171596479441562	0.000640116342537794	0.148148148148148	FALSE	FALSE
M7	GSM2627755	Cabernet Sauvignon	Veraison	2013	-4.02165393393183	-1.10543583811884	-2.91621809581299	-0.745170003616525	0.0120712681367359	0.148148148148148	FALSE	FALSE
M7	GSM2627756	Cabernet Sauvignon	Veraison	2013	-3.52676626068139	-1.10543583811884	-2.42133042256255	-0.618713258219025	0.00832187164991309	0.148148148148148	FALSE	FALSE
M7	GSM2627781	Cabernet Sauvignon	Harvest	2013	-8.39834945961254	-7.76649684491679	-0.631852614695746	-0.161454870557848	0.000566688591888073	0.148148148148148	FALSE	FALSE
M7	GSM2627782	Cabernet Sauvignon	Harvest	2013	-8.42184834681745	-7.76649684491679	-0.655351501900656	-0.167459450904088	0.000609623210806489	0.148148148148148	FALSE	FALSE
M7	GSM2627783	Cabernet Sauvignon	Harvest	2013	-8.59512071391582	-7.76649684491679	-0.828623868999026	-0.21173507301984	0.000974603068406894	0.148148148148148	FALSE	FALSE
M7	GSM2627784	Cabernet Sauvignon	FruitSet	2014	12.2907126619776	7.07029552484449	5.22041713713311	1.33395313009768	0.0386832815934219	0.148148148148148	FALSE	FALSE
M7	GSM2627785	Cabernet Sauvignon	FruitSet	2014	12.0748383863237	7.07029552484449	5.00454286147921	1.27879160599882	0.0355501732950661	0.148148148148148	FALSE	FALSE
M7	GSM2627786	Cabernet Sauvignon	FruitSet	2014	12.5498462430015	7.07029552484449	5.47955071815701	1.40016853826142	0.0426189551203725	0.148148148148148	FALSE	FALSE
M7	GSM2627793	Cabernet Sauvignon	Veraison	2014	3.98483012848191	3.18251873840648	0.802311390075435	0.205011546393761	0.000913689872929594	0.148148148148148	FALSE	FALSE
M7	GSM2627794	Cabernet Sauvignon	Veraison	2014	0.712742263173845	3.18251873840648	-2.46977647523263	-0.631092491889924	0.00865821159390942	0.148148148148148	FALSE	FALSE
M7	GSM2627795	Cabernet Sauvignon	Veraison	2014	1.18827347151819	3.18251873840648	-1.99424526688829	-0.509581829587096	0.0056450791531594	0.148148148148148	FALSE	FALSE
M7	GSM2627820	Cabernet Sauvignon	Harvest	2014	-5.03947553990199	-3.47854226839148	-1.56093327151051	-0.398859280534152	0.00345845055800481	0.148148148148148	FALSE	FALSE
M7	GSM2627821	Cabernet Sauvignon	Harvest	2014	-4.91778182413194	-3.47854226839148	-1.43923955574046	-0.367763352986526	0.00294021486521504	0.148148148148148	FALSE	FALSE
M7	GSM2627822	Cabernet Sauvignon	Harvest	2014	-4.78580521110393	-3.47854226839148	-1.30726294271245	-0.334039876217563	0.00242570954137923	0.148148148148148	FALSE	FALSE
M7	GSM2627823	Pinot noir	FruitSet	2012	-6.91365688567738	1.36624858403865	-8.27990546971603	-2.11573242675895	0.097311384818246	0.148148148148148	FALSE	TRUE
M7	GSM2627824	Pinot noir	FruitSet	2012	0.448606296945137	1.36624858403865	-0.917642287093516	-0.234481607316657	0.00119525269934354	0.148148148148148	FALSE	FALSE
M7	GSM2627825	Pinot noir	FruitSet	2012	-6.52464713919536	1.36624858403865	-7.89089572323401	-2.01633026112221	0.0883823417808076	0.148148148148148	FALSE	TRUE
M7	GSM2627835	Pinot noir	Veraison	2012	2.63847681162866	1.45923685276669	1.17923995886197	0.301326655119376	0.00197386419750937	0.148148148148148	FALSE	FALSE
M7	GSM2627836	Pinot noir	Veraison	2012	3.650927749557	1.45923685276669	2.19169089679031	0.560034352654353	0.00681822774245609	0.148148148148148	FALSE	FALSE
M7	GSM2627837	Pinot noir	Veraison	2012	1.06880954453767	1.45923685276669	-0.390427308229023	-0.0997643897425661	0.000216368118711014	0.148148148148148	FALSE	FALSE
M7	GSM2627850	Pinot noir	Harvest	2012	-0.756219269657253	-7.09629311250764	6.34007384285038	1.62005470550678	0.0570560271485795	0.148148148148148	FALSE	FALSE
M7	GSM2627851	Pinot noir	Harvest	2012	-0.701428262800625	-7.09629311250764	6.39486484970701	1.63405524093866	0.0580464463138932	0.148148148148148	FALSE	FALSE
M7	GSM2627852	Pinot noir	Harvest	2012	-2.56972312797632	-7.09629311250764	4.52656998453132	1.15665703350054	0.0290838150683973	0.148148148148148	FALSE	FALSE
M7	GSM2627853	Pinot noir	FruitSet	2013	8.83458176401195	3.15073884140677	5.68384292260518	1.45237054021253	0.045856091001679	0.148148148148148	FALSE	FALSE
M7	GSM2627854	Pinot noir	FruitSet	2013	2.48126250694276	3.15073884140677	-0.669476334464007	-0.17106871509027	0.000636184897448608	0.148148148148148	FALSE	FALSE
M7	GSM2627855	Pinot noir	FruitSet	2013	-0.523390659614714	3.15073884140677	-3.67412950102148	-0.938836192496945	0.019161160790047	0.148148148148148	FALSE	FALSE
M7	GSM2627862	Pinot noir	Veraison	2013	4.63538473794236	3.24372711013481	1.39165762780755	0.355604925789069	0.00274901876620542	0.148148148148148	FALSE	FALSE
M7	GSM2627863	Pinot noir	Veraison	2013	6.66565282192113	3.24372711013481	3.42192571178632	0.874391527399264	0.0166208813736439	0.148148148148148	FALSE	FALSE
M7	GSM2627864	Pinot noir	Veraison	2013	6.96416860283803	3.24372711013481	3.72044149270322	0.950670117764236	0.0196472537567362	0.148148148148148	FALSE	FALSE
M7	GSM2627883	Pinot noir	Harvest	2013	-7.02552152722754	-5.31180285513952	-1.71371867208802	-0.437899946821888	0.0041686165962307	0.148148148148148	FALSE	FALSE
M7	GSM2627884	Pinot noir	Harvest	2013	-7.28144814564097	-5.31180285513952	-1.96964529050145	-0.50329589215345	0.00550666858822908	0.148148148148148	FALSE	FALSE
M7	GSM2627885	Pinot noir	Harvest	2013	-6.92090496167483	-5.31180285513952	-1.60910210653531	-0.411167677845438	0.00367519259358283	0.148148148148148	FALSE	FALSE
M7	GSM2627886	Pinot noir	FruitSet	2014	11.9946380458462	7.43869341793208	4.55594462791412	1.16416302324364	0.0294625118410383	0.148148148148148	FALSE	FALSE
M7	GSM2627887	Pinot noir	FruitSet	2014	13.4722197735394	7.43869341793208	6.03352635560732	1.54172380408842	0.0516720062628887	0.148148148148148	FALSE	FALSE
M7	GSM2627888	Pinot noir	FruitSet	2014	12.5974288273345	7.43869341793208	5.15873540940242	1.31819183524044	0.0377745590107511	0.148148148148148	FALSE	FALSE
M7	GSM2627895	Pinot noir	Veraison	2014	3.78108085783312	7.53168168666012	-3.750600828827	-0.958376617028024	0.0199670813057844	0.148148148148148	FALSE	FALSE
M7	GSM2627896	Pinot noir	Veraison	2014	3.21563845612614	7.53168168666012	-4.31604323053398	-1.10286194106119	0.0264414013269839	0.148148148148148	FALSE	FALSE
M7	GSM2627897	Pinot noir	Veraison	2014	4.08379736630078	7.53168168666012	-3.44788432035934	-0.88102463089451	0.0168740087009306	0.148148148148148	FALSE	FALSE
M7	GSM2627919	Pinot noir	Harvest	2014	-5.09165248597151	-1.0238482786142	-4.06780420735731	-1.03943037739868	0.0234872936838949	0.148148148148148	FALSE	FALSE
M7	GSM2627920	Pinot noir	Harvest	2014	-6.13259444491831	-1.0238482786142	-5.10874616630411	-1.30541827604956	0.0370460190313961	0.148148148148148	FALSE	FALSE
M7	GSM2627921	Pinot noir	Harvest	2014	-3.81634051291673	-1.0238482786142	-2.79249223430253	-0.713554809676955	0.0110687057915895	0.148148148148148	FALSE	FALSE
M8	GSM2627691	Cabernet Sauvignon	FruitSet	2012	13.5774694936294	7.26340021007886	6.31406928355054	1.49939203722448	0.0488734017672208	0.148148148148148	FALSE	FALSE
M8	GSM2627692	Cabernet Sauvignon	FruitSet	2012	16.2905934103208	7.26340021007885	9.02719320024195	2.14367327868764	0.0998985896904226	0.148148148148149	FALSE	TRUE
M8	GSM2627693	Cabernet Sauvignon	FruitSet	2012	19.1989132978319	7.26340021007883	11.9355130877531	2.83430739833475	0.174636922353372	0.148148148148149	FALSE	TRUE
M8	GSM2627709	Cabernet Sauvignon	Veraison	2012	-3.76842926866721	0.41512032574948	-4.18354959441669	-0.993460899382902	0.0214557512739714	0.148148148148148	FALSE	FALSE
M8	GSM2627711	Cabernet Sauvignon	Veraison	2012	-0.982533378502329	0.415120325749495	-1.39765370425182	-0.331898612581276	0.00239471063116035	0.148148148148148	FALSE	FALSE
M8	GSM2627713	Cabernet Sauvignon	Veraison	2012	0.0551909759833889	0.415120325749477	-0.359929349766089	-0.0854718528997809	0.0001588138616983	0.148148148148148	FALSE	FALSE
M8	GSM2627739	Cabernet Sauvignon	Harvest	2012	-0.990113239521518	3.31804402355471	-4.30815726307622	-1.02305128519827	0.0227529115683876	0.148148148148148	FALSE	FALSE
M8	GSM2627740	Cabernet Sauvignon	Harvest	2012	-1.41761362313134	3.31804402355471	-4.73565764668605	-1.12456912453603	0.0274925155621681	0.148148148148148	FALSE	FALSE
M8	GSM2627741	Cabernet Sauvignon	Harvest	2012	-2.18458485538479	3.31804402355471	-5.5026288789395	-1.30670056889902	0.0371188342774136	0.148148148148148	FALSE	FALSE
M8	GSM2627742	Cabernet Sauvignon	FruitSet	2013	-3.52827953630106	1.45187285728127	-4.98015239358233	-1.18262890503203	0.0304045897177665	0.148148148148148	FALSE	FALSE
M8	GSM2627743	Cabernet Sauvignon	FruitSet	2013	-2.53352590608989	1.45187285728127	-3.98539876337116	-0.946406335218852	0.0194714119857038	0.148148148148148	FALSE	FALSE
M8	GSM2627744	Cabernet Sauvignon	FruitSet	2013	-3.79679896431434	1.45187285728127	-5.24867182159561	-1.24639378852042	0.0337716842622233	0.148148148148148	FALSE	FALSE
M8	GSM2627754	Cabernet Sauvignon	Veraison	2013	-5.33035870588923	-5.39640702704809	0.0660483211588583	0.015684390267246	5.34782821859307e-06	0.148148148148148	FALSE	FALSE
M8	GSM2627755	Cabernet Sauvignon	Veraison	2013	-4.99414416122565	-5.39640702704809	0.402262865822439	0.0955247259412551	0.00019836898404678	0.148148148148148	FALSE	FALSE
M8	GSM2627756	Cabernet Sauvignon	Veraison	2013	-5.08165060101937	-5.39640702704809	0.314756426028719	0.0747447102112432	0.000121451558794842	0.148148148148148	FALSE	FALSE
M8	GSM2627781	Cabernet Sauvignon	Harvest	2013	-1.16572236245629	-2.49348332924287	1.32776096678658	0.315301294859688	0.00216119362043904	0.148148148148148	FALSE	FALSE
M8	GSM2627782	Cabernet Sauvignon	Harvest	2013	0.0372016369132738	-2.49348332924287	2.53068496615614	0.600957752691065	0.00785109175042379	0.148148148148148	FALSE	FALSE
M8	GSM2627783	Cabernet Sauvignon	Harvest	2013	0.0183409884811476	-2.49348332924287	2.51182431772402	0.596478944365395	0.00773450284937512	0.148148148148148	FALSE	FALSE
M8	GSM2627784	Cabernet Sauvignon	FruitSet	2014	-4.1106270186222	0.761918979809663	-4.87254599843186	-1.15707578472286	0.0291048776433046	0.148148148148148	FALSE	FALSE
M8	GSM2627785	Cabernet Sauvignon	FruitSet	2014	-3.90326693089125	0.761918979809663	-4.66518591070091	-1.10783431295251	0.0266803666294557	0.148148148148148	FALSE	FALSE
M8	GSM2627786	Cabernet Sauvignon	FruitSet	2014	-2.76290170405407	0.761918979809664	-3.52482068386373	-0.837033587800211	0.0152309831979499	0.148148148148148	FALSE	FALSE
M8	GSM2627793	Cabernet Sauvignon	Veraison	2014	-4.73381091046143	-6.08636090451969	1.35254999405826	0.321187905923418	0.00224264501981457	0.148148148148148	FALSE	FALSE
M8	GSM2627794	Cabernet Sauvignon	Veraison	2014	-4.54061271179157	-6.08636090451969	1.54574819272812	0.367066376317523	0.00292908097006255	0.148148148148148	FALSE	FALSE
M8	GSM2627795	Cabernet Sauvignon	Veraison	2014	-3.82659405588147	-6.08636090451969	2.25976684863822	0.53662325620328	0.00626009824126545	0.148148148148148	FALSE	FALSE
M8	GSM2627820	Cabernet Sauvignon	Harvest	2014	0.384865191237205	-3.18343720671447	3.56830239795168	0.847359121610583	0.0156090756734056	0.148148148148148	FALSE	FALSE
M8	GSM2627821	Cabernet Sauvignon	Harvest	2014	-0.63818784855601	-3.18343720671447	2.54524935815846	0.604416335803572	0.00794171971709167	0.148148148148148	FALSE	FALSE
M8	GSM2627822	Cabernet Sauvignon	Harvest	2014	-1.12081542478957	-3.18343720671447	2.0626217819249	0.489807529303017	0.00521546556004186	0.148148148148148	FALSE	FALSE
M8	GSM2627823	Pinot noir	FruitSet	2012	15.0278830121083	7.73194720397514	7.29593580813316	1.73255432646508	0.06525531509028	0.148148148148148	FALSE	FALSE
M8	GSM2627824	Pinot noir	FruitSet	2012	10.4769982274794	7.73194720397514	2.74505102350426	0.651862920975539	0.00923750582049482	0.148148148148148	FALSE	FALSE
M8	GSM2627825	Pinot noir	FruitSet	2012	17.0910103145884	7.73194720397514	9.35906311061326	2.22248190093407	0.107378821738686	0.148148148148148	FALSE	TRUE
M8	GSM2627835	Pinot noir	Veraison	2012	-1.32234116564398	1.53910446088544	-2.86144562652942	-0.679502963096472	0.0100374842794975	0.148148148148148	FALSE	FALSE
M8	GSM2627836	Pinot noir	Veraison	2012	-1.54554428993669	1.53910446088544	-3.08464875082213	-0.732506655678686	0.0116644782742081	0.148148148148148	FALSE	FALSE
M8	GSM2627837	Pinot noir	Veraison	2012	-2.57828661297894	1.53910446088544	-4.11739107386438	-0.977750340240144	0.0207825158226025	0.148148148148148	FALSE	FALSE
M8	GSM2627850	Pinot noir	Harvest	2012	-1.80527520260914	4.35840094188988	-6.16367614449902	-1.46367841657503	0.0465729240684258	0.148148148148148	FALSE	FALSE
M8	GSM2627851	Pinot noir	Harvest	2012	-0.975038439916743	4.35840094188988	-5.33343938180662	-1.26652340685173	0.0348713378283328	0.148148148148148	FALSE	FALSE
M8	GSM2627852	Pinot noir	Harvest	2012	-0.270247157248438	4.35840094188988	-4.62864809913831	-1.09915773668223	0.0262640810893131	0.148148148148148	FALSE	FALSE
M8	GSM2627853	Pinot noir	FruitSet	2013	-1.12041445087524	1.92041985117757	-3.04083430205281	-0.722102107890266	0.0113354663960775	0.148148148148148	FALSE	FALSE
M8	GSM2627854	Pinot noir	FruitSet	2013	-1.13360173469973	1.92041985117757	-3.0540215858773	-0.725233671303827	0.0114339973476702	0.148148148148148	FALSE	FALSE
M8	GSM2627855	Pinot noir	FruitSet	2013	-0.528472408190473	1.92041985117757	-2.44889225936804	-0.581534568092723	0.00735179247579979	0.148148148148148	FALSE	FALSE
M8	GSM2627862	Pinot noir	Veraison	2013	-2.63744960282755	-4.27242289191214	1.63497328908459	0.388254518700756	0.00327699068025121	0.148148148148148	FALSE	FALSE
M8	GSM2627863	Pinot noir	Veraison	2013	1.24344638958423	-4.27242289191214	5.51586928149637	1.30984474633387	0.037297679554314	0.148148148148148	FALSE	FALSE
M8	GSM2627864	Pinot noir	Veraison	2013	-1.50529925567688	-4.27242289191214	2.76712363623526	0.657104469378535	0.0093866583408097	0.148148148148148	FALSE	FALSE
M8	GSM2627883	Pinot noir	Harvest	2013	0.936074285531272	-1.4531264109077	2.38920069643897	0.567359707139186	0.00699776168011008	0.148148148148148	FALSE	FALSE
M8	GSM2627884	Pinot noir	Harvest	2013	0.209169325086879	-1.4531264109077	1.66229573599458	0.394742736915443	0.00338743105103249	0.148148148148148	FALSE	FALSE
M8	GSM2627885	Pinot noir	Harvest	2013	0.182044212013016	-1.4531264109077	1.63517062292072	0.38830137925443	0.00327778176371506	0.148148148148148	FALSE	FALSE
M8	GSM2627886	Pinot noir	FruitSet	2014	-1.13782847689317	1.23046597370596	-2.36829445059913	-0.562395134035408	0.00687583232145009	0.148148148148148	FALSE	FALSE
M8	GSM2627887	Pinot noir	FruitSet	2014	-4.24779171884337	1.23046597370596	-5.47825769254933	-1.30091318184796	0.0367907631892562	0.148148148148148	FALSE	FALSE
M8	GSM2627888	Pinot noir	FruitSet	2014	-1.77928367809807	1.23046597370596	-3.00974965180403	-0.714720485204506	0.0111048993906731	0.148148148148148	FALSE	FALSE
M8	GSM2627895	Pinot noir	Veraison	2014	-5.28563247835219	-4.96237676938374	-0.323255708968447	-0.0767630214760792	0.000128099162307326	0.148148148148148	FALSE	FALSE
M8	GSM2627896	Pinot noir	Veraison	2014	-4.54379568422026	-4.96237676938374	0.418581085163483	0.099399787655479	0.000214789517085964	0.148148148148148	FALSE	FALSE
M8	GSM2627897	Pinot noir	Veraison	2014	-4.9121829011791	-4.96237676938374	0.050193868204644	0.0119194584227333	3.08855411067973e-06	0.148148148148148	FALSE	FALSE
M8	GSM2627919	Pinot noir	Harvest	2014	1.97028249834439	-2.1430802883793	4.11336278672369	0.97679374926986	0.020741870187232	0.148148148148148	FALSE	FALSE
M8	GSM2627920	Pinot noir	Harvest	2014	1.02880754189187	-2.1430802883793	3.17188783027117	0.753223181770896	0.012333590468632	0.148148148148148	FALSE	FALSE
M8	GSM2627921	Pinot noir	Harvest	2014	1.01076566471551	-2.1430802883793	3.15384595309481	0.748938805759171	0.0121936811906951	0.148148148148148	FALSE	FALSE
M9	GSM2627691	Cabernet Sauvignon	FruitSet	2012	-2.73387414640159	-1.69493203352244	-1.03894211287915	-0.222443125345301	0.00107567269594316	0.148148148148148	FALSE	FALSE
M9	GSM2627692	Cabernet Sauvignon	FruitSet	2012	-2.90233988801137	-1.69493203352245	-1.20740785448892	-0.258512551748128	0.00145279868285497	0.148148148148149	FALSE	FALSE
M9	GSM2627693	Cabernet Sauvignon	FruitSet	2012	-2.38181521789389	-1.69493203352246	-0.68688318437143	-0.147065404688709	0.000470178983831602	0.148148148148149	FALSE	FALSE
M9	GSM2627709	Cabernet Sauvignon	Veraison	2012	-3.93315326663718	-2.49026108028113	-1.44289218635605	-0.308931020786036	0.002074747295737	0.148148148148148	FALSE	FALSE
M9	GSM2627711	Cabernet Sauvignon	Veraison	2012	-3.63045259134248	-2.49026108028111	-1.14019151106137	-0.244121169089789	0.00129554663473403	0.148148148148148	FALSE	FALSE
M9	GSM2627713	Cabernet Sauvignon	Veraison	2012	-3.27971903895072	-2.4902610802811	-0.789457958669616	-0.169027218627741	0.000621091318196309	0.148148148148148	FALSE	FALSE
M9	GSM2627739	Cabernet Sauvignon	Harvest	2012	-2.49472486454963	-3.66992080512104	1.17519594057141	0.25161580676461	0.00137631552638708	0.148148148148148	FALSE	FALSE
M9	GSM2627740	Cabernet Sauvignon	Harvest	2012	-2.98574497666109	-3.66992080512104	0.684175828459952	0.146485745145693	0.000466479859367149	0.148148148148148	FALSE	FALSE
M9	GSM2627741	Cabernet Sauvignon	Harvest	2012	-2.05807033481083	-3.66992080512104	1.61185047031021	0.345105903168644	0.00258908879134447	0.148148148148148	FALSE	FALSE
M9	GSM2627742	Cabernet Sauvignon	FruitSet	2013	17.37844204708	2.81601074993522	14.5624312971448	3.11789529965845	0.211331980426788	0.148148148148148	TRUE	TRUE
M9	GSM2627743	Cabernet Sauvignon	FruitSet	2013	-0.0172227620208182	2.81601074993522	-2.83323351195604	-0.606610618069974	0.00799948786859208	0.148148148148148	FALSE	FALSE
M9	GSM2627744	Cabernet Sauvignon	FruitSet	2013	-0.678067685888145	2.81601074993522	-3.49407843582336	-0.748101090360345	0.0121664182912682	0.148148148148148	FALSE	FALSE
M9	GSM2627754	Cabernet Sauvignon	Veraison	2013	-2.87545177595548	2.02068170317656	-4.89613347913204	-1.04828865795777	0.0238893284870197	0.148148148148148	FALSE	FALSE
M9	GSM2627755	Cabernet Sauvignon	Veraison	2013	-3.61090990946159	2.02068170317655	-5.63159161263814	-1.20575422196726	0.0316052879085188	0.148148148148148	FALSE	FALSE
M9	GSM2627756	Cabernet Sauvignon	Veraison	2013	-1.09188287823358	2.02068170317655	-3.11256458141013	-0.666416910764399	0.00965459780332099	0.148148148148148	FALSE	FALSE
M9	GSM2627781	Cabernet Sauvignon	Harvest	2013	-0.040586575201846	0.841021978336617	-0.881608553538463	-0.188757159373188	0.000774549243796416	0.148148148148148	FALSE	FALSE
M9	GSM2627782	Cabernet Sauvignon	Harvest	2013	-1.06643982693998	0.841021978336617	-1.9074618052766	-0.408397888758864	0.00362584425092819	0.148148148148148	FALSE	FALSE
M9	GSM2627783	Cabernet Sauvignon	Harvest	2013	0.853388362606014	0.841021978336617	0.012366384269397	0.00264770975399437	1.52399281334715e-07	0.148148148148148	FALSE	FALSE
M9	GSM2627784	Cabernet Sauvignon	FruitSet	2014	0.691033195417807	2.54754952037832	-1.85651632496051	-0.397490185891451	0.00343474886695695	0.148148148148148	FALSE	FALSE
M9	GSM2627785	Cabernet Sauvignon	FruitSet	2014	1.66517701212601	2.54754952037832	-0.882372508252307	-0.188920726209168	0.000775892191117377	0.148148148148148	FALSE	FALSE
M9	GSM2627786	Cabernet Sauvignon	FruitSet	2014	-0.0154478440347464	2.54754952037832	-2.56299736441306	-0.548751597345376	0.00654626773019785	0.148148148148148	FALSE	FALSE
M9	GSM2627793	Cabernet Sauvignon	Veraison	2014	-1.22871589509909	1.75222047361965	-2.98093636871874	-0.63823459853379	0.00885529136446932	0.148148148148148	FALSE	FALSE
M9	GSM2627794	Cabernet Sauvignon	Veraison	2014	10.564698385213	1.75222047361965	8.81247791159335	1.88679918196682	0.0773915468058842	0.148148148148148	FALSE	TRUE
M9	GSM2627795	Cabernet Sauvignon	Veraison	2014	12.9335102600124	1.75222047361965	11.1812897863927	2.39397461575996	0.12458944480224	0.148148148148148	FALSE	TRUE
M9	GSM2627820	Cabernet Sauvignon	Harvest	2014	0.786435538558504	0.572560748779718	0.213874789778786	0.045791749204507	4.5584441200184e-05	0.148148148148148	FALSE	FALSE
M9	GSM2627821	Cabernet Sauvignon	Harvest	2014	-2.81292493605673	0.572560748779717	-3.38548568483645	-0.724850795064842	0.0114219277196986	0.148148148148148	FALSE	FALSE
M9	GSM2627822	Cabernet Sauvignon	Harvest	2014	3.04965337904146	0.572560748779717	2.47709263026174	0.530358929159444	0.00611479551606853	0.148148148148148	FALSE	FALSE
M9	GSM2627823	Pinot noir	FruitSet	2012	-2.54202951564487	0.114149248264263	-2.65617876390913	-0.568702238936478	0.00703091818633399	0.148148148148148	FALSE	FALSE
M9	GSM2627824	Pinot noir	FruitSet	2012	-2.91333391598536	0.114149248264262	-3.02748316424962	-0.648200519198999	0.00913399811064895	0.148148148148148	FALSE	FALSE
M9	GSM2627825	Pinot noir	FruitSet	2012	-2.46381849532448	0.114149248264262	-2.57796774358874	-0.551956836492159	0.00662296411631374	0.148148148148148	FALSE	FALSE
M9	GSM2627835	Pinot noir	Veraison	2012	-3.04503744630181	-4.7672628988553	1.72222545255349	0.368737783815091	0.00295581637419272	0.148148148148148	FALSE	FALSE
M9	GSM2627836	Pinot noir	Veraison	2012	-3.88130397937445	-4.7672628988553	0.885958919480855	0.18968859624982	0.000782212251026678	0.148148148148148	FALSE	FALSE
M9	GSM2627837	Pinot noir	Veraison	2012	-3.31324473719673	-4.7672628988553	1.45401816165857	0.311313152271637	0.00210686692994139	0.148148148148148	FALSE	FALSE
M9	GSM2627850	Pinot noir	Harvest	2012	-2.34811118252266	-4.99862110520121	2.65050992267855	0.567488509369851	0.00700093931014815	0.148148148148148	FALSE	FALSE
M9	GSM2627851	Pinot noir	Harvest	2012	-3.12149382666899	-4.99862110520121	1.87712727853222	0.401903102522709	0.00351143703950824	0.148148148148148	FALSE	FALSE
M9	GSM2627852	Pinot noir	Harvest	2012	-2.49227859987245	-4.99862110520121	2.50634250532876	0.536621485605286	0.00626005693072226	0.148148148148148	FALSE	FALSE
M9	GSM2627853	Pinot noir	FruitSet	2013	11.5680278669913	4.62509203172193	6.94293583526938	1.48652011226044	0.0480378705251042	0.148148148148148	FALSE	FALSE
M9	GSM2627854	Pinot noir	FruitSet	2013	23.2001022830329	4.62509203172193	18.575010251311	3.97701015523591	0.343839342931512	0.148148148148148	TRUE	TRUE
M9	GSM2627855	Pinot noir	FruitSet	2013	-2.54584546985969	4.62509203172193	-7.17093750158162	-1.53533650213406	0.0512447429301142	0.148148148148148	FALSE	FALSE
M9	GSM2627862	Pinot noir	Veraison	2013	-3.12238841646538	-0.256320115397643	-2.86606830106774	-0.613640724001305	0.0081859769163662	0.148148148148148	FALSE	FALSE
M9	GSM2627863	Pinot noir	Veraison	2013	-3.21746211072012	-0.256320115397643	-2.96114199532248	-0.633996516134459	0.00873807787979633	0.148148148148148	FALSE	FALSE
M9	GSM2627864	Pinot noir	Veraison	2013	-3.64473581184541	-0.256320115397643	-3.38841569644777	-0.725478126397397	0.0114417067800234	0.148148148148148	FALSE	FALSE
M9	GSM2627883	Pinot noir	Harvest	2013	-0.0609741255678685	-0.487678321743552	0.426704196175683	0.0913596761731369	0.000181447618053488	0.148148148148148	FALSE	FALSE
M9	GSM2627884	Pinot noir	Harvest	2013	0.0728831351426536	-0.487678321743552	0.560561456886206	0.120019239640147	0.000313143867039109	0.148148148148148	FALSE	FALSE
M9	GSM2627885	Pinot noir	Harvest	2013	-2.42445226860561	-0.487678321743552	-1.93677394686206	-0.414673776803063	0.0037381378514808	0.148148148148148	FALSE	FALSE
M9	GSM2627886	Pinot noir	FruitSet	2014	0.769507027231886	4.35663080216502	-3.58712377493314	-0.768022600686877	0.0128230155470834	0.148148148148148	FALSE	FALSE
M9	GSM2627887	Pinot noir	FruitSet	2014	2.33948890624311	4.35663080216502	-2.01714189592191	-0.431880989355959	0.00405480845580614	0.148148148148148	FALSE	FALSE
M9	GSM2627888	Pinot noir	FruitSet	2014	-0.124482440231167	4.35663080216503	-4.48111324239619	-0.959430580691819	0.0200110225905791	0.148148148148148	FALSE	FALSE
M9	GSM2627895	Pinot noir	Veraison	2014	-2.91043532631708	-0.524781344954544	-2.38565398136254	-0.510781419896561	0.00567168823720754	0.148148148148148	FALSE	FALSE
M9	GSM2627896	Pinot noir	Veraison	2014	6.16869633597348	-0.524781344954542	6.69347768092802	1.43310977225527	0.044647904768121	0.148148148148148	FALSE	FALSE
M9	GSM2627897	Pinot noir	Veraison	2014	0.320818414625031	-0.524781344954542	0.845599759579573	0.181047481837899	0.000712569362605311	0.148148148148148	FALSE	FALSE
M9	GSM2627919	Pinot noir	Harvest	2014	-3.13135812551661	-0.756139551300452	-2.37521857421616	-0.508547142788033	0.005622178183432	0.148148148148148	FALSE	FALSE
M9	GSM2627920	Pinot noir	Harvest	2014	-3.22158194332701	-0.756139551300452	-2.46544239202656	-0.527864550144553	0.00605741268041982	0.148148148148148	FALSE	FALSE
M9	GSM2627921	Pinot noir	Harvest	2014	-1.9999499977971	-0.756139551300451	-1.24381044649665	-0.266306543575477	0.00154172119893734	0.148148148148148	FALSE	FALSE
