V1_gene	Annotation_gene	Min_gene_overlap_percent
VIT_00s0125g00190	Vitvi05_01chr10g21280	89.4
VIT_00s0125g00280	Vitvi05_01chr10g21500	53.2
VIT_00s0160g00020	Vitvi05_01chr07g16660	62.6
VIT_00s0160g00110	Vitvi05_01chr07g16750	55.2
VIT_00s0160g00130	Vitvi05_01chr07g16760	73.6
VIT_00s0179g00320	Vitvi05_01chr07g01010	77.9
VIT_00s0187g00050	Vitvi05_01chr10g03180	83.9
VIT_00s0187g00090	Vitvi05_01chr10g03120	55.5
VIT_00s0187g00120	Vitvi05_01chr10g03090	90.3
VIT_00s0187g00130	Vitvi05_01chr10g03080	88.3
VIT_00s0187g00170	Vitvi05_01chr10g02990	91
VIT_00s0187g00300	Vitvi05_01chr10g02840	75.9
VIT_00s0189g00050	Vitvi05_01chr07g15990	95.4
VIT_00s0194g00010	Vitvi05_01chr10g03290	60.8
VIT_00s0194g00080	Vitvi05_01chr10g03380	90
VIT_00s0194g00160	Vitvi05_01chr10g03470	85.3
VIT_00s0194g00280	Vitvi05_01chr10g03600	91.9
VIT_00s0203g00160	Vitvi05_01chr10g06670	51.4
VIT_00s0204g00170	Vitvi05_01chr02g09210	81.5
VIT_00s0207g00010	Vitvi05_01chr07g21260	79.9
VIT_00s0207g00250	Vitvi05_01chr07g21520	82.6
VIT_00s0214g00020	Vitvi05_01chr04g15070	74.4
VIT_00s0214g00090	Vitvi05_01chr04g15120	87.3
VIT_00s0225g00010	Vitvi05_01chr01g09940	79.6
VIT_00s0225g00070	Vitvi05_01chr01g10010	82.2
VIT_00s0225g00120	Vitvi05_01chr01g10100	73.4
VIT_00s0225g00230	Vitvi05_01chr01g10290	88.4
VIT_00s0229g00100	Vitvi05_01chr02g08020	90.1
VIT_00s0230g00090	Vitvi05_01chr16g07680	62.1
VIT_00s0233g00020	Vitvi05_01chr02g07170	94.2
VIT_00s0238g00020	Vitvi05_01chr18g33150	54.5
VIT_00s0238g00060	Vitvi05_01chr18g33080	100
VIT_00s0253g00040	Vitvi05_01chr07g21950	83.8
VIT_00s0253g00080	Vitvi05_01chr07g21900	70
VIT_00s0253g00140	Vitvi05_01chr07g21870	70.9
VIT_00s0267g00030	Vitvi05_01chr07g17220	89.3
VIT_00s0270g00120	Vitvi05_01chr04g11600	78.2
VIT_00s0274g00050	Vitvi05_01chr10g05960	75.1
VIT_00s0291g00060	Vitvi05_01chr01g09900	86.5
VIT_00s0301g00090	Vitvi05_01chr10g07360	71.7
VIT_00s0301g00100	Vitvi05_01chr10g07350	90.9
VIT_00s0304g00010	Vitvi05_01chr07g22680	56.7
VIT_00s0304g00070	Vitvi05_01chr07g22590	50.1
VIT_00s0304g00080	Vitvi05_01chr07g22560	58
VIT_00s0323g00050	Vitvi05_01chr02g06940	84.5
VIT_00s0323g00060	Vitvi05_01chr02g06960	85.7
VIT_00s0323g00070	Vitvi05_01chr02g06970	70.7
VIT_00s0323g00100	Vitvi05_01chr02g07050	91.7
VIT_00s0324g00070	Vitvi05_01chr07g23270	58.9
VIT_00s0333g00060	Vitvi05_01chr07g18850	75.2
VIT_00s0361g00040	Vitvi05_01chr10g05520	94.1
VIT_00s0370g00070	Vitvi05_01chr10g07890	92.8
VIT_00s0371g00050	Vitvi05_01chr07g24710	90.4
VIT_00s0371g00100	Vitvi05_01chr07g24740	90.3
VIT_00s0375g00030	Vitvi05_01chr10g07670	87.9
VIT_00s0375g00040	Vitvi05_01chr10g07660	50.6
VIT_00s0389g00030	Vitvi05_01chr02g08410	95.4
VIT_00s0389g00040	Vitvi05_01chr02g08420	61.4
VIT_00s0404g00050	Vitvi05_01chr10g07240	84.7
VIT_00s0414g00030	Vitvi05_01chr10g04120	57.9
VIT_00s0480g00040	Vitvi05_01chr10g07730	93.1
VIT_00s0480g00090	Vitvi05_01chr10g07760	95.8
VIT_00s0487g00050	Vitvi05_01chr07g22070	54.6
VIT_00s0524g00030	Vitvi05_01chr07g18530	64.3
VIT_00s0533g00050	Vitvi05_01chr02g08900	62.7
VIT_00s0583g00030	Vitvi05_01chr10g08050	74.4
VIT_00s0615g00030	Vitvi05_01chr07g24670	59.9
VIT_00s0616g00020	Vitvi05_01chr02g08920	81.4
VIT_00s0665g00030	Vitvi05_01chr07g22830	84.3
VIT_00s0733g00010	Vitvi05_01chr10g19320	78.5
VIT_00s0753g00010	Vitvi05_01chr10g03750	72.1
VIT_00s0802g00010	Vitvi05_01chr07g26200	71.4
VIT_00s0802g00020	Vitvi05_01chr07g26170	79.9
VIT_00s0873g00010	Vitvi05_01chr10g20580	80.6
VIT_00s0929g00020	Vitvi05_01chr07g24440	56.9
VIT_00s0956g00020	Vitvi05_01chr10g03980	92.7
VIT_00s0983g00010	Vitvi05_01chr07g23210	91.2
VIT_00s1203g00010	Vitvi05_01chr15g03800	89.2
VIT_00s1290g00010	Vitvi05_01chr04g21810	63.1
VIT_00s1353g00010	Vitvi05_01chr07g25320	69.4
VIT_00s1389g00010	Vitvi05_01chr07g24690	85.5
VIT_00s1542g00010	Vitvi05_01chr07g27360	52.9
VIT_00s1547g00010	Vitvi05_01chr17g09140	59.3
VIT_00s1667g00010	Vitvi05_01chr04g12160	50.9
VIT_00s2086g00010	Vitvi05_01chr10g02480	50.3
VIT_00s2478g00020	Vitvi05_01chr01g01700	62
VIT_00s2849g00010	Vitvi05_01chr16g00930	52.2
VIT_01s0010g00020	Vitvi05_01chr01g17220	73.5
VIT_01s0010g00240	Vitvi05_01chr01g17370	81.2
VIT_01s0010g00510	Vitvi05_01chr01g17820	71.7
VIT_01s0010g00940	Vitvi05_01chr01g18440	71.4
VIT_01s0010g01170	Vitvi05_01chr01g18760	96.4
VIT_01s0010g01390	Vitvi05_01chr01g19250	79.5
VIT_01s0010g01870	Vitvi05_01chr01g20080	59.2
VIT_01s0010g02460	Vitvi05_01chr01g20950	93.6
VIT_01s0010g03530	Vitvi05_01chr01g22610	90.9
VIT_01s0010g03620	Vitvi05_01chr01g22740	77.5
VIT_01s0010g03710	Vitvi05_01chr01g22860	96.1
VIT_01s0010g03930	Vitvi05_01chr01g23290	53.7
VIT_01s0010g04010	Vitvi05_01chr01g23440	76.9
VIT_01s0011g00110	Vitvi05_01chr01g00330	85.7
VIT_01s0011g00590	Vitvi05_01chr01g00750	86.1
VIT_01s0011g00600	Vitvi05_01chr01g00760	97.8
VIT_01s0011g00610	Vitvi05_01chr01g00770	90.9
VIT_01s0011g00760	Vitvi05_01chr01g00940	89.3
VIT_01s0011g00850	Vitvi05_01chr01g01030	69.3
VIT_01s0011g00930	Vitvi05_01chr01g01100	96.5
VIT_01s0011g01050	Vitvi05_01chr01g01250	91.2
VIT_01s0011g02000	Vitvi05_01chr01g02380	88.4
VIT_01s0011g02030	Vitvi05_01chr01g02410	98.8
VIT_01s0011g02470	Vitvi05_01chr01g03040	66
VIT_01s0011g02710	Vitvi05_01chr01g03320	62.5
VIT_01s0011g02740	Vitvi05_01chr01g03360	91.3
VIT_01s0011g02840	Vitvi05_01chr01g03450	84.7
VIT_01s0011g02930	Vitvi05_01chr01g03590	68
VIT_01s0011g02960	Vitvi05_01chr01g03630	90.8
VIT_01s0011g03070	Vitvi05_01chr01g03750	84.7
VIT_01s0011g03180	Vitvi05_01chr01g03890	82.5
VIT_01s0011g03210	Vitvi05_01chr01g03920	69.4
VIT_01s0011g03360	Vitvi05_01chr01g04130	71.6
VIT_01s0011g03400	Vitvi05_01chr01g04180	77
VIT_01s0011g03450	Vitvi05_01chr01g04250	83.1
VIT_01s0011g03660	Vitvi05_01chr01g04500	68.3
VIT_01s0011g03670	Vitvi05_01chr01g04510	93
VIT_01s0011g03680	Vitvi05_01chr01g04520	85.7
VIT_01s0011g04060	Vitvi05_01chr01g05100	80.6
VIT_01s0011g04080	Vitvi05_01chr01g05120	78.1
VIT_01s0011g04160	Vitvi05_01chr01g05190	76.3
VIT_01s0011g04210	Vitvi05_01chr01g05270	83.9
VIT_01s0011g04370	Vitvi05_01chr01g05530	65.7
VIT_01s0011g04550	Vitvi05_01chr01g05730	55.2
VIT_01s0011g04740	Vitvi05_01chr01g05990	88.7
VIT_01s0011g04820	Vitvi05_01chr01g06190	56.6
VIT_01s0011g04840	Vitvi05_01chr01g06220	58.2
VIT_01s0011g05060	Vitvi05_01chr01g06570	53.6
VIT_01s0011g05140	Vitvi05_01chr01g06610	66
VIT_01s0011g05150	Vitvi05_01chr01g06620	89.1
VIT_01s0011g05180	Vitvi05_01chr01g06650	59.8
VIT_01s0011g05200	Vitvi05_01chr01g06690	64
VIT_01s0011g05290	Vitvi05_01chr01g06790	84
VIT_01s0011g05390	Vitvi05_01chr01g06920	51.6
VIT_01s0011g05470	Vitvi05_01chr01g07060	74.4
VIT_01s0011g05670	Vitvi05_01chr01g07380	68.5
VIT_01s0011g05810	Vitvi05_01chr01g07560	89.2
VIT_01s0011g06050	Vitvi05_01chr01g07850	85.4
VIT_01s0011g06200	Vitvi05_01chr01g08090	78.3
VIT_01s0011g06290	Vitvi05_01chr01g08200	90.3
VIT_01s0011g06330	Vitvi05_01chr01g08260	69.7
VIT_01s0011g06560	Vitvi05_01chr01g08530	95
VIT_01s0011g06580	Vitvi05_01chr01g08560	64.6
VIT_01s0011g06590	Vitvi05_01chr01g08570	51.2
VIT_01s0026g00200	Vitvi05_01chr01g11940	66.2
VIT_01s0026g00330	Vitvi05_01chr01g12200	94
VIT_01s0026g00350	Vitvi05_01chr01g12250	67.8
VIT_01s0026g00520	Vitvi05_01chr01g12450	88
VIT_01s0026g00530	Vitvi05_01chr01g12460	88.5
VIT_01s0026g00740	Vitvi05_01chr01g12710	99.3
VIT_01s0026g00810	Vitvi05_01chr01g12860	70.7
VIT_01s0026g00960	Vitvi05_01chr01g13120	82.7
VIT_01s0026g00980	Vitvi05_01chr01g13140	96.6
VIT_01s0026g01020	Vitvi05_01chr01g13210	63.3
VIT_01s0026g01050	Vitvi05_01chr01g13260	52.1
VIT_01s0026g01420	Vitvi05_01chr01g13690	57.8
VIT_01s0026g01780	Vitvi05_01chr01g14170	80.6
VIT_01s0026g01790	Vitvi05_01chr01g14180	82.7
VIT_01s0026g01910	Vitvi05_01chr01g14450	83.7
VIT_01s0026g02190	Vitvi05_01chr01g14790	63.6
VIT_01s0026g02270	Vitvi05_01chr01g14910	84.9
VIT_01s0026g02400	Vitvi05_01chr01g15090	68.5
VIT_01s0026g02540	Vitvi05_01chr01g15310	64.4
VIT_01s0026g02580	Vitvi05_01chr01g15360	76
VIT_01s0127g00470	Vitvi05_01chr01g11040	91.8
VIT_01s0127g00560	Vitvi05_01chr01g11120	77.4
VIT_01s0127g00590	Vitvi05_01chr01g11190	72.9
VIT_01s0127g00680	Vitvi05_01chr01g11280	57.7
VIT_01s0127g00740	Vitvi05_01chr01g11370	87.4
VIT_01s0127g00850	Vitvi05_01chr01g11470	78.8
VIT_01s0127g00870	Vitvi05_01chr01g11490	68.1
VIT_01s0127g00900	Vitvi05_01chr01g11540	100
VIT_01s0137g00210	Vitvi05_01chr01g08970	50.6
VIT_01s0137g00240	Vitvi05_01chr01g09020	97.3
VIT_01s0137g00290	Vitvi05_01chr01g09140	91.7
VIT_01s0137g00410	Vitvi05_01chr01g09280	75
VIT_01s0137g00430	Vitvi05_01chr01g09300	92.6
VIT_01s0137g00550	Vitvi05_01chr01g09400	87.7
VIT_01s0137g00740	Vitvi05_01chr01g09690	84.3
VIT_01s0146g00070	Vitvi05_01chr01g23560	92.1
VIT_01s0146g00090	Vitvi05_01chr01g23570	81.7
VIT_01s0146g00150	Vitvi05_01chr01g23640	71.8
VIT_01s0146g00260	Vitvi05_01chr01g23810	81.4
VIT_01s0150g00210	Vitvi05_01chr01g24740	82.4
VIT_01s0150g00250	Vitvi05_01chr01g24780	69.4
VIT_01s0150g00280	Vitvi05_01chr01g24810	51.6
VIT_01s0150g00300	Vitvi05_01chr01g24840	61
VIT_01s0150g00460	Vitvi05_01chr01g25010	62.9
VIT_01s0150g00480	Vitvi05_01chr01g25030	57.3
VIT_01s0150g00510	Vitvi05_01chr01g25070	56.9
VIT_01s0244g00030	Vitvi05_01chr01g24360	88.1
VIT_02s0012g00170	Vitvi05_01chr02g10020	75.1
VIT_02s0012g00360	Vitvi05_01chr02g10400	94
VIT_02s0012g00450	Vitvi05_01chr02g10520	63.9
VIT_02s0012g00550	Vitvi05_01chr02g10720	82.7
VIT_02s0012g00570	Vitvi05_01chr02g10740	80.7
VIT_02s0012g00980	Vitvi05_01chr02g11320	70.7
VIT_02s0012g00990	Vitvi05_01chr02g11330	68.9
VIT_02s0012g01040	Vitvi05_01chr02g11400	68.9
VIT_02s0012g01120	Vitvi05_01chr02g11510	50.4
VIT_02s0012g01270	Vitvi05_01chr02g11700	79.6
VIT_02s0012g01350	Vitvi05_01chr02g11810	93.8
VIT_02s0012g01450	Vitvi05_01chr02g11980	54.3
VIT_02s0012g01660	Vitvi05_01chr02g12230	88
VIT_02s0012g02220	Vitvi05_01chr02g13000	83.7
VIT_02s0012g02810	Vitvi05_01chr02g14180	76.1
VIT_02s0025g00200	Vitvi05_01chr02g00190	70
VIT_02s0025g00210	Vitvi05_01chr02g00210	61.6
VIT_02s0025g00280	Vitvi05_01chr02g00300	54.8
VIT_02s0025g00360	Vitvi05_01chr02g00380	76.9
VIT_02s0025g00500	Vitvi05_01chr02g00540	70.3
VIT_02s0025g00810	Vitvi05_01chr02g00840	93.2
VIT_02s0025g00990	Vitvi05_01chr02g01050	75.8
VIT_02s0025g01050	Vitvi05_01chr02g01110	87.1
VIT_02s0025g01080	Vitvi05_01chr02g01160	61.3
VIT_02s0025g01230	Vitvi05_01chr02g01340	85.9
VIT_02s0025g01240	Vitvi05_01chr02g01370	57
VIT_02s0025g01260	Vitvi05_01chr02g01390	82.3
VIT_02s0025g01280	Vitvi05_01chr02g01420	73.4
VIT_02s0025g01330	Vitvi05_01chr02g01480	84
VIT_02s0025g01380	Vitvi05_01chr02g01530	93.2
VIT_02s0025g01470	Vitvi05_01chr02g01640	79.3
VIT_02s0025g01610	Vitvi05_01chr02g01860	80.8
VIT_02s0025g01710	Vitvi05_01chr02g01980	90.4
VIT_02s0025g01740	Vitvi05_01chr02g02030	86.2
VIT_02s0025g02020	Vitvi05_01chr02g02330	81.5
VIT_02s0025g02080	Vitvi05_01chr02g02370	87
VIT_02s0025g02410	Vitvi05_01chr02g02740	80.2
VIT_02s0025g02500	Vitvi05_01chr02g02840	60.4
VIT_02s0025g02600	Vitvi05_01chr02g02970	68.4
VIT_02s0025g02770	Vitvi05_01chr02g03200	80.3
VIT_02s0025g02840	Vitvi05_01chr02g03270	72.7
VIT_02s0025g02920	Vitvi05_01chr02g03330	66.4
VIT_02s0025g02970	Vitvi05_01chr02g03380	58.8
VIT_02s0025g03230	Vitvi05_01chr02g03790	90.6
VIT_02s0025g03240	Vitvi05_01chr02g03800	66
VIT_02s0025g03260	Vitvi05_01chr02g03820	56.4
VIT_02s0025g03310	Vitvi05_01chr02g03870	77.7
VIT_02s0025g03320	Vitvi05_01chr02g03890	71.5
VIT_02s0025g03390	Vitvi05_01chr02g03950	70
VIT_02s0025g03500	Vitvi05_01chr02g04100	62.1
VIT_02s0025g03540	Vitvi05_01chr02g04160	99.7
VIT_02s0025g03590	Vitvi05_01chr02g04230	84.7
VIT_02s0025g03600	Vitvi05_01chr02g04240	84
VIT_02s0025g03700	Vitvi05_01chr02g04350	81.5
VIT_02s0025g04130	Vitvi05_01chr02g05010	69.9
VIT_02s0025g04230	Vitvi05_01chr02g05170	55.8
VIT_02s0025g04260	Vitvi05_01chr02g05200	89.2
VIT_02s0025g04270	Vitvi05_01chr02g05210	64.7
VIT_02s0025g04280	Vitvi05_01chr02g05220	54.9
VIT_02s0025g04300	Vitvi05_01chr02g05250	67.3
VIT_02s0025g04330	Vitvi05_01chr02g05280	71.3
VIT_02s0025g04340	Vitvi05_01chr02g05290	77.6
VIT_02s0025g04550	Vitvi05_01chr02g05650	64.8
VIT_02s0025g04710	Vitvi05_01chr02g05850	87.6
VIT_02s0025g04730	Vitvi05_01chr02g05880	52.6
VIT_02s0033g00290	Vitvi05_01chr02g15850	94.3
VIT_02s0033g00300	Vitvi05_01chr02g15870	92.8
VIT_02s0033g00380	Vitvi05_01chr02g15960	78
VIT_02s0033g00390	Vitvi05_01chr02g15970	99.9
VIT_02s0033g00410	Vitvi05_01chr02g15990	94.3
VIT_02s0033g00450	Vitvi05_01chr02g16040	90
VIT_02s0033g00700	Vitvi05_01chr02g16820	83.3
VIT_02s0033g01000	Vitvi05_01chr02g17280	76.6
VIT_02s0033g01020	Vitvi05_01chr02g17370	63.6
VIT_02s0033g01120	Vitvi05_01chr02g17580	88.5
VIT_02s0033g01330	Vitvi05_01chr02g17940	67.4
VIT_02s0033g01380	Vitvi05_01chr02g18040	79
VIT_02s0087g00170	Vitvi05_01chr02g18320	97.3
VIT_02s0087g00370	Vitvi05_01chr02g18610	50.3
VIT_02s0087g00630	Vitvi05_01chr02g19050	87.2
VIT_02s0087g00710	Vitvi05_01chr02g19170	92.5
VIT_02s0087g00720	Vitvi05_01chr02g19180	76.4
VIT_02s0087g00910	Vitvi05_01chr02g19450	73.1
VIT_02s0087g00930	Vitvi05_01chr02g19460	88.7
VIT_02s0087g01020	Vitvi05_01chr02g19550	66.2
VIT_02s0109g00080	Vitvi05_01chr02g14730	72.3
VIT_02s0154g00070	Vitvi05_01chr02g07130	70
VIT_02s0154g00080	Vitvi05_01chr02g07150	74.4
VIT_02s0154g00250	Vitvi05_01chr02g07440	53.5
VIT_02s0154g00260	Vitvi05_01chr02g07470	90.6
VIT_02s0154g00350	Vitvi05_01chr02g07560	71
VIT_02s0154g00480	Vitvi05_01chr02g07710	87.7
VIT_03s0017g00410	Vitvi05_01chr03g16640	87.6
VIT_03s0017g00650	Vitvi05_01chr03g17080	89.3
VIT_03s0017g00870	Vitvi05_01chr03g17570	74.8
VIT_03s0017g01210	Vitvi05_01chr03g18170	55.3
VIT_03s0017g01450	Vitvi05_01chr03g18580	68
VIT_03s0017g01460	Vitvi05_01chr03g18590	55
VIT_03s0017g01630	Vitvi05_01chr03g18740	69.4
VIT_03s0017g01710	Vitvi05_01chr03g18840	61.9
VIT_03s0017g02260	Vitvi05_01chr03g19690	69.2
VIT_03s0038g00130	Vitvi05_01chr00g08160	70.8
VIT_03s0038g00220	Vitvi05_01chr03g00190	82.3
VIT_03s0038g00270	Vitvi05_01chr00g08110	53
VIT_03s0038g00440	Vitvi05_01chr00g08020	80.1
VIT_03s0038g00450	Vitvi05_01chr03g00380	90.7
VIT_03s0038g00670	Vitvi05_01chr03g00560	87.4
VIT_03s0038g01050	Vitvi05_01chr03g14800	75.7
VIT_03s0038g01110	Vitvi05_01chr03g00960	56.5
VIT_03s0038g01350	Vitvi05_01chr03g14690	94.7
VIT_03s0038g01380	Vitvi05_01chr03g01250	94.1
VIT_03s0038g01410	Vitvi05_01chr03g01280	60.3
VIT_03s0038g01510	Vitvi05_01chr03g01350	67.8
VIT_03s0038g01830	Vitvi05_01chr03g01700	69
VIT_03s0038g02010	Vitvi05_01chr03g01890	79.3
VIT_03s0038g02090	Vitvi05_01chr03g01990	92.3
VIT_03s0038g02110	Vitvi05_01chr03g02010	65.2
VIT_03s0038g02140	Vitvi05_01chr03g02070	94
VIT_03s0038g02170	Vitvi05_01chr03g02100	73
VIT_03s0038g02230	Vitvi05_01chr03g02170	95.4
VIT_03s0038g02400	Vitvi05_01chr03g02340	83.7
VIT_03s0038g02510	Vitvi05_01chr03g02460	87.5
VIT_03s0038g02680	Vitvi05_01chr03g02680	94.9
VIT_03s0038g02800	Vitvi05_01chr03g02750	75.6
VIT_03s0038g03090	Vitvi05_01chr03g03100	65.7
VIT_03s0038g03130	Vitvi05_01chr03g03150	74
VIT_03s0038g03220	Vitvi05_01chr03g03270	53.9
VIT_03s0038g03240	Vitvi05_01chr03g03300	99.1
VIT_03s0038g03560	Vitvi05_01chr03g03850	70
VIT_03s0038g03570	Vitvi05_01chr03g03860	87.7
VIT_03s0038g03660	Vitvi05_01chr03g03960	88.3
VIT_03s0038g03860	Vitvi05_01chr03g04320	59.9
VIT_03s0038g03980	Vitvi05_01chr03g04430	88.6
VIT_03s0038g04110	Vitvi05_01chr03g04560	65.3
VIT_03s0038g04330	Vitvi05_01chr03g04830	51.2
VIT_03s0038g04390	Vitvi05_01chr03g04880	84.9
VIT_03s0038g04570	Vitvi05_01chr03g05100	95.2
VIT_03s0038g04680	Vitvi05_01chr03g05200	100
VIT_03s0038g04700	Vitvi05_01chr03g05230	97.4
VIT_03s0038g04760	Vitvi05_01chr03g05290	62.6
VIT_03s0063g00010	Vitvi05_01chr03g08560	57.7
VIT_03s0063g00120	Vitvi05_01chr03g08460	76.4
VIT_03s0063g00180	Vitvi05_01chr03g08380	54.4
VIT_03s0063g00210	Vitvi05_01chr03g08350	76.8
VIT_03s0063g00370	Vitvi05_01chr03g08190	84.5
VIT_03s0063g00460	Vitvi05_01chr03g08070	50.2
VIT_03s0063g00800	Vitvi05_01chr03g07750	93.3
VIT_03s0063g00810	Vitvi05_01chr03g07740	95.7
VIT_03s0063g01290	Vitvi05_01chr03g07140	80.1
VIT_03s0063g01330	Vitvi05_01chr03g07080	79.4
VIT_03s0063g01340	Vitvi05_01chr03g07070	72.9
VIT_03s0063g01380	Vitvi05_01chr03g07010	59.1
VIT_03s0063g01480	Vitvi05_01chr03g06830	87.9
VIT_03s0063g01560	Vitvi05_01chr03g06760	83.5
VIT_03s0063g01760	Vitvi05_01chr03g06560	62.8
VIT_03s0063g01770	Vitvi05_01chr03g06550	56.9
VIT_03s0063g01880	Vitvi05_01chr03g06360	97.2
VIT_03s0063g01930	Vitvi05_01chr03g06300	53.5
VIT_03s0063g01960	Vitvi05_01chr03g06270	82.2
VIT_03s0063g01970	Vitvi05_01chr03g06260	76.1
VIT_03s0063g02020	Vitvi05_01chr03g06210	94.8
VIT_03s0063g02250	Vitvi05_01chr03g05940	66.7
VIT_03s0063g02360	Vitvi05_01chr03g05820	74.6
VIT_03s0063g02380	Vitvi05_01chr03g05780	51.2
VIT_03s0063g02490	Vitvi05_01chr03g05650	90.6
VIT_03s0063g02620	Vitvi05_01chr03g05500	94
VIT_03s0088g00050	Vitvi05_01chr03g10760	73.1
VIT_03s0088g00060	Vitvi05_01chr03g10790	81.1
VIT_03s0088g00140	Vitvi05_01chr03g10920	86
VIT_03s0088g00210	Vitvi05_01chr03g11000	87.2
VIT_03s0088g00320	Vitvi05_01chr03g11170	72.1
VIT_03s0088g00620	Vitvi05_01chr03g11490	74.4
VIT_03s0088g00700	Vitvi05_01chr03g11570	51.4
VIT_03s0088g00710	Vitvi05_01chr03g11580	58.2
VIT_03s0088g00810	Vitvi05_01chr03g11650	60.7
VIT_03s0088g01190	Vitvi05_01chr03g12080	90.4
VIT_03s0088g01250	Vitvi05_01chr03g12120	99.2
VIT_03s0091g00160	Vitvi05_01chr03g09150	65.6
VIT_03s0091g00210	Vitvi05_01chr03g09280	56.4
VIT_03s0091g00260	Vitvi05_01chr03g09350	84.3
VIT_03s0091g00410	Vitvi05_01chr03g09540	54.8
VIT_03s0091g00420	Vitvi05_01chr03g09550	62.6
VIT_03s0091g00430	Vitvi05_01chr03g09570	82.7
VIT_03s0091g00450	Vitvi05_01chr03g09590	91.4
VIT_03s0091g00490	Vitvi05_01chr03g09650	58.1
VIT_03s0091g00500	Vitvi05_01chr03g09660	51.3
VIT_03s0091g01010	Vitvi05_01chr03g10340	93.4
VIT_03s0091g01060	Vitvi05_01chr03g10410	57.5
VIT_03s0091g01240	Vitvi05_01chr03g10670	88.2
VIT_03s0091g01290	Vitvi05_01chr03g10690	84.9
VIT_03s0110g00300	Vitvi05_01chr03g15540	91
VIT_03s0132g00070	Vitvi05_01chr03g14410	88.3
VIT_03s0132g00100	Vitvi05_01chr03g14390	83.3
VIT_03s0167g00010	Vitvi05_01chr03g13770	64.1
VIT_03s0167g00220	Vitvi05_01chr03g13500	51
VIT_03s0180g00070	Vitvi05_01chr03g08660	80.6
VIT_03s0180g00090	Vitvi05_01chr03g08690	91.4
VIT_03s0180g00110	Vitvi05_01chr03g08710	91.8
VIT_03s0180g00210	Vitvi05_01chr03g08840	63.5
VIT_03s0180g00280	Vitvi05_01chr03g08920	69.4
VIT_04s0008g00460	Vitvi05_01chr04g00490	81.5
VIT_04s0008g00960	Vitvi05_01chr04g01070	96.7
VIT_04s0008g01070	Vitvi05_01chr04g01190	79.5
VIT_04s0008g01110	Vitvi05_01chr04g01220	86.7
VIT_04s0008g01160	Vitvi05_01chr04g01270	64.9
VIT_04s0008g01210	Vitvi05_01chr04g01330	53.6
VIT_04s0008g01380	Vitvi05_01chr04g01530	64.8
VIT_04s0008g01520	Vitvi05_01chr04g01690	53.7
VIT_04s0008g01560	Vitvi05_01chr04g01740	100
VIT_04s0008g01570	Vitvi05_01chr04g01750	51.4
VIT_04s0008g01700	Vitvi05_01chr04g01920	56.2
VIT_04s0008g01720	Vitvi05_01chr04g01940	87.1
VIT_04s0008g01730	Vitvi05_01chr04g01950	94.8
VIT_04s0008g01740	Vitvi05_01chr04g01960	99.2
VIT_04s0008g01850	Vitvi05_01chr04g02110	73
VIT_04s0008g01880	Vitvi05_01chr04g02140	84.8
VIT_04s0008g01900	Vitvi05_01chr04g02160	96.4
VIT_04s0008g01910	Vitvi05_01chr04g02170	86.1
VIT_04s0008g01970	Vitvi05_01chr04g02220	84.5
VIT_04s0008g02640	Vitvi05_01chr04g03010	91.8
VIT_04s0008g02670	Vitvi05_01chr04g03050	99.1
VIT_04s0008g02760	Vitvi05_01chr04g03170	70.3
VIT_04s0008g03240	Vitvi05_01chr04g03750	78.5
VIT_04s0008g03270	Vitvi05_01chr04g03800	72.4
VIT_04s0008g03760	Vitvi05_01chr04g04370	86.5
VIT_04s0008g03950	Vitvi05_01chr04g04620	80.9
VIT_04s0008g04050	Vitvi05_01chr04g04750	80
VIT_04s0008g04060	Vitvi05_01chr04g04780	72
VIT_04s0008g04160	Vitvi05_01chr04g04900	77.4
VIT_04s0008g04240	Vitvi05_01chr04g05040	95.6
VIT_04s0008g04990	Vitvi05_01chr04g06120	93.6
VIT_04s0008g05010	Vitvi05_01chr04g06150	86.4
VIT_04s0008g05120	Vitvi05_01chr04g06280	88.7
VIT_04s0008g05220	Vitvi05_01chr04g06420	95.7
VIT_04s0008g05340	Vitvi05_01chr04g06560	89.1
VIT_04s0008g05510	Vitvi05_01chr04g06780	85.9
VIT_04s0008g05770	Vitvi05_01chr04g07060	80.7
VIT_04s0008g05830	Vitvi05_01chr04g07200	83.7
VIT_04s0008g06140	Vitvi05_01chr04g07710	82.5
VIT_04s0008g06150	Vitvi05_01chr04g07730	81.9
VIT_04s0008g06570	Vitvi05_01chr04g08350	87.9
VIT_04s0023g00130	Vitvi05_01chr04g15720	94.6
VIT_04s0023g00320	Vitvi05_01chr04g16050	82.7
VIT_04s0023g00410	Vitvi05_01chr04g16130	82.9
VIT_04s0023g01110	Vitvi05_01chr04g17220	88.7
VIT_04s0023g01140	Vitvi05_01chr04g17260	69.4
VIT_04s0023g01150	Vitvi05_01chr04g17270	59.5
VIT_04s0023g01520	Vitvi05_01chr04g17870	99.6
VIT_04s0023g01660	Vitvi05_01chr04g18040	78.5
VIT_04s0023g01800	Vitvi05_01chr04g18250	83.5
VIT_04s0023g02110	Vitvi05_01chr04g18590	92.4
VIT_04s0023g02130	Vitvi05_01chr04g18610	82.2
VIT_04s0023g02200	Vitvi05_01chr04g18680	79.1
VIT_04s0023g02280	Vitvi05_01chr04g18750	71.1
VIT_04s0023g02510	Vitvi05_01chr04g19060	99.3
VIT_04s0023g02650	Vitvi05_01chr04g19270	73.1
VIT_04s0023g02690	Vitvi05_01chr04g19300	89.2
VIT_04s0023g02730	Vitvi05_01chr04g19350	79.8
VIT_04s0023g02810	Vitvi05_01chr04g19480	82.3
VIT_04s0023g02900	Vitvi05_01chr04g19690	81.7
VIT_04s0023g03010	Vitvi05_01chr04g19810	97.2
VIT_04s0023g03130	Vitvi05_01chr04g19930	77.5
VIT_04s0023g03230	Vitvi05_01chr04g20060	53.2
VIT_04s0023g03240	Vitvi05_01chr04g20080	71.5
VIT_04s0023g03510	Vitvi05_01chr04g20440	76.7
VIT_04s0023g03550	Vitvi05_01chr04g20470	67.5
VIT_04s0023g03610	Vitvi05_01chr04g20580	92.9
VIT_04s0023g03650	Vitvi05_01chr04g20640	97
VIT_04s0023g03710	Vitvi05_01chr04g20720	65.3
VIT_04s0023g03810	Vitvi05_01chr04g20830	91.4
VIT_04s0043g00160	Vitvi05_01chr04g13450	70.2
VIT_04s0044g00020	Vitvi05_01chr04g22260	88.8
VIT_04s0044g00040	Vitvi05_01chr04g22300	62.9
VIT_04s0044g00190	Vitvi05_01chr04g22540	62.5
VIT_04s0044g00220	Vitvi05_01chr04g22570	81.9
VIT_04s0044g00530	Vitvi05_01chr04g22950	81.7
VIT_04s0044g00730	Vitvi05_01chr04g23540	98.1
VIT_04s0044g01000	Vitvi05_01chr04g23890	54.5
VIT_04s0044g01100	Vitvi05_01chr04g24010	58
VIT_04s0044g01130	Vitvi05_01chr04g24060	79
VIT_04s0044g01230	Vitvi05_01chr04g24280	84.9
VIT_04s0044g01300	Vitvi05_01chr04g24360	94.9
VIT_04s0044g01310	Vitvi05_01chr04g24370	62.2
VIT_04s0044g01410	Vitvi05_01chr04g24510	52.1
VIT_04s0044g01740	Vitvi05_01chr04g25120	82.3
VIT_04s0044g01760	Vitvi05_01chr04g25140	66.9
VIT_04s0044g01850	Vitvi05_01chr04g25210	81.5
VIT_04s0044g01860	Vitvi05_01chr04g25220	99.8
VIT_04s0044g01870	Vitvi05_01chr04g25240	97.8
VIT_04s0044g01880	Vitvi05_01chr04g25250	56.7
VIT_04s0069g00780	Vitvi05_01chr04g10510	61
VIT_04s0079g00260	Vitvi05_01chr04g11990	98.3
VIT_04s0079g00420	Vitvi05_01chr04g12210	96
VIT_04s0079g00680	Vitvi05_01chr04g12540	83.8
VIT_04s0079g00690	Vitvi05_01chr04g12550	80
VIT_05s0020g00440	Vitvi05_01chr05g03630	88.7
VIT_05s0020g00600	Vitvi05_01chr05g03780	58.5
VIT_05s0020g00680	Vitvi05_01chr05g03850	70.4
VIT_05s0020g00730	Vitvi05_01chr05g03890	66.5
VIT_05s0020g00840	Vitvi05_01chr05g04000	75.3
VIT_05s0020g00930	Vitvi05_01chr05g04080	82.8
VIT_05s0020g00960	Vitvi05_01chr05g04110	71.8
VIT_05s0020g01110	Vitvi05_01chr05g04300	88.7
VIT_05s0020g01140	Vitvi05_01chr05g04340	84
VIT_05s0020g01420	Vitvi05_01chr05g04730	65.6
VIT_05s0020g01530	Vitvi05_01chr05g04850	77.2
VIT_05s0020g01820	Vitvi05_01chr05g05310	66.3
VIT_05s0020g01840	Vitvi05_01chr05g05330	80.4
VIT_05s0020g02130	Vitvi05_01chr05g05720	96.9
VIT_05s0020g02170	Vitvi05_01chr05g05810	67.8
VIT_05s0020g02290	Vitvi05_01chr05g05960	69.8
VIT_05s0020g02480	Vitvi05_01chr05g06190	89.3
VIT_05s0020g02500	Vitvi05_01chr05g06210	75
VIT_05s0020g02690	Vitvi05_01chr05g06470	71.4
VIT_05s0020g02810	Vitvi05_01chr05g06700	80.7
VIT_05s0020g02880	Vitvi05_01chr05g06770	87.9
VIT_05s0020g02890	Vitvi05_01chr05g06790	75.9
VIT_05s0020g03040	Vitvi05_01chr05g06990	94.2
VIT_05s0020g03130	Vitvi05_01chr05g07070	95.1
VIT_05s0020g03140	Vitvi05_01chr05g07090	70.7
VIT_05s0020g03170	Vitvi05_01chr05g07150	70.8
VIT_05s0020g03280	Vitvi05_01chr05g07310	86.8
VIT_05s0020g03320	Vitvi05_01chr05g07370	95.6
VIT_05s0020g03490	Vitvi05_01chr05g07610	90.4
VIT_05s0020g03650	Vitvi05_01chr05g07770	54.3
VIT_05s0020g03860	Vitvi05_01chr05g08050	93.7
VIT_05s0020g03870	Vitvi05_01chr05g08060	95.7
VIT_05s0020g03880	Vitvi05_01chr05g08080	89.8
VIT_05s0020g03970	Vitvi05_01chr05g08160	79
VIT_05s0020g04110	Vitvi05_01chr05g08450	88.5
VIT_05s0020g04130	Vitvi05_01chr05g08480	87.2
VIT_05s0020g04240	Vitvi05_01chr05g08640	95.1
VIT_05s0020g04420	Vitvi05_01chr05g09000	83
VIT_05s0020g04510	Vitvi05_01chr05g09140	67.4
VIT_05s0020g04540	Vitvi05_01chr05g09160	52
VIT_05s0020g04570	Vitvi05_01chr05g09190	73.8
VIT_05s0020g04690	Vitvi05_01chr05g09330	83.4
VIT_05s0020g04780	Vitvi05_01chr05g09450	81.4
VIT_05s0020g04860	Vitvi05_01chr05g09550	77.4
VIT_05s0020g04880	Vitvi05_01chr05g09620	86.6
VIT_05s0029g00390	Vitvi05_01chr05g16590	64
VIT_05s0029g00480	Vitvi05_01chr05g16770	95.2
VIT_05s0029g01000	Vitvi05_01chr05g17800	58.6
VIT_05s0029g01140	Vitvi05_01chr05g18150	87.1
VIT_05s0049g00010	Vitvi05_01chr05g09950	87.1
VIT_05s0049g00120	Vitvi05_01chr05g10070	52.4
VIT_05s0049g00270	Vitvi05_01chr05g10300	62.6
VIT_05s0049g00390	Vitvi05_01chr05g10400	92.2
VIT_05s0049g00420	Vitvi05_01chr05g10440	77.7
VIT_05s0049g00660	Vitvi05_01chr05g10680	96.9
VIT_05s0049g00730	Vitvi05_01chr05g10740	61.6
VIT_05s0049g00740	Vitvi05_01chr05g10750	81.8
VIT_05s0049g00840	Vitvi05_01chr05g10840	82.5
VIT_05s0049g00950	Vitvi05_01chr05g10960	65.7
VIT_05s0049g01020	Vitvi05_01chr05g11030	70.1
VIT_05s0049g01130	Vitvi05_01chr05g11160	97.4
VIT_05s0049g01180	Vitvi05_01chr05g11220	62.1
VIT_05s0049g01320	Vitvi05_01chr05g11490	64.2
VIT_05s0049g01480	Vitvi05_01chr05g11770	95.8
VIT_05s0049g01550	Vitvi05_01chr05g11840	98.1
VIT_05s0049g01760	Vitvi05_01chr05g12040	61.5
VIT_05s0049g01780	Vitvi05_01chr05g12070	82.6
VIT_05s0051g00590	Vitvi05_01chr05g14210	75.9
VIT_05s0062g00240	Vitvi05_01chr05g19370	67.1
VIT_05s0062g00250	Vitvi05_01chr05g19380	70.7
VIT_05s0062g00430	Vitvi05_01chr05g19560	93.3
VIT_05s0062g00480	Vitvi05_01chr05g19600	64.6
VIT_05s0062g00520	Vitvi05_01chr05g19620	62.6
VIT_05s0062g00610	Vitvi05_01chr05g19710	74.4
VIT_05s0062g00630	Vitvi05_01chr05g19740	83.5
VIT_05s0062g00700	Vitvi05_01chr05g19860	64.8
VIT_05s0062g00780	Vitvi05_01chr05g19980	76.4
VIT_05s0062g00810	Vitvi05_01chr05g20010	63.9
VIT_05s0062g00980	Vitvi05_01chr05g20270	62.5
VIT_05s0062g01120	Vitvi05_01chr05g20450	71.7
VIT_05s0062g01190	Vitvi05_01chr05g20580	66.6
VIT_05s0062g01320	Vitvi05_01chr05g20760	63.9
VIT_05s0062g01430	Vitvi05_01chr07g17740	54.2
VIT_05s0077g00170	Vitvi05_01chr05g02840	98.5
VIT_05s0077g00520	Vitvi05_01chr05g02480	94.1
VIT_05s0077g00530	Vitvi05_01chr05g13120	80.2
VIT_05s0077g00540	Vitvi05_01chr05g02460	73.1
VIT_05s0077g00560	Vitvi05_01chr05g02430	88.6
VIT_05s0077g01150	Vitvi05_01chr05g01580	76.3
VIT_05s0077g01250	Vitvi05_01chr05g01430	76.1
VIT_05s0077g01300	Vitvi05_01chr05g01350	86.3
VIT_05s0077g01450	Vitvi05_01chr05g01140	50
VIT_05s0077g01540	Vitvi05_01chr05g01030	50.5
VIT_05s0077g01650	Vitvi05_01chr05g00920	61.1
VIT_05s0077g01720	Vitvi05_01chr05g00840	81.2
VIT_05s0077g01860	Vitvi05_01chr05g00650	77.6
VIT_05s0077g01930	Vitvi05_01chr05g00560	94.5
VIT_05s0077g01980	Vitvi05_01chr05g00500	89
VIT_05s0077g02260	Vitvi05_01chr05g00160	67
VIT_05s0094g00300	Vitvi05_01chr05g24990	88.8
VIT_05s0094g00340	Vitvi05_01chr05g25050	50.8
VIT_05s0094g00360	Vitvi05_01chr05g25080	51
VIT_05s0094g00470	Vitvi05_01chr05g25240	82.4
VIT_05s0094g00930	Vitvi05_01chr05g25860	93.3
VIT_05s0094g01080	Vitvi05_01chr05g26060	88.1
VIT_05s0094g01160	Vitvi05_01chr05g26160	79.3
VIT_05s0094g01250	Vitvi05_01chr05g26200	51.5
VIT_05s0094g01260	Vitvi05_01chr05g26210	68.9
VIT_05s0094g01570	Vitvi05_01chr05g26640	75.1
VIT_05s0094g01590	Vitvi05_01chr05g26650	81.5
VIT_05s0102g00120	Vitvi05_01chr05g22460	90.9
VIT_05s0102g00190	Vitvi05_01chr05g22590	80.1
VIT_05s0102g00310	Vitvi05_01chr05g22740	84.9
VIT_05s0102g00450	Vitvi05_01chr05g22910	58.7
VIT_05s0102g00590	Vitvi05_01chr05g23120	93.2
VIT_05s0102g00600	Vitvi05_01chr05g23130	51.5
VIT_05s0102g00620	Vitvi05_01chr05g23150	54.2
VIT_05s0102g00660	Vitvi05_01chr05g23210	52.5
VIT_05s0102g00710	Vitvi05_01chr05g23320	85.1
VIT_05s0102g00750	Vitvi05_01chr05g23360	81.5
VIT_05s0136g00260	Vitvi05_01chr05g15660	76.8
VIT_06s0004g00130	Vitvi05_01chr06g00340	99.8
VIT_06s0004g00220	Vitvi05_01chr06g00460	80
VIT_06s0004g00260	Vitvi05_01chr06g00500	75.5
VIT_06s0004g00440	Vitvi05_01chr06g00820	69.1
VIT_06s0004g00490	Vitvi05_01chr06g00870	67.9
VIT_06s0004g00590	Vitvi05_01chr06g00980	86.2
VIT_06s0004g00910	Vitvi05_01chr06g01400	78.7
VIT_06s0004g00960	Vitvi05_01chr06g01480	67
VIT_06s0004g00980	Vitvi05_01chr06g01500	57.1
VIT_06s0004g00990	Vitvi05_01chr06g01510	71.9
VIT_06s0004g01010	Vitvi05_01chr06g01530	58.6
VIT_06s0004g01140	Vitvi05_01chr06g01760	97.1
VIT_06s0004g01160	Vitvi05_01chr06g01770	90.2
VIT_06s0004g01250	Vitvi05_01chr06g01920	91.4
VIT_06s0004g01390	Vitvi05_01chr06g02160	71.4
VIT_06s0004g01510	Vitvi05_01chr06g02410	91.2
VIT_06s0004g01640	Vitvi05_01chr06g02610	86.3
VIT_06s0004g01750	Vitvi05_01chr06g02750	83.5
VIT_06s0004g01870	Vitvi05_01chr06g02930	69.3
VIT_06s0004g01890	Vitvi05_01chr06g02970	79.9
VIT_06s0004g01990	Vitvi05_01chr06g03110	95.3
VIT_06s0004g02230	Vitvi05_01chr06g03390	93.5
VIT_06s0004g02370	Vitvi05_01chr06g03670	92.3
VIT_06s0004g02380	Vitvi05_01chr06g03680	86.9
VIT_06s0004g02560	Vitvi05_01chr06g03930	59
VIT_06s0004g02640	Vitvi05_01chr06g04090	69.3
VIT_06s0004g03020	Vitvi05_01chr06g04590	52.3
VIT_06s0004g03130	Vitvi05_01chr06g04710	92.9
VIT_06s0004g03240	Vitvi05_01chr06g04890	72.8
VIT_06s0004g03260	Vitvi05_01chr06g04920	91.5
VIT_06s0004g03690	Vitvi05_01chr06g05620	98.5
VIT_06s0004g04010	Vitvi05_01chr06g06030	76.2
VIT_06s0004g04110	Vitvi05_01chr06g06170	51.7
VIT_06s0004g04130	Vitvi05_01chr06g06190	97.6
VIT_06s0004g04320	Vitvi05_01chr06g06550	91.6
VIT_06s0004g04610	Vitvi05_01chr06g06960	53
VIT_06s0004g04640	Vitvi05_01chr06g06990	59.9
VIT_06s0004g04700	Vitvi05_01chr06g07050	83.9
VIT_06s0004g04860	Vitvi05_01chr06g07290	72.3
VIT_06s0004g05110	Vitvi05_01chr06g07680	75
VIT_06s0004g05180	Vitvi05_01chr06g07770	74.5
VIT_06s0004g05230	Vitvi05_01chr06g07820	89.6
VIT_06s0004g05330	Vitvi05_01chr06g07930	68.4
VIT_06s0004g05380	Vitvi05_01chr06g07980	84.3
VIT_06s0004g05400	Vitvi05_01chr06g08000	83.6
VIT_06s0004g05430	Vitvi05_01chr06g08020	82.9
VIT_06s0004g05680	Vitvi05_01chr06g08370	54.3
VIT_06s0004g05740	Vitvi05_01chr06g08420	72.3
VIT_06s0004g05770	Vitvi05_01chr06g08500	66.8
VIT_06s0004g05780	Vitvi05_01chr06g08510	91.8
VIT_06s0004g05910	Vitvi05_01chr06g08690	75.5
VIT_06s0004g06660	Vitvi05_01chr06g09680	79.6
VIT_06s0004g06790	Vitvi05_01chr06g09820	87.8
VIT_06s0004g06830	Vitvi05_01chr06g09870	93.8
VIT_06s0004g07090	Vitvi05_01chr06g10270	53.3
VIT_06s0004g07230	Vitvi05_01chr06g10450	99.2
VIT_06s0004g07310	Vitvi05_01chr06g10530	78
VIT_06s0004g07550	Vitvi05_01chr06g10940	52.1
VIT_06s0004g07680	Vitvi05_01chr06g11150	70.6
VIT_06s0004g07770	Vitvi05_01chr06g11220	92.9
VIT_06s0004g07790	Vitvi05_01chr06g11280	76.1
VIT_06s0004g07880	Vitvi05_01chr06g11400	60.6
VIT_06s0004g08150	Vitvi05_01chr06g11750	68.1
VIT_06s0004g08210	Vitvi05_01chr06g11850	57.9
VIT_06s0004g08380	Vitvi05_01chr06g12100	53.3
VIT_06s0009g00810	Vitvi05_01chr06g13870	81.6
VIT_06s0009g00980	Vitvi05_01chr06g14240	75.4
VIT_06s0009g01110	Vitvi05_01chr06g14420	51
VIT_06s0009g01140	Vitvi05_01chr06g14530	69.7
VIT_06s0009g01670	Vitvi05_01chr06g15240	98.4
VIT_06s0009g01770	Vitvi05_01chr06g15390	92.4
VIT_06s0009g02020	Vitvi05_01chr06g15730	74.5
VIT_06s0009g02500	Vitvi05_01chr06g16580	66.9
VIT_06s0009g02810	Vitvi05_01chr06g17100	68.2
VIT_06s0009g02880	Vitvi05_01chr06g17510	90.2
VIT_06s0009g02920	Vitvi05_01chr06g17540	93.1
VIT_06s0009g02970	Vitvi05_01chr06g17580	87.8
VIT_06s0009g03120	Vitvi05_01chr06g17730	75.2
VIT_06s0061g00150	Vitvi05_01chr06g18820	52.8
VIT_06s0061g00180	Vitvi05_01chr06g18900	87.7
VIT_06s0061g00280	Vitvi05_01chr06g19080	92.5
VIT_06s0061g00330	Vitvi05_01chr06g19170	75.5
VIT_06s0061g00350	Vitvi05_01chr06g19200	96.9
VIT_06s0061g00440	Vitvi05_01chr06g19320	60
VIT_06s0061g00550	Vitvi05_01chr06g19500	62.8
VIT_06s0061g00670	Vitvi05_01chr06g19640	52.9
VIT_06s0061g00680	Vitvi05_01chr06g19650	76.5
VIT_06s0061g00710	Vitvi05_01chr06g19740	62.7
VIT_06s0061g00730	Vitvi05_01chr06g19770	66.7
VIT_06s0061g00760	Vitvi05_01chr06g19800	60.3
VIT_06s0061g00770	Vitvi05_01chr06g19810	77.5
VIT_06s0061g01110	Vitvi05_01chr06g20330	97.5
VIT_06s0061g01210	Vitvi05_01chr06g20500	95.3
VIT_06s0061g01230	Vitvi05_01chr06g20530	83.2
VIT_06s0061g01290	Vitvi05_01chr06g20590	61.1
VIT_06s0061g01310	Vitvi05_01chr06g20610	93.4
VIT_06s0061g01370	Vitvi05_01chr06g20670	99.5
VIT_06s0061g01380	Vitvi05_01chr06g20690	71.3
VIT_06s0061g01470	Vitvi05_01chr06g20820	89.5
VIT_06s0080g00150	Vitvi05_01chr06g21290	65.9
VIT_06s0080g00320	Vitvi05_01chr06g21470	71.2
VIT_06s0080g00420	Vitvi05_01chr06g21600	66.7
VIT_06s0080g00570	Vitvi05_01chr06g21810	60.7
VIT_06s0080g00660	Vitvi05_01chr06g21980	75
VIT_06s0080g00760	Vitvi05_01chr06g22080	78.1
VIT_06s0080g00920	Vitvi05_01chr06g22400	57.7
VIT_07s0005g00090	Vitvi05_01chr07g04800	77.2
VIT_07s0005g00140	Vitvi05_01chr07g04860	96.4
VIT_07s0005g00170	Vitvi05_01chr07g04900	61.2
VIT_07s0005g00260	Vitvi05_01chr07g05010	95
VIT_07s0005g00280	Vitvi05_01chr07g05030	63.3
VIT_07s0005g00660	Vitvi05_01chr07g05480	67.1
VIT_07s0005g00730	Vitvi05_01chr07g05560	81.6
VIT_07s0005g00830	Vitvi05_01chr07g05690	84.5
VIT_07s0005g00870	Vitvi05_01chr07g05730	96.1
VIT_07s0005g01140	Vitvi05_01chr07g06090	72.3
VIT_07s0005g01210	Vitvi05_01chr07g06160	77.5
VIT_07s0005g01240	Vitvi05_01chr07g06220	67.2
VIT_07s0005g01320	Vitvi05_01chr07g06290	75.5
VIT_07s0005g01340	Vitvi05_01chr07g06310	59.1
VIT_07s0005g01680	Vitvi05_01chr07g06730	75
VIT_07s0005g01700	Vitvi05_01chr07g06780	52.3
VIT_07s0005g01790	Vitvi05_01chr07g06900	85.8
VIT_07s0005g01830	Vitvi05_01chr07g06940	77.4
VIT_07s0005g01970	Vitvi05_01chr07g07080	71.8
VIT_07s0005g02060	Vitvi05_01chr07g07200	64
VIT_07s0005g02120	Vitvi05_01chr07g07260	92
VIT_07s0005g02220	Vitvi05_01chr07g07410	90.4
VIT_07s0005g02410	Vitvi05_01chr07g07670	92.4
VIT_07s0005g02450	Vitvi05_01chr07g07720	70.8
VIT_07s0005g02470	Vitvi05_01chr07g07740	93.7
VIT_07s0005g02590	Vitvi05_01chr07g07860	78.1
VIT_07s0005g02710	Vitvi05_01chr07g08010	91.8
VIT_07s0005g02730	Vitvi05_01chr07g08040	68.5
VIT_07s0005g03340	Vitvi05_01chr07g09050	74.4
VIT_07s0005g03390	Vitvi05_01chr07g09120	71.2
VIT_07s0005g03400	Vitvi05_01chr07g09130	95.4
VIT_07s0005g03410	Vitvi05_01chr07g09140	97.8
VIT_07s0005g03420	Vitvi05_01chr07g09150	58.7
VIT_07s0005g03960	Vitvi05_01chr07g10040	80
VIT_07s0005g04130	Vitvi05_01chr07g10240	95.7
VIT_07s0005g04400	Vitvi05_01chr07g10580	90.4
VIT_07s0005g04890	Vitvi05_01chr07g11230	71.9
VIT_07s0005g04920	Vitvi05_01chr07g11260	58.5
VIT_07s0005g06200	Vitvi05_01chr07g13000	89.1
VIT_07s0005g06520	Vitvi05_01chr07g13520	83.8
VIT_07s0031g00120	Vitvi05_01chr07g27670	94.3
VIT_07s0031g00350	Vitvi05_01chr07g27970	74.4
VIT_07s0031g00480	Vitvi05_01chr07g28100	66.5
VIT_07s0031g00530	Vitvi05_01chr07g28150	57.6
VIT_07s0031g00590	Vitvi05_01chr07g28230	83
VIT_07s0031g00610	Vitvi05_01chr07g28250	80.9
VIT_07s0031g00650	Vitvi05_01chr07g28290	69
VIT_07s0031g00920	Vitvi05_01chr07g28730	68.2
VIT_07s0031g01160	Vitvi05_01chr07g29000	51.1
VIT_07s0031g01680	Vitvi05_01chr07g29700	87.3
VIT_07s0031g01710	Vitvi05_01chr07g29730	80.3
VIT_07s0031g01930	Vitvi05_01chr07g30020	78.8
VIT_07s0031g01980	Vitvi05_01chr07g30110	63.6
VIT_07s0031g02170	Vitvi05_01chr07g30360	79.8
VIT_07s0031g02340	Vitvi05_01chr07g30550	76
VIT_07s0031g02390	Vitvi05_01chr07g30660	97.9
VIT_07s0031g02480	Vitvi05_01chr07g30750	96.6
VIT_07s0031g02550	Vitvi05_01chr07g30900	74.9
VIT_07s0031g02560	Vitvi05_01chr07g30910	90.8
VIT_07s0031g02630	Vitvi05_01chr07g31080	87.9
VIT_07s0031g02950	Vitvi05_01chr07g31690	84.9
VIT_07s0031g03000	Vitvi05_01chr07g31770	94.5
VIT_07s0031g03220	Vitvi05_01chr07g32110	79.9
VIT_07s0095g00550	Vitvi05_01chr07g14580	85.1
VIT_07s0095g00760	Vitvi05_01chr07g14200	90.2
VIT_07s0104g00410	Vitvi05_01chr07g02860	92.1
VIT_07s0104g00420	Vitvi05_01chr07g02870	82.3
VIT_07s0104g00510	Vitvi05_01chr07g02970	92.9
VIT_07s0104g00730	Vitvi05_01chr07g03200	95.2
VIT_07s0104g00790	Vitvi05_01chr07g03290	88.2
VIT_07s0104g00830	Vitvi05_01chr07g03330	62.3
VIT_07s0104g01800	Vitvi05_01chr07g04650	50.6
VIT_07s0104g01820	Vitvi05_01chr07g04670	63.6
VIT_07s0104g01830	Vitvi05_01chr07g04680	66.7
VIT_07s0129g00100	Vitvi05_01chr07g26370	86
VIT_07s0129g00200	Vitvi05_01chr07g26410	53.6
VIT_07s0129g00210	Vitvi05_01chr07g26430	79.7
VIT_07s0129g00240	Vitvi05_01chr07g26470	62.2
VIT_07s0129g00250	Vitvi05_01chr07g26480	58
VIT_07s0129g00290	Vitvi05_01chr07g26550	95
VIT_07s0129g00310	Vitvi05_01chr07g26570	100
VIT_07s0129g00330	Vitvi05_01chr07g26590	68.9
VIT_07s0129g00490	Vitvi05_01chr07g26800	77.5
VIT_07s0129g00560	Vitvi05_01chr07g26910	56.4
VIT_07s0129g00580	Vitvi05_01chr07g26930	70.7
VIT_07s0129g00660	Vitvi05_01chr07g26990	53.5
VIT_07s0129g00730	Vitvi05_01chr07g27060	79.3
VIT_07s0129g00790	Vitvi05_01chr07g27130	67.1
VIT_07s0129g00870	Vitvi05_01chr07g27230	86.7
VIT_07s0129g00960	Vitvi05_01chr07g27320	68.3
VIT_07s0129g00970	Vitvi05_01chr07g27350	79.2
VIT_07s0129g01090	Vitvi05_01chr07g27500	79.4
VIT_07s0141g00360	Vitvi05_01chr07g00670	80.5
VIT_07s0141g00520	Vitvi05_01chr07g19020	73.3
VIT_07s0141g00590	Vitvi05_01chr07g00420	85.2
VIT_07s0151g00340	Vitvi05_01chr07g01710	90
VIT_07s0151g00640	Vitvi05_01chr07g01900	80.3
VIT_07s0151g00760	Vitvi05_01chr07g01990	60.6
VIT_07s0151g01070	Vitvi05_01chr07g02330	90.9
VIT_07s0185g00050	Vitvi05_01chr07g15340	73.7
VIT_07s0197g00060	Vitvi05_01chr07g22110	71.7
VIT_08s0007g00410	Vitvi05_01chr08g13830	51.9
VIT_08s0007g00440	Vitvi05_01chr08g13860	77.6
VIT_08s0007g00470	Vitvi05_01chr08g13890	90.4
VIT_08s0007g00610	Vitvi05_01chr08g14020	80.2
VIT_08s0007g00780	Vitvi05_01chr08g14220	56.9
VIT_08s0007g00840	Vitvi05_01chr08g14280	58.3
VIT_08s0007g00980	Vitvi05_01chr08g14410	78.4
VIT_08s0007g01040	Vitvi05_01chr08g14460	85.5
VIT_08s0007g01110	Vitvi05_01chr08g14550	58.1
VIT_08s0007g01120	Vitvi05_01chr08g14560	100
VIT_08s0007g01300	Vitvi05_01chr08g14820	64.9
VIT_08s0007g01350	Vitvi05_01chr08g14920	79.5
VIT_08s0007g01490	Vitvi05_01chr08g15120	51.1
VIT_08s0007g01520	Vitvi05_01chr08g15150	94.3
VIT_08s0007g01530	Vitvi05_01chr08g15160	78.1
VIT_08s0007g01560	Vitvi05_01chr08g15190	54.3
VIT_08s0007g01570	Vitvi05_01chr08g15200	74.8
VIT_08s0007g01630	Vitvi05_01chr08g15280	70
VIT_08s0007g01650	Vitvi05_01chr08g15340	87.5
VIT_08s0007g01810	Vitvi05_01chr08g15530	85.4
VIT_08s0007g01930	Vitvi05_01chr08g15690	81.8
VIT_08s0007g02000	Vitvi05_01chr08g15780	83.8
VIT_08s0007g02020	Vitvi05_01chr08g15800	91.8
VIT_08s0007g02030	Vitvi05_01chr08g15900	69.9
VIT_08s0007g02190	Vitvi05_01chr08g16090	53.6
VIT_08s0007g02240	Vitvi05_01chr08g16150	80.7
VIT_08s0007g02290	Vitvi05_01chr08g16260	69
VIT_08s0007g02440	Vitvi05_01chr08g16550	80.1
VIT_08s0007g02470	Vitvi05_01chr08g16620	63.5
VIT_08s0007g03040	Vitvi05_01chr08g17270	69.1
VIT_08s0007g03110	Vitvi05_01chr08g17350	84.8
VIT_08s0007g03240	Vitvi05_01chr08g17500	68.4
VIT_08s0007g03630	Vitvi05_01chr08g17980	51.1
VIT_08s0007g03670	Vitvi05_01chr08g18050	97
VIT_08s0007g03690	Vitvi05_01chr08g18070	73.6
VIT_08s0007g03710	Vitvi05_01chr08g18100	87.1
VIT_08s0007g03820	Vitvi05_01chr08g18210	62.2
VIT_08s0007g03990	Vitvi05_01chr08g18440	85
VIT_08s0007g04180	Vitvi05_01chr08g18660	89.1
VIT_08s0007g04240	Vitvi05_01chr08g18740	80.1
VIT_08s0007g04340	Vitvi05_01chr08g18840	91.4
VIT_08s0007g04510	Vitvi05_01chr08g19040	89.4
VIT_08s0007g04550	Vitvi05_01chr08g19080	79.4
VIT_08s0007g04770	Vitvi05_01chr08g19440	60.6
VIT_08s0007g04800	Vitvi05_01chr08g19490	90.3
VIT_08s0007g04950	Vitvi05_01chr08g19690	51.5
VIT_08s0007g05000	Vitvi05_01chr08g19740	74.9
VIT_08s0007g05010	Vitvi05_01chr08g19750	91.1
VIT_08s0007g05060	Vitvi05_01chr08g19860	83.8
VIT_08s0007g05210	Vitvi05_01chr08g20040	82.9
VIT_08s0007g05540	Vitvi05_01chr08g20400	89.7
VIT_08s0007g05580	Vitvi05_01chr08g20460	82.8
VIT_08s0007g05860	Vitvi05_01chr08g20890	81.4
VIT_08s0007g05940	Vitvi05_01chr08g21020	89.5
VIT_08s0007g06040	Vitvi05_01chr08g21100	52
VIT_08s0007g06060	Vitvi05_01chr08g21110	50.5
VIT_08s0007g06200	Vitvi05_01chr08g21420	84.7
VIT_08s0007g06430	Vitvi05_01chr08g21720	82.1
VIT_08s0007g06520	Vitvi05_01chr08g21820	53.5
VIT_08s0007g06820	Vitvi05_01chr08g22180	90.8
VIT_08s0007g06960	Vitvi05_01chr08g22310	55
VIT_08s0007g07000	Vitvi05_01chr08g22350	84.9
VIT_08s0007g07270	Vitvi05_01chr08g22660	85.2
VIT_08s0007g07400	Vitvi05_01chr08g22800	72.8
VIT_08s0007g07480	Vitvi05_01chr08g22880	82.3
VIT_08s0007g07550	Vitvi05_01chr08g22950	52.9
VIT_08s0007g07640	Vitvi05_01chr08g23070	60.9
VIT_08s0007g07690	Vitvi05_01chr08g23110	63.6
VIT_08s0007g07720	Vitvi05_01chr08g23150	55.1
VIT_08s0007g07920	Vitvi05_01chr08g23400	86.2
VIT_08s0007g07990	Vitvi05_01chr08g23480	75.1
VIT_08s0007g08010	Vitvi05_01chr08g23500	84.8
VIT_08s0007g08020	Vitvi05_01chr08g23520	84.5
VIT_08s0007g08030	Vitvi05_01chr08g23540	55.8
VIT_08s0007g08310	Vitvi05_01chr08g23880	81.6
VIT_08s0007g08330	Vitvi05_01chr08g23900	71.5
VIT_08s0007g08470	Vitvi05_01chr08g24110	81.8
VIT_08s0007g08540	Vitvi05_01chr08g24250	90.1
VIT_08s0007g08680	Vitvi05_01chr08g24410	68
VIT_08s0007g08840	Vitvi05_01chr08g24570	90.1
VIT_08s0032g00240	Vitvi05_01chr08g02820	75.7
VIT_08s0032g00470	Vitvi05_01chr08g03140	91.3
VIT_08s0032g00910	Vitvi05_01chr08g03820	81.2
VIT_08s0032g01110	Vitvi05_01chr08g04310	89.2
VIT_08s0040g00150	Vitvi05_01chr08g08740	78.4
VIT_08s0040g00390	Vitvi05_01chr08g08960	85.8
VIT_08s0040g00480	Vitvi05_01chr08g09130	78
VIT_08s0040g00490	Vitvi05_01chr08g09140	54.9
VIT_08s0040g00630	Vitvi05_01chr08g09300	76.4
VIT_08s0040g00690	Vitvi05_01chr08g09360	73.5
VIT_08s0040g00780	Vitvi05_01chr08g09460	97.6
VIT_08s0040g00800	Vitvi05_01chr08g09480	85
VIT_08s0040g00920	Vitvi05_01chr08g09690	61.1
VIT_08s0040g00980	Vitvi05_01chr08g09760	78
VIT_08s0040g01130	Vitvi05_01chr08g09990	81.4
VIT_08s0040g01710	Vitvi05_01chr08g10910	77
VIT_08s0040g01950	Vitvi05_01chr08g11320	93.4
VIT_08s0040g02610	Vitvi05_01chr08g12240	91.8
VIT_08s0040g02660	Vitvi05_01chr08g12340	57.5
VIT_08s0040g03150	Vitvi05_01chr08g12970	72.9
VIT_08s0040g03230	Vitvi05_01chr08g13110	57.2
VIT_08s0040g03400	Vitvi05_01chr08g13330	89.6
VIT_08s0056g00150	Vitvi05_01chr08g00300	84.9
VIT_08s0056g00500	Vitvi05_01chr08g00670	56.3
VIT_08s0056g01120	Vitvi05_01chr08g01530	77.9
VIT_08s0056g01240	Vitvi05_01chr08g01740	73
VIT_08s0056g01300	Vitvi05_01chr08g01830	81.1
VIT_08s0056g01480	Vitvi05_01chr08g02100	99.7
VIT_08s0058g00020	Vitvi05_01chr08g06220	69.9
VIT_08s0058g00210	Vitvi05_01chr08g06640	50.8
VIT_08s0058g00350	Vitvi05_01chr08g07000	84.3
VIT_08s0058g00410	Vitvi05_01chr08g07080	91.2
VIT_08s0058g00430	Vitvi05_01chr08g07100	80.8
VIT_08s0058g00490	Vitvi05_01chr08g07230	68.3
VIT_08s0058g00640	Vitvi05_01chr08g07460	81.8
VIT_08s0058g00740	Vitvi05_01chr08g07590	77.8
VIT_08s0058g00930	Vitvi05_01chr08g07890	73.8
VIT_08s0058g01010	Vitvi05_01chr08g07970	74.4
VIT_08s0058g01090	Vitvi05_01chr08g08060	53.9
VIT_08s0105g00380	Vitvi05_01chr08g05700	73.7
VIT_08s0105g00430	Vitvi05_01chr08g05770	63.2
VIT_08s0105g00590	Vitvi05_01chr08g06030	95.2
VIT_09s0002g00150	Vitvi05_01chr09g00120	97.7
VIT_09s0002g00320	Vitvi05_01chr09g00280	90.2
VIT_09s0002g00330	Vitvi05_01chr09g00290	74.9
VIT_09s0002g00370	Vitvi05_01chr09g00330	64.5
VIT_09s0002g00420	Vitvi05_01chr09g00420	91.1
VIT_09s0002g00540	Vitvi05_01chr09g00530	85
VIT_09s0002g00550	Vitvi05_01chr09g00540	70
VIT_09s0002g00570	Vitvi05_01chr09g00550	67.8
VIT_09s0002g00580	Vitvi05_01chr09g00560	85.4
VIT_09s0002g00640	Vitvi05_01chr09g00610	85.5
VIT_09s0002g00670	Vitvi05_01chr09g00630	73.9
VIT_09s0002g00810	Vitvi05_01chr09g00800	97.2
VIT_09s0002g00960	Vitvi05_01chr09g00960	92
VIT_09s0002g00970	Vitvi05_01chr09g00970	79
VIT_09s0002g01000	Vitvi05_01chr09g01040	63.2
VIT_09s0002g01060	Vitvi05_01chr09g01120	73.9
VIT_09s0002g02120	Vitvi05_01chr09g02480	85.1
VIT_09s0002g02230	Vitvi05_01chr09g02630	75.4
VIT_09s0002g02570	Vitvi05_01chr09g03020	70.6
VIT_09s0002g03140	Vitvi05_01chr09g03580	59.4
VIT_09s0002g03460	Vitvi05_01chr09g03940	62.5
VIT_09s0002g03520	Vitvi05_01chr09g04010	58.6
VIT_09s0002g04080	Vitvi05_01chr09g04690	88.4
VIT_09s0002g04120	Vitvi05_01chr09g04750	67.7
VIT_09s0002g04130	Vitvi05_01chr09g04760	79.7
VIT_09s0002g04240	Vitvi05_01chr09g04900	81.8
VIT_09s0002g04320	Vitvi05_01chr09g05070	88.5
VIT_09s0002g04330	Vitvi05_01chr09g05090	70.9
VIT_09s0002g04360	Vitvi05_01chr09g05150	85.5
VIT_09s0002g04500	Vitvi05_01chr09g05300	82.6
VIT_09s0002g04840	Vitvi05_01chr09g05710	51
VIT_09s0002g04850	Vitvi05_01chr09g05720	65.5
VIT_09s0002g05150	Vitvi05_01chr09g06200	76.4
VIT_09s0002g05180	Vitvi05_01chr09g06240	92.5
VIT_09s0002g05250	Vitvi05_01chr09g06330	92.9
VIT_09s0002g05280	Vitvi05_01chr09g06410	83
VIT_09s0002g05320	Vitvi05_01chr09g06480	81.1
VIT_09s0002g05700	Vitvi05_01chr09g06840	63.9
VIT_09s0002g05710	Vitvi05_01chr09g06850	92.1
VIT_09s0002g05980	Vitvi05_01chr09g07270	61.1
VIT_09s0002g06070	Vitvi05_01chr09g07400	75.5
VIT_09s0002g06400	Vitvi05_01chr09g07890	55.5
VIT_09s0002g06430	Vitvi05_01chr09g07960	70.4
VIT_09s0002g06680	Vitvi05_01chr09g08240	62.4
VIT_09s0002g06920	Vitvi05_01chr09g08580	55.6
VIT_09s0002g07110	Vitvi05_01chr09g08740	97.5
VIT_09s0002g07120	Vitvi05_01chr09g08750	88.3
VIT_09s0002g07920	Vitvi05_01chr09g10110	98.5
VIT_09s0002g07940	Vitvi05_01chr09g10130	86.1
VIT_09s0002g08090	Vitvi05_01chr09g10350	89.7
VIT_09s0002g08680	Vitvi05_01chr09g11400	55.4
VIT_09s0002g08960	Vitvi05_01chr09g11900	82.2
VIT_09s0018g00240	Vitvi05_01chr09g16470	78.6
VIT_09s0018g00520	Vitvi05_01chr09g17030	94.1
VIT_09s0018g01190	Vitvi05_01chr09g17950	62.8
VIT_09s0018g01220	Vitvi05_01chr09g17970	80.8
VIT_09s0018g01340	Vitvi05_01chr09g18150	94.9
VIT_09s0018g01490	Vitvi05_01chr09g18240	50.5
VIT_09s0018g01670	Vitvi05_01chr09g18420	80.5
VIT_09s0018g01870	Vitvi05_01chr09g18740	94.1
VIT_09s0018g02110	Vitvi05_01chr09g19180	91.1
VIT_09s0054g01100	Vitvi05_01chr09g21190	51.1
VIT_09s0054g01220	Vitvi05_01chr09g21320	86.7
VIT_09s0054g01750	Vitvi05_01chr09g21900	77.1
VIT_09s0054g01760	Vitvi05_01chr09g21910	63.3
VIT_09s0070g00210	Vitvi05_01chr09g14510	56.3
VIT_09s0070g00240	Vitvi05_01chr09g14570	88.6
VIT_09s0070g00480	Vitvi05_01chr09g14840	60.4
VIT_10s0003g00090	Vitvi05_01chr10g08760	71.8
VIT_10s0003g00220	Vitvi05_01chr10g08930	63.6
VIT_10s0003g00260	Vitvi05_01chr10g08980	84.6
VIT_10s0003g00330	Vitvi05_01chr10g09040	66.6
VIT_10s0003g00350	Vitvi05_01chr10g09060	70.1
VIT_10s0003g00380	Vitvi05_01chr10g09090	54.8
VIT_10s0003g00390	Vitvi05_01chr10g09100	74.7
VIT_10s0003g00410	Vitvi05_01chr10g09130	85.5
VIT_10s0003g00420	Vitvi05_01chr10g09140	87.8
VIT_10s0003g00620	Vitvi05_01chr10g09340	73.3
VIT_10s0003g01070	Vitvi05_01chr10g10130	69.3
VIT_10s0003g01280	Vitvi05_01chr10g10370	90.7
VIT_10s0003g01360	Vitvi05_01chr10g10550	75.1
VIT_10s0003g01410	Vitvi05_01chr10g10620	74.8
VIT_10s0003g01690	Vitvi05_01chr10g11030	72
VIT_10s0003g01830	Vitvi05_01chr10g11280	57.4
VIT_10s0003g01960	Vitvi05_01chr10g11490	88.8
VIT_10s0003g01990	Vitvi05_01chr10g11530	97
VIT_10s0003g02000	Vitvi05_01chr10g11540	75.9
VIT_10s0003g02040	Vitvi05_01chr10g11610	71.8
VIT_10s0003g02110	Vitvi05_01chr10g11700	70.4
VIT_10s0003g02120	Vitvi05_01chr10g11730	85.2
VIT_10s0003g02440	Vitvi05_01chr10g12320	56.7
VIT_10s0003g02680	Vitvi05_01chr10g12670	92.4
VIT_10s0003g02780	Vitvi05_01chr10g12870	95.7
VIT_10s0003g02890	Vitvi05_01chr10g13070	69
VIT_10s0003g02900	Vitvi05_01chr10g13080	56.9
VIT_10s0003g03250	Vitvi05_01chr10g13490	87.1
VIT_10s0003g03490	Vitvi05_01chr10g13890	77.9
VIT_10s0003g03810	Vitvi05_01chr10g14400	89.8
VIT_10s0003g04040	Vitvi05_01chr10g14900	57.8
VIT_10s0003g04100	Vitvi05_01chr10g14990	69.6
VIT_10s0003g04240	Vitvi05_01chr10g15160	56.5
VIT_10s0003g04350	Vitvi05_01chr10g15410	59.4
VIT_10s0003g04480	Vitvi05_01chr10g15660	82.6
VIT_10s0003g04490	Vitvi05_01chr10g15670	72.9
VIT_10s0003g04560	Vitvi05_01chr10g15860	57
VIT_10s0003g04670	Vitvi05_01chr10g16080	81
VIT_10s0003g04950	Vitvi05_01chr10g16460	84.1
VIT_10s0003g05420	Vitvi05_01chr10g17350	73.1
VIT_10s0003g05480	Vitvi05_01chr10g17420	72.5
VIT_10s0042g00170	Vitvi05_01chr10g24740	69.6
VIT_10s0042g00450	Vitvi05_01chr10g24450	97.6
VIT_10s0071g00890	Vitvi05_01chr10g26250	93.3
VIT_10s0071g01060	Vitvi05_01chr10g26570	85
VIT_10s0071g01100	Vitvi05_01chr10g26640	75
VIT_10s0116g00290	Vitvi05_01chr10g02040	77.2
VIT_10s0116g00350	Vitvi05_01chr10g02080	58.3
VIT_10s0116g00370	Vitvi05_01chr10g00320	92.2
VIT_10s0116g00530	Vitvi05_01chr10g00450	63.3
VIT_10s0116g00560	Vitvi05_01chr10g07790	68
VIT_10s0116g00590	Vitvi05_01chr10g00490	85.7
VIT_10s0116g01040	Vitvi05_01chr10g00860	84.5
VIT_10s0116g01540	Vitvi05_01chr10g01300	63
VIT_10s0116g01780	Vitvi05_01chr10g01650	85.8
VIT_10s0523g00020	Vitvi05_01chr10g02500	55.5
VIT_10s0597g00010	Vitvi05_01chr10g08110	55.8
VIT_11s0016g00130	Vitvi05_01chr11g09770	91.2
VIT_11s0016g00190	Vitvi05_01chr11g00180	98.7
VIT_11s0016g00290	Vitvi05_01chr11g00320	79.8
VIT_11s0016g00330	Vitvi05_01chr11g00360	64.7
VIT_11s0016g00500	Vitvi05_01chr11g00540	52.2
VIT_11s0016g00560	Vitvi05_01chr11g00610	83.4
VIT_11s0016g00660	Vitvi05_01chr11g00730	58.7
VIT_11s0016g00670	Vitvi05_01chr11g00740	86.8
VIT_11s0016g00730	Vitvi05_01chr11g00800	96.1
VIT_11s0016g00960	Vitvi05_01chr11g01060	84.7
VIT_11s0016g01020	Vitvi05_01chr11g01120	79.9
VIT_11s0016g01400	Vitvi05_01chr11g01510	61.7
VIT_11s0016g01480	Vitvi05_01chr11g01580	96.5
VIT_11s0016g01810	Vitvi05_01chr11g02010	95.3
VIT_11s0016g01880	Vitvi05_01chr11g02140	96.4
VIT_11s0016g02110	Vitvi05_01chr11g02410	61.9
VIT_11s0016g02380	Vitvi05_01chr11g02760	55.4
VIT_11s0016g02430	Vitvi05_01chr11g02850	87.2
VIT_11s0016g02760	Vitvi05_01chr11g03220	54.2
VIT_11s0016g02900	Vitvi05_01chr11g03420	56.7
VIT_11s0016g02920	Vitvi05_01chr11g03440	80.3
VIT_11s0016g02940	Vitvi05_01chr11g03480	74.5
VIT_11s0016g02960	Vitvi05_01chr11g03510	78.5
VIT_11s0016g03010	Vitvi05_01chr11g03580	97.1
VIT_11s0016g03140	Vitvi05_01chr11g03740	92.6
VIT_11s0016g03190	Vitvi05_01chr11g03800	64.5
VIT_11s0016g03210	Vitvi05_01chr11g03830	91.1
VIT_11s0016g03370	Vitvi05_01chr11g04040	73.1
VIT_11s0016g03580	Vitvi05_01chr11g04270	84.3
VIT_11s0016g04080	Vitvi05_01chr11g04870	62.1
VIT_11s0016g04160	Vitvi05_01chr11g04970	85
VIT_11s0016g04190	Vitvi05_01chr11g05030	86.8
VIT_11s0016g04500	Vitvi05_01chr11g05530	77
VIT_11s0016g04570	Vitvi05_01chr11g05600	75
VIT_11s0016g04810	Vitvi05_01chr11g05900	57.3
VIT_11s0016g04920	Vitvi05_01chr11g06030	55.3
VIT_11s0016g05000	Vitvi05_01chr11g06150	91.1
VIT_11s0016g05110	Vitvi05_01chr11g06280	86.5
VIT_11s0016g05270	Vitvi05_01chr11g06510	89.4
VIT_11s0016g05430	Vitvi05_01chr11g06740	67.8
VIT_11s0016g05460	Vitvi05_01chr11g06780	90.2
VIT_11s0016g05570	Vitvi05_01chr11g06900	96.3
VIT_11s0016g05770	Vitvi05_01chr11g07210	80.2
VIT_11s0037g00130	Vitvi05_01chr11g10100	97.4
VIT_11s0037g00290	Vitvi05_01chr11g10300	59.7
VIT_11s0037g00510	Vitvi05_01chr11g10550	73.9
VIT_11s0037g00570	Vitvi05_01chr11g10600	67.9
VIT_11s0052g00100	Vitvi05_01chr11g16410	80.2
VIT_11s0052g00630	Vitvi05_01chr11g17530	54.6
VIT_11s0052g00820	Vitvi05_01chr11g17780	54.9
VIT_11s0052g00970	Vitvi05_01chr11g18020	58
VIT_11s0052g01090	Vitvi05_01chr11g18210	81.7
VIT_11s0052g01190	Vitvi05_01chr11g18320	68.9
VIT_11s0052g01200	Vitvi05_01chr11g18330	57.4
VIT_11s0052g01230	Vitvi05_01chr11g18370	65.3
VIT_11s0052g01250	Vitvi05_01chr11g18400	59.1
VIT_11s0052g01260	Vitvi05_01chr11g18410	57.5
VIT_11s0052g01280	Vitvi05_01chr11g18430	82.3
VIT_11s0052g01300	Vitvi05_01chr11g18440	74.4
VIT_11s0052g01320	Vitvi05_01chr11g18460	81.9
VIT_11s0052g01330	Vitvi05_01chr11g18470	70.5
VIT_11s0052g01560	Vitvi05_01chr11g18740	96.5
VIT_11s0052g01570	Vitvi05_01chr11g18750	76.5
VIT_11s0052g01650	Vitvi05_01chr11g18890	61.4
VIT_11s0052g01700	Vitvi05_01chr11g18950	85.6
VIT_11s0065g00130	Vitvi05_01chr11g12600	79.7
VIT_11s0065g00350	Vitvi05_01chr11g12900	95.1
VIT_11s0103g00190	Vitvi05_01chr11g15510	67.9
VIT_11s0103g00550	Vitvi05_01chr11g16060	85.5
VIT_11s0118g00200	Vitvi05_01chr11g07830	96.4
VIT_11s0118g00420	Vitvi05_01chr11g08140	91.2
VIT_11s0118g00560	Vitvi05_01chr11g08310	78.2
VIT_11s0206g00110	Vitvi05_01chr11g09490	87.7
VIT_12s0028g00040	Vitvi05_01chr12g00780	69.1
VIT_12s0028g00320	Vitvi05_01chr12g00970	87.8
VIT_12s0028g00860	Vitvi05_01chr12g01380	85
VIT_12s0028g00920	Vitvi05_01chr12g01430	65.8
VIT_12s0028g01080	Vitvi05_01chr12g01610	63.9
VIT_12s0028g01180	Vitvi05_01chr12g01780	75.4
VIT_12s0028g01210	Vitvi05_01chr12g01840	79
VIT_12s0028g01640	Vitvi05_01chr12g02390	78.7
VIT_12s0028g01670	Vitvi05_01chr12g02420	65.9
VIT_12s0028g02160	Vitvi05_01chr12g03100	52.8
VIT_12s0028g02180	Vitvi05_01chr12g03120	92.1
VIT_12s0028g02440	Vitvi05_01chr12g03400	67.9
VIT_12s0028g02520	Vitvi05_01chr12g03580	59.8
VIT_12s0028g02530	Vitvi05_01chr12g03600	68.7
VIT_12s0028g02970	Vitvi05_01chr12g04130	60.3
VIT_12s0028g03010	Vitvi05_01chr12g04160	84.2
VIT_12s0028g03060	Vitvi05_01chr12g04240	77.9
VIT_12s0028g03100	Vitvi05_01chr12g04290	90.4
VIT_12s0028g03120	Vitvi05_01chr12g04320	58.7
VIT_12s0028g03350	Vitvi05_01chr12g04580	73.9
VIT_12s0028g03560	Vitvi05_01chr12g04840	54.7
VIT_12s0028g03640	Vitvi05_01chr12g04970	66.1
VIT_12s0028g03860	Vitvi05_01chr12g05370	66.1
VIT_12s0034g01160	Vitvi05_01chr12g18000	87.9
VIT_12s0034g01180	Vitvi05_01chr12g18030	89.1
VIT_12s0034g01870	Vitvi05_01chr12g18970	59.3
VIT_12s0034g01890	Vitvi05_01chr12g18980	90.2
VIT_12s0034g01910	Vitvi05_01chr12g19000	59.7
VIT_12s0034g01970	Vitvi05_01chr12g19040	86.4
VIT_12s0035g00270	Vitvi05_01chr12g20350	65
VIT_12s0035g00340	Vitvi05_01chr12g20440	96.8
VIT_12s0035g00380	Vitvi05_01chr12g20510	73.5
VIT_12s0035g00690	Vitvi05_01chr12g20940	51.7
VIT_12s0035g00730	Vitvi05_01chr12g20980	75
VIT_12s0035g00880	Vitvi05_01chr12g21250	87
VIT_12s0035g00900	Vitvi05_01chr12g21300	68.3
VIT_12s0035g00910	Vitvi05_01chr12g21310	81.1
VIT_12s0035g00970	Vitvi05_01chr12g21370	84
VIT_12s0035g01000	Vitvi05_01chr12g21410	71.6
VIT_12s0035g01050	Vitvi05_01chr12g21490	95.8
VIT_12s0035g01240	Vitvi05_01chr12g21760	79.4
VIT_12s0035g01820	Vitvi05_01chr12g22800	78.3
VIT_12s0035g01900	Vitvi05_01chr12g23010	84.7
VIT_12s0035g01910	Vitvi05_01chr12g23020	78.6
VIT_12s0035g02080	Vitvi05_01chr12g23210	63.9
VIT_12s0055g00160	Vitvi05_01chr12g16420	72
VIT_12s0055g00180	Vitvi05_01chr12g16400	66.7
VIT_12s0055g00810	Vitvi05_01chr12g15470	88.7
VIT_12s0055g01110	Vitvi05_01chr12g15030	67.9
VIT_12s0057g00060	Vitvi05_01chr12g09970	58.4
VIT_12s0057g00070	Vitvi05_01chr12g09980	62.5
VIT_12s0057g00080	Vitvi05_01chr12g09990	99.5
VIT_12s0057g00140	Vitvi05_01chr12g10080	53.3
VIT_12s0057g00170	Vitvi05_01chr12g10140	62.6
VIT_12s0057g00180	Vitvi05_01chr12g10150	68.7
VIT_12s0057g00200	Vitvi05_01chr12g10180	76.3
VIT_12s0057g00250	Vitvi05_01chr12g10230	96.5
VIT_12s0057g00310	Vitvi05_01chr12g10340	60.1
VIT_12s0057g00420	Vitvi05_01chr12g10440	90.9
VIT_12s0057g00570	Vitvi05_01chr12g10670	89.2
VIT_12s0057g00630	Vitvi05_01chr12g10890	83.1
VIT_12s0057g00700	Vitvi05_01chr12g10960	63.6
VIT_12s0057g00940	Vitvi05_01chr12g11280	92.7
VIT_12s0057g01020	Vitvi05_01chr12g11410	95.7
VIT_12s0057g01110	Vitvi05_01chr12g11520	56.1
VIT_12s0057g01310	Vitvi05_01chr12g11820	66.6
VIT_12s0057g01550	Vitvi05_01chr12g12140	66.7
VIT_12s0059g00050	Vitvi05_01chr12g05640	84.9
VIT_12s0059g00230	Vitvi05_01chr12g05800	80.2
VIT_12s0059g00270	Vitvi05_01chr12g05860	99.3
VIT_12s0059g00310	Vitvi05_01chr12g05920	76.2
VIT_12s0059g00490	Vitvi05_01chr12g06140	81.6
VIT_12s0059g00590	Vitvi05_01chr12g06250	66.4
VIT_12s0059g00770	Vitvi05_01chr12g06500	70
VIT_12s0059g00880	Vitvi05_01chr12g06640	66.9
VIT_12s0059g01050	Vitvi05_01chr12g06940	58.2
VIT_12s0059g01120	Vitvi05_01chr12g07010	72.5
VIT_12s0059g01240	Vitvi05_01chr12g07140	76.8
VIT_12s0059g01720	Vitvi05_01chr12g07730	94.7
VIT_12s0059g01750	Vitvi05_01chr12g07760	94.8
VIT_12s0059g01790	Vitvi05_01chr12g07790	66.6
VIT_12s0059g01830	Vitvi05_01chr12g07890	77.3
VIT_12s0059g01900	Vitvi05_01chr12g08010	78.8
VIT_12s0059g02180	Vitvi05_01chr12g08340	69.2
VIT_12s0059g02260	Vitvi05_01chr12g08420	68
VIT_12s0059g02320	Vitvi05_01chr12g08480	51
VIT_12s0059g02350	Vitvi05_01chr12g08530	86.7
VIT_12s0059g02360	Vitvi05_01chr12g08540	55.5
VIT_12s0059g02510	Vitvi05_01chr12g08730	53
VIT_12s0134g00160	Vitvi05_01chr12g09250	52.1
VIT_12s0134g00170	Vitvi05_01chr12g09270	71.7
VIT_12s0134g00240	Vitvi05_01chr12g09380	68.1
VIT_12s0134g00470	Vitvi05_01chr12g09700	71.8
VIT_12s0134g00560	Vitvi05_01chr12g09800	68.5
VIT_12s0134g00590	Vitvi05_01chr12g09830	68
VIT_12s0134g00630	Vitvi05_01chr12g09850	67.2
VIT_12s0134g00650	Vitvi05_01chr12g09880	84.5
VIT_12s0142g00110	Vitvi05_01chr12g13470	85.2
VIT_13s0019g00240	Vitvi05_01chr13g03660	73.7
VIT_13s0019g00260	Vitvi05_01chr13g03690	92.5
VIT_13s0019g00330	Vitvi05_01chr13g03740	61.1
VIT_13s0019g00480	Vitvi05_01chr13g03890	56.2
VIT_13s0019g00650	Vitvi05_01chr13g04030	97.1
VIT_13s0019g00730	Vitvi05_01chr13g23510	79.7
VIT_13s0019g00740	Vitvi05_01chr13g04090	93.5
VIT_13s0019g00750	Vitvi05_01chr13g23520	94.6
VIT_13s0019g00860	Vitvi05_01chr13g04160	83.7
VIT_13s0019g01020	Vitvi05_01chr13g04260	52.9
VIT_13s0019g01520	Vitvi05_01chr13g23990	79.8
VIT_13s0019g01840	Vitvi05_01chr13g04860	92.4
VIT_13s0019g02050	Vitvi05_01chr13g05160	76.5
VIT_13s0019g02130	Vitvi05_01chr13g05260	72
VIT_13s0019g02140	Vitvi05_01chr13g05270	91
VIT_13s0019g02180	Vitvi05_01chr13g05320	83
VIT_13s0019g02230	Vitvi05_01chr13g05350	85.7
VIT_13s0019g02300	Vitvi05_01chr13g05430	87.1
VIT_13s0019g02330	Vitvi05_01chr13g05450	87.1
VIT_13s0019g02660	Vitvi05_01chr13g05860	63.6
VIT_13s0019g02770	Vitvi05_01chr13g05990	55
VIT_13s0019g02780	Vitvi05_01chr13g06010	66.4
VIT_13s0019g02840	Vitvi05_01chr13g06070	85.1
VIT_13s0019g02850	Vitvi05_01chr13g06080	55.4
VIT_13s0019g02910	Vitvi05_01chr13g06200	71.7
VIT_13s0019g02930	Vitvi05_01chr13g06220	63.9
VIT_13s0019g03000	Vitvi05_01chr13g06290	64.2
VIT_13s0019g03040	Vitvi05_01chr13g06380	89
VIT_13s0019g03060	Vitvi05_01chr13g06390	83.1
VIT_13s0019g03090	Vitvi05_01chr13g06400	52.2
VIT_13s0019g03160	Vitvi05_01chr13g06460	71.9
VIT_13s0019g03350	Vitvi05_01chr13g06760	72.7
VIT_13s0019g03910	Vitvi05_01chr13g07610	53
VIT_13s0019g03930	Vitvi05_01chr13g07630	82.4
VIT_13s0019g04080	Vitvi05_01chr13g07810	63
VIT_13s0019g04280	Vitvi05_01chr13g08130	70.2
VIT_13s0019g04300	Vitvi05_01chr13g08180	65.5
VIT_13s0019g04390	Vitvi05_01chr13g08290	72.1
VIT_13s0019g04460	Vitvi05_01chr13g08420	85
VIT_13s0019g04660	Vitvi05_01chr13g08750	96.6
VIT_13s0019g04910	Vitvi05_01chr13g09100	92.9
VIT_13s0019g05070	Vitvi05_01chr13g09270	80.2
VIT_13s0019g05120	Vitvi05_01chr13g09330	74.7
VIT_13s0047g00110	Vitvi05_01chr13g15900	97.3
VIT_13s0064g00440	Vitvi05_01chr13g25700	95.3
VIT_13s0064g00460	Vitvi05_01chr13g25720	91.5
VIT_13s0064g00890	Vitvi05_01chr13g26480	95.5
VIT_13s0064g00910	Vitvi05_01chr13g26500	67.1
VIT_13s0064g01080	Vitvi05_01chr13g26660	85.7
VIT_13s0064g01240	Vitvi05_01chr13g26910	75.1
VIT_13s0064g01290	Vitvi05_01chr13g26960	62.4
VIT_13s0064g01320	Vitvi05_01chr13g27020	79.8
VIT_13s0064g01480	Vitvi05_01chr13g27350	90.2
VIT_13s0064g01510	Vitvi05_01chr13g27390	94
VIT_13s0064g01660	Vitvi05_01chr13g27490	91.7
VIT_13s0064g01760	Vitvi05_01chr13g27560	90.5
VIT_13s0067g00110	Vitvi05_01chr13g00080	89
VIT_13s0067g00220	Vitvi05_01chr13g00160	60.2
VIT_13s0067g00330	Vitvi05_01chr13g00230	73.5
VIT_13s0067g00560	Vitvi05_01chr13g19030	99.3
VIT_13s0067g00620	Vitvi05_01chr13g18990	97.7
VIT_13s0067g00700	Vitvi05_01chr13g00430	67.7
VIT_13s0067g00890	Vitvi05_01chr13g00620	86
VIT_13s0067g00990	Vitvi05_01chr13g00680	90.7
VIT_13s0067g01070	Vitvi05_01chr13g00730	66.9
VIT_13s0067g01120	Vitvi05_01chr13g00750	87.7
VIT_13s0067g01150	Vitvi05_01chr13g00770	85
VIT_13s0067g01350	Vitvi05_01chr13g00940	66.5
VIT_13s0067g01930	Vitvi05_01chr13g01510	90.2
VIT_13s0067g02040	Vitvi05_01chr13g18170	79.3
VIT_13s0067g02280	Vitvi05_01chr13g01820	63.7
VIT_13s0067g02300	Vitvi05_01chr13g01840	90.4
VIT_13s0067g02560	Vitvi05_01chr13g01990	96.8
VIT_13s0067g02860	Vitvi05_01chr13g20950	63.5
VIT_13s0067g02910	Vitvi05_01chr13g02270	82.4
VIT_13s0067g03070	Vitvi05_01chr13g02430	60.7
VIT_13s0067g03660	Vitvi05_01chr13g02980	87.5
VIT_13s0067g03780	Vitvi05_01chr13g03060	74.1
VIT_13s0067g03890	Vitvi05_01chr13g03220	64.4
VIT_13s0074g00040	Vitvi05_01chr13g10100	93.8
VIT_13s0074g00110	Vitvi05_01chr13g10210	80
VIT_13s0074g00470	Vitvi05_01chr13g10870	59.1
VIT_13s0074g00570	Vitvi05_01chr13g11140	72.9
VIT_13s0074g00690	Vitvi05_01chr13g11390	72.2
VIT_13s0074g00730	Vitvi05_01chr13g11500	78.1
VIT_13s0084g00090	Vitvi05_01chr13g19600	83.2
VIT_13s0084g00240	Vitvi05_01chr13g19870	62.8
VIT_13s0084g00820	Vitvi05_01chr13g20750	70.2
VIT_13s0101g00210	Vitvi05_01chr13g14000	70.5
VIT_13s0101g00520	Vitvi05_01chr13g13420	60.2
VIT_13s0106g00250	Vitvi05_01chr13g12020	66
VIT_13s0106g00550	Vitvi05_01chr13g12490	83.8
VIT_13s0106g00720	Vitvi05_01chr13g12780	53
VIT_13s0156g00190	Vitvi05_01chr13g28400	53.1
VIT_13s0156g00260	Vitvi05_01chr13g28230	57.5
VIT_13s0158g00080	Vitvi05_01chr13g24770	89.3
VIT_13s0158g00290	Vitvi05_01chr13g24530	80.1
VIT_13s0158g00370	Vitvi05_01chr13g24380	51.2
VIT_13s0320g00030	Vitvi05_01chr13g28660	61.3
VIT_14s0006g00180	Vitvi05_01chr14g12410	63.3
VIT_14s0006g00300	Vitvi05_01chr14g12550	54.9
VIT_14s0006g00520	Vitvi05_01chr14g13040	87.6
VIT_14s0006g01600	Vitvi05_01chr14g15030	88.5
VIT_14s0006g01620	Vitvi05_01chr14g15080	82.7
VIT_14s0006g02000	Vitvi05_01chr14g15970	100
VIT_14s0006g02550	Vitvi05_01chr14g16910	71.7
VIT_14s0006g02760	Vitvi05_01chr14g17430	95.7
VIT_14s0006g02880	Vitvi05_01chr14g17670	89.6
VIT_14s0006g02990	Vitvi05_01chr14g17830	57.5
VIT_14s0006g03100	Vitvi05_01chr14g18160	73.4
VIT_14s0006g03110	Vitvi05_01chr14g18190	64.1
VIT_14s0006g03260	Vitvi05_01chr14g18380	72.3
VIT_14s0030g00140	Vitvi05_01chr14g05030	87.4
VIT_14s0030g00250	Vitvi05_01chr14g05250	85.5
VIT_14s0030g00340	Vitvi05_01chr14g05360	61.9
VIT_14s0030g00930	Vitvi05_01chr14g06140	63.8
VIT_14s0030g01300	Vitvi05_01chr14g06730	83.3
VIT_14s0030g01360	Vitvi05_01chr14g06820	75.6
VIT_14s0030g01700	Vitvi05_01chr14g07500	53
VIT_14s0030g01790	Vitvi05_01chr14g07610	97.4
VIT_14s0030g01880	Vitvi05_01chr14g07710	86.2
VIT_14s0030g01890	Vitvi05_01chr14g07720	63.4
VIT_14s0030g02020	Vitvi05_01chr14g07890	89.9
VIT_14s0030g02180	Vitvi05_01chr14g08120	82.5
VIT_14s0030g02200	Vitvi05_01chr14g08150	96.1
VIT_14s0036g01060	Vitvi05_01chr14g11520	77
VIT_14s0060g00230	Vitvi05_01chr14g00300	84
VIT_14s0060g00250	Vitvi05_01chr14g00330	87.7
VIT_14s0060g00420	Vitvi05_01chr14g00560	75.6
VIT_14s0060g00460	Vitvi05_01chr14g00600	68.6
VIT_14s0060g00570	Vitvi05_01chr14g00710	67.1
VIT_14s0060g00790	Vitvi05_01chr14g00990	66.1
VIT_14s0060g00820	Vitvi05_01chr14g01010	88.4
VIT_14s0060g00990	Vitvi05_01chr14g01180	66.7
VIT_14s0060g01300	Vitvi05_01chr14g01600	82.1
VIT_14s0060g01320	Vitvi05_01chr14g01610	75.2
VIT_14s0060g01430	Vitvi05_01chr14g01730	83.9
VIT_14s0060g01530	Vitvi05_01chr14g01840	88.8
VIT_14s0060g01880	Vitvi05_01chr14g02160	94.2
VIT_14s0060g01980	Vitvi05_01chr14g02300	83
VIT_14s0060g02000	Vitvi05_01chr14g02330	70.3
VIT_14s0060g02300	Vitvi05_01chr14g02730	57.3
VIT_14s0060g02730	Vitvi05_01chr14g03350	82.9
VIT_14s0066g00120	Vitvi05_01chr14g25170	82.9
VIT_14s0066g00160	Vitvi05_01chr14g25230	61.7
VIT_14s0066g00170	Vitvi05_01chr14g25240	58.5
VIT_14s0066g00250	Vitvi05_01chr14g25320	56
VIT_14s0066g00400	Vitvi05_01chr14g25500	69.8
VIT_14s0066g00600	Vitvi05_01chr14g25860	51.5
VIT_14s0066g00700	Vitvi05_01chr14g25980	90.3
VIT_14s0066g00710	Vitvi05_01chr14g25990	82.6
VIT_14s0066g00850	Vitvi05_01chr14g26230	93.3
VIT_14s0066g01050	Vitvi05_01chr14g26470	94
VIT_14s0066g01090	Vitvi05_01chr14g26520	87.8
VIT_14s0066g01580	Vitvi05_01chr14g27070	73.3
VIT_14s0066g01640	Vitvi05_01chr14g27150	77.3
VIT_14s0066g01710	Vitvi05_01chr14g27230	86.8
VIT_14s0066g01820	Vitvi05_01chr14g27400	54.1
VIT_14s0066g01840	Vitvi05_01chr14g27450	73
VIT_14s0066g01850	Vitvi05_01chr14g27480	86.4
VIT_14s0066g01880	Vitvi05_01chr14g27530	79.3
VIT_14s0066g02060	Vitvi05_01chr14g27760	66.6
VIT_14s0066g02250	Vitvi05_01chr14g27950	65.2
VIT_14s0066g02350	Vitvi05_01chr14g28050	53.1
VIT_14s0068g00010	Vitvi05_01chr14g20530	71.9
VIT_14s0068g00030	Vitvi05_01chr14g20540	77.9
VIT_14s0068g00040	Vitvi05_01chr14g20550	76.8
VIT_14s0068g00140	Vitvi05_01chr14g20670	95.4
VIT_14s0068g00160	Vitvi05_01chr14g20700	68.4
VIT_14s0068g00680	Vitvi05_01chr14g21520	95.5
VIT_14s0068g00740	Vitvi05_01chr14g21590	78.9
VIT_14s0068g00920	Vitvi05_01chr14g21850	60.8
VIT_14s0068g00940	Vitvi05_01chr14g21870	65.5
VIT_14s0068g01360	Vitvi05_01chr14g22420	85.2
VIT_14s0068g01380	Vitvi05_01chr14g22450	83.4
VIT_14s0068g01400	Vitvi05_01chr14g22470	54.9
VIT_14s0068g01490	Vitvi05_01chr14g22620	63.4
VIT_14s0068g01570	Vitvi05_01chr14g22710	55.6
VIT_14s0068g01620	Vitvi05_01chr14g22790	53.9
VIT_14s0068g01760	Vitvi05_01chr14g22990	76.2
VIT_14s0068g01870	Vitvi05_01chr14g23250	67
VIT_14s0068g02120	Vitvi05_01chr14g23480	98.8
VIT_14s0068g02190	Vitvi05_01chr14g23590	94.9
VIT_14s0081g00010	Vitvi05_01chr14g08310	78.3
VIT_14s0083g00080	Vitvi05_01chr14g18490	76.7
VIT_14s0083g00110	Vitvi05_01chr14g18550	57.3
VIT_14s0083g00260	Vitvi05_01chr14g18800	82.4
VIT_14s0083g00400	Vitvi05_01chr14g19020	66.7
VIT_14s0083g00620	Vitvi05_01chr14g19340	61.9
VIT_14s0083g00670	Vitvi05_01chr14g19420	64
VIT_14s0083g00940	Vitvi05_01chr14g19860	55
VIT_14s0083g01030	Vitvi05_01chr14g20050	86.1
VIT_14s0083g01100	Vitvi05_01chr14g20210	86.7
VIT_14s0083g01110	Vitvi05_01chr14g20220	78
VIT_14s0083g01140	Vitvi05_01chr14g20250	83.5
VIT_14s0108g00090	Vitvi05_01chr14g28610	85.9
VIT_14s0108g00340	Vitvi05_01chr14g28890	88.1
VIT_14s0108g00430	Vitvi05_01chr14g28990	84.4
VIT_14s0108g00440	Vitvi05_01chr14g29000	50
VIT_14s0108g00520	Vitvi05_01chr14g29090	54.8
VIT_14s0108g00700	Vitvi05_01chr14g29230	99
VIT_14s0108g00850	Vitvi05_01chr14g29370	57.4
VIT_14s0108g00890	Vitvi05_01chr14g29410	56.9
VIT_14s0108g01000	Vitvi05_01chr14g29510	69.6
VIT_14s0108g01070	Vitvi05_01chr14g29610	84.6
VIT_14s0108g01130	Vitvi05_01chr14g29720	93.9
VIT_14s0108g01320	Vitvi05_01chr14g29980	65.4
VIT_14s0108g01350	Vitvi05_01chr14g30010	67.2
VIT_14s0108g01420	Vitvi05_01chr14g30070	85
VIT_14s0128g00050	Vitvi05_01chr14g04710	94.6
VIT_14s0128g00190	Vitvi05_01chr14g04470	82.7
VIT_14s0128g00200	Vitvi05_01chr14g04460	85.1
VIT_14s0128g00210	Vitvi05_01chr14g04450	87.8
VIT_14s0128g00320	Vitvi05_01chr14g04300	83.3
VIT_14s0128g00570	Vitvi05_01chr14g03930	60.3
VIT_14s0171g00360	Vitvi05_01chr14g24420	71.7
VIT_14s0171g00400	Vitvi05_01chr14g24460	86.6
VIT_14s0219g00040	Vitvi05_01chr14g24700	92
VIT_14s0219g00110	Vitvi05_01chr14g24780	50.2
VIT_14s0219g00280	Vitvi05_01chr14g24990	82.9
VIT_15s0021g00540	Vitvi05_01chr15g08010	56.8
VIT_15s0021g00880	Vitvi05_01chr15g08460	91.9
VIT_15s0021g01060	Vitvi05_01chr15g08870	73.3
VIT_15s0021g01130	Vitvi05_01chr15g08920	92
VIT_15s0021g01280	Vitvi05_01chr15g09050	51.8
VIT_15s0021g01880	Vitvi05_01chr15g10140	72.1
VIT_15s0021g02270	Vitvi05_01chr15g10830	63.9
VIT_15s0021g02300	Vitvi05_01chr15g10880	68.6
VIT_15s0021g02510	Vitvi05_01chr15g11290	63.2
VIT_15s0021g02700	Vitvi05_01chr15g11460	63.5
VIT_15s0024g00040	Vitvi05_01chr15g00110	86.3
VIT_15s0024g01540	Vitvi05_01chr15g02810	72.5
VIT_15s0024g01630	Vitvi05_01chr15g03010	94.6
VIT_15s0024g01650	Vitvi05_01chr15g03030	88.3
VIT_15s0045g00770	Vitvi05_01chr15g06110	98.3
VIT_15s0045g01490	Vitvi05_01chr15g07170	87.3
VIT_15s0046g00120	Vitvi05_01chr15g16320	93.3
VIT_15s0046g00150	Vitvi05_01chr15g16360	64.7
VIT_15s0046g00170	Vitvi05_01chr15g16380	51.4
VIT_15s0046g00220	Vitvi05_01chr15g16440	84.2
VIT_15s0046g00230	Vitvi05_01chr15g16460	65.2
VIT_15s0046g00290	Vitvi05_01chr15g16550	69.7
VIT_15s0046g00360	Vitvi05_01chr15g16610	82.9
VIT_15s0046g00480	Vitvi05_01chr15g16750	87
VIT_15s0046g00490	Vitvi05_01chr15g16760	90.5
VIT_15s0046g00660	Vitvi05_01chr15g16890	94.1
VIT_15s0046g00710	Vitvi05_01chr15g16920	97.6
VIT_15s0046g01140	Vitvi05_01chr15g17730	72.7
VIT_15s0046g01170	Vitvi05_01chr15g17770	55.5
VIT_15s0046g01190	Vitvi05_01chr15g17780	55
VIT_15s0046g01230	Vitvi05_01chr15g17830	98.5
VIT_15s0046g01340	Vitvi05_01chr15g17940	52.4
VIT_15s0046g01360	Vitvi05_01chr15g17970	74
VIT_15s0046g01450	Vitvi05_01chr15g18070	96.4
VIT_15s0046g01500	Vitvi05_01chr15g18120	89.7
VIT_15s0046g01560	Vitvi05_01chr15g18240	98.6
VIT_15s0046g01570	Vitvi05_01chr15g18250	71.7
VIT_15s0046g01590	Vitvi05_01chr15g18270	87.6
VIT_15s0046g01610	Vitvi05_01chr15g18300	61
VIT_15s0046g01920	Vitvi05_01chr15g18670	85.1
VIT_15s0046g01990	Vitvi05_01chr15g18780	84.7
VIT_15s0046g02000	Vitvi05_01chr15g18790	95.7
VIT_15s0046g02030	Vitvi05_01chr15g18820	63.6
VIT_15s0046g02160	Vitvi05_01chr15g18970	93.4
VIT_15s0046g02410	Vitvi05_01chr15g19260	84.3
VIT_15s0046g02420	Vitvi05_01chr15g19270	93.5
VIT_15s0046g02750	Vitvi05_01chr15g19650	79.6
VIT_15s0046g03520	Vitvi05_01chr15g20410	80.5
VIT_15s0046g03570	Vitvi05_01chr15g20450	95.1
VIT_15s0046g03580	Vitvi05_01chr15g20460	86.9
VIT_15s0048g00370	Vitvi05_01chr15g12500	68.3
VIT_15s0048g00500	Vitvi05_01chr15g12650	79.7
VIT_15s0048g00510	Vitvi05_01chr15g12660	90.7
VIT_15s0048g00550	Vitvi05_01chr15g12720	66.1
VIT_15s0048g00620	Vitvi05_01chr15g12830	94.3
VIT_15s0048g00630	Vitvi05_01chr15g12840	54.7
VIT_15s0048g00830	Vitvi05_01chr15g13120	66.2
VIT_15s0048g01080	Vitvi05_01chr15g13480	68.1
VIT_15s0048g01750	Vitvi05_01chr15g14310	63.1
VIT_15s0048g02280	Vitvi05_01chr15g15030	76.9
VIT_15s0048g02780	Vitvi05_01chr15g15700	65.3
VIT_15s0048g02870	Vitvi05_01chr15g15830	61.9
VIT_15s0048g02910	Vitvi05_01chr15g15900	80.1
VIT_15s0048g02980	Vitvi05_01chr15g15990	55.4
VIT_15s0107g00270	Vitvi05_01chr15g04670	87.3
VIT_15s0107g00550	Vitvi05_01chr15g04980	92.4
VIT_16s0013g00220	Vitvi05_01chr16g04170	91.7
VIT_16s0013g00390	Vitvi05_01chr16g04490	63.7
VIT_16s0013g00410	Vitvi05_01chr16g04510	59.1
VIT_16s0013g00630	Vitvi05_01chr16g04760	59.4
VIT_16s0013g00870	Vitvi05_01chr16g05220	89.8
VIT_16s0013g00880	Vitvi05_01chr16g05230	56.4
VIT_16s0013g00950	Vitvi05_01chr16g05310	76.6
VIT_16s0013g00970	Vitvi05_01chr16g05320	77.9
VIT_16s0013g00980	Vitvi05_01chr16g05330	79
VIT_16s0013g01000	Vitvi05_01chr16g05370	50.6
VIT_16s0013g01050	Vitvi05_01chr16g05400	97.6
VIT_16s0013g01060	Vitvi05_01chr16g05410	54.1
VIT_16s0013g01070	Vitvi05_01chr16g05440	75.1
VIT_16s0013g01720	Vitvi05_01chr16g06630	79.7
VIT_16s0013g01990	Vitvi05_01chr16g07000	74.7
VIT_16s0022g00510	Vitvi05_01chr16g10010	51.3
VIT_16s0022g00630	Vitvi05_01chr16g10380	86.5
VIT_16s0022g00670	Vitvi05_01chr16g10430	77.7
VIT_16s0022g00890	Vitvi05_01chr16g10680	69.4
VIT_16s0022g01430	Vitvi05_01chr16g11320	52.9
VIT_16s0022g01770	Vitvi05_01chr16g11760	90.4
VIT_16s0022g01970	Vitvi05_01chr16g12070	84.8
VIT_16s0022g02200	Vitvi05_01chr16g12420	69.1
VIT_16s0039g00220	Vitvi05_01chr16g00130	55.7
VIT_16s0039g00570	Vitvi05_01chr16g00360	88.7
VIT_16s0039g00970	Vitvi05_01chr16g00640	96.3
VIT_16s0039g00990	Vitvi05_01chr16g00650	52.1
VIT_16s0039g01120	Vitvi05_01chr16g00810	92.5
VIT_16s0039g01170	Vitvi05_01chr16g00830	92.7
VIT_16s0039g01240	Vitvi05_01chr16g00890	93.4
VIT_16s0039g01280	Vitvi05_01chr16g00900	94.5
VIT_16s0039g01300	Vitvi05_01chr16g00910	52.6
VIT_16s0039g01410	Vitvi05_01chr16g01080	66.2
VIT_16s0039g01420	Vitvi05_01chr16g01090	55.1
VIT_16s0039g01670	Vitvi05_01chr16g01530	52.4
VIT_16s0039g01770	Vitvi05_01chr16g01840	73.8
VIT_16s0039g01910	Vitvi05_01chr16g02070	94.8
VIT_16s0039g01920	Vitvi05_01chr16g02080	86.8
VIT_16s0039g02230	Vitvi05_01chr16g02560	98.2
VIT_16s0039g02550	Vitvi05_01chr16g03070	85.5
VIT_16s0050g00080	Vitvi05_01chr16g15070	93.9
VIT_16s0050g00240	Vitvi05_01chr16g15260	68.6
VIT_16s0050g00380	Vitvi05_01chr16g15420	70.4
VIT_16s0050g00400	Vitvi05_01chr16g15450	50.3
VIT_16s0050g00480	Vitvi05_01chr16g15580	74.9
VIT_16s0050g00570	Vitvi05_01chr16g15660	92
VIT_16s0050g00830	Vitvi05_01chr16g16010	74.9
VIT_16s0050g00910	Vitvi05_01chr16g16100	73.3
VIT_16s0050g01020	Vitvi05_01chr16g16230	62.1
VIT_16s0050g01090	Vitvi05_01chr16g16290	72.1
VIT_16s0050g01150	Vitvi05_01chr16g16390	88.5
VIT_16s0050g01620	Vitvi05_01chr16g17010	60.7
VIT_16s0050g01660	Vitvi05_01chr16g17050	61.5
VIT_16s0050g01680	Vitvi05_01chr16g17070	88.1
VIT_16s0050g01990	Vitvi05_01chr16g17510	62.6
VIT_16s0050g02100	Vitvi05_01chr16g17650	82.6
VIT_16s0050g02680	Vitvi05_01chr16g18350	73.4
VIT_16s0098g00160	Vitvi05_01chr16g19920	76.5
VIT_16s0098g00560	Vitvi05_01chr16g20580	77.7
VIT_16s0098g00720	Vitvi05_01chr16g20760	69.2
VIT_16s0098g00860	Vitvi05_01chr16g20950	87.5
VIT_16s0098g00990	Vitvi05_01chr16g21140	68.1
VIT_16s0098g01080	Vitvi05_01chr16g21260	69.2
VIT_16s0098g01280	Vitvi05_01chr16g21560	88.7
VIT_16s0098g01290	Vitvi05_01chr16g21570	88.3
VIT_16s0098g01540	Vitvi05_01chr16g21820	88.6
VIT_16s0098g01640	Vitvi05_01chr16g21950	72.5
VIT_16s0098g01720	Vitvi05_01chr16g22030	95.8
VIT_16s0098g01790	Vitvi05_01chr16g22100	79.5
VIT_16s0098g01870	Vitvi05_01chr16g22190	76.8
VIT_16s0098g01900	Vitvi05_01chr16g22220	83.5
VIT_16s0100g00380	Vitvi05_01chr16g13550	91.5
VIT_16s0100g00570	Vitvi05_01chr16g13750	83.8
VIT_16s0100g00740	Vitvi05_01chr16g13990	77.1
VIT_16s0100g00750	Vitvi05_01chr16g14000	91.3
VIT_16s0100g00770	Vitvi05_01chr16g14020	55.7
VIT_16s0100g00780	Vitvi05_01chr16g14030	92.6
VIT_16s0100g00880	Vitvi05_01chr16g14190	97.9
VIT_16s0100g00910	Vitvi05_01chr16g14090	53.2
VIT_16s0100g00960	Vitvi05_01chr16g14250	90.7
VIT_16s0100g00990	Vitvi05_01chr16g14300	70.5
VIT_16s0100g01000	Vitvi05_01chr16g14280	87.3
VIT_16s0100g01010	Vitvi05_01chr16g14240	94.9
VIT_16s0100g01020	Vitvi05_01chr16g14310	87.8
VIT_16s0100g01030	Vitvi05_01chr16g14320	67.2
VIT_16s0100g01070	Vitvi05_01chr16g14370	53.9
VIT_16s0100g01100	Vitvi05_01chr16g14430	78.4
VIT_16s0100g01140	Vitvi05_01chr16g14500	94.7
VIT_16s0100g01150	Vitvi05_01chr16g14510	85.1
VIT_16s0100g01160	Vitvi05_01chr16g14540	89.1
VIT_16s0100g01190	Vitvi05_01chr16g14570	100
VIT_16s0100g01200	Vitvi05_01chr16g14590	52.7
VIT_16s0115g00170	Vitvi05_01chr16g08750	62.1
VIT_16s0115g00340	Vitvi05_01chr16g08500	73.5
VIT_16s0148g00320	Vitvi05_01chr16g18660	82.9
VIT_17s0000g00010	Vitvi05_01chr17g00170	76.5
VIT_17s0000g00130	Vitvi05_01chr17g00240	61.6
VIT_17s0000g00290	Vitvi05_01chr17g00460	85.9
VIT_17s0000g00710	Vitvi05_01chr17g00830	78
VIT_17s0000g00820	Vitvi05_01chr17g00920	53.3
VIT_17s0000g00830	Vitvi05_01chr17g00930	87.1
VIT_17s0000g01080	Vitvi05_01chr17g01210	52.4
VIT_17s0000g01120	Vitvi05_01chr17g01260	67.4
VIT_17s0000g01160	Vitvi05_01chr17g01300	90.9
VIT_17s0000g01290	Vitvi05_01chr17g01500	76.4
VIT_17s0000g01360	Vitvi05_01chr17g01580	77.5
VIT_17s0000g01490	Vitvi05_01chr17g01730	73.1
VIT_17s0000g01790	Vitvi05_01chr17g02040	90.2
VIT_17s0000g01930	Vitvi05_01chr17g02250	92.8
VIT_17s0000g02010	Vitvi05_01chr17g02380	72.4
VIT_17s0000g02120	Vitvi05_01chr17g02500	84.2
VIT_17s0000g02140	Vitvi05_01chr17g02530	98.1
VIT_17s0000g02440	Vitvi05_01chr17g03050	94.9
VIT_17s0000g02530	Vitvi05_01chr17g03260	91.1
VIT_17s0000g02600	Vitvi05_01chr17g03330	61.3
VIT_17s0000g02970	Vitvi05_01chr17g03740	86.4
VIT_17s0000g03010	Vitvi05_01chr17g03790	89.5
VIT_17s0000g03130	Vitvi05_01chr17g04020	88.5
VIT_17s0000g03200	Vitvi05_01chr17g04120	94.7
VIT_17s0000g03280	Vitvi05_01chr17g04220	50
VIT_17s0000g03460	Vitvi05_01chr17g04550	68.8
VIT_17s0000g03690	Vitvi05_01chr17g04920	52.3
VIT_17s0000g03990	Vitvi05_01chr17g05400	71.1
VIT_17s0000g04150	Vitvi05_01chr17g05670	90.4
VIT_17s0000g04210	Vitvi05_01chr17g05870	54.3
VIT_17s0000g04490	Vitvi05_01chr17g06330	97.9
VIT_17s0000g05020	Vitvi05_01chr17g07220	88.7
VIT_17s0000g05070	Vitvi05_01chr17g07310	88.1
VIT_17s0000g05210	Vitvi05_01chr17g07470	70.4
VIT_17s0000g05250	Vitvi05_01chr17g07520	94.9
VIT_17s0000g05570	Vitvi05_01chr17g07940	98.2
VIT_17s0000g05650	Vitvi05_01chr17g08040	78
VIT_17s0000g05840	Vitvi05_01chr17g08290	94.6
VIT_17s0000g06210	Vitvi05_01chr17g08830	83.5
VIT_17s0000g06350	Vitvi05_01chr17g09040	70.1
VIT_17s0000g06360	Vitvi05_01chr17g09050	55.3
VIT_17s0000g06680	Vitvi05_01chr17g09570	94
VIT_17s0000g06960	Vitvi05_01chr17g10140	82.5
VIT_17s0000g07190	Vitvi05_01chr17g10550	71.9
VIT_17s0000g07470	Vitvi05_01chr17g11000	81.8
VIT_17s0000g07580	Vitvi05_01chr17g11190	63.8
VIT_17s0000g07640	Vitvi05_01chr17g11250	94.8
VIT_17s0000g07790	Vitvi05_01chr17g11520	93.3
VIT_17s0000g07840	Vitvi05_01chr17g11580	74.5
VIT_17s0000g07850	Vitvi05_01chr17g11590	63.5
VIT_17s0000g07950	Vitvi05_01chr17g11700	57.2
VIT_17s0000g08070	Vitvi05_01chr17g11850	84.5
VIT_17s0000g08240	Vitvi05_01chr17g12050	86.5
VIT_17s0000g08290	Vitvi05_01chr17g12090	83.5
VIT_17s0000g08370	Vitvi05_01chr17g12180	81.1
VIT_17s0000g08530	Vitvi05_01chr17g12370	60.9
VIT_17s0000g08680	Vitvi05_01chr17g12530	95.1
VIT_17s0000g08920	Vitvi05_01chr17g13000	74.1
VIT_17s0000g09370	Vitvi05_01chr17g13600	81.4
VIT_17s0000g09400	Vitvi05_01chr17g13650	72
VIT_17s0000g09770	Vitvi05_01chr17g14250	89.3
VIT_17s0000g09900	Vitvi05_01chr17g14420	70.5
VIT_17s0000g10000	Vitvi05_01chr17g14530	94.8
VIT_17s0053g00040	Vitvi05_01chr17g16900	88.9
VIT_17s0053g00380	Vitvi05_01chr17g17140	96.2
VIT_17s0053g00970	Vitvi05_01chr17g18230	86.2
VIT_17s0053g00990	Vitvi05_01chr17g18290	59.6
VIT_18s0001g00290	Vitvi05_01chr18g01720	71.3
VIT_18s0001g00370	Vitvi05_01chr18g01800	94.7
VIT_18s0001g00470	Vitvi05_01chr18g01850	92.5
VIT_18s0001g00720	Vitvi05_01chr18g02080	90.1
VIT_18s0001g00760	Vitvi05_01chr18g02140	94.1
VIT_18s0001g00770	Vitvi05_01chr18g02150	89.3
VIT_18s0001g00780	Vitvi05_01chr18g22400	58.3
VIT_18s0001g00820	Vitvi05_01chr18g02200	56.4
VIT_18s0001g00840	Vitvi05_01chr18g02220	66.5
VIT_18s0001g01060	Vitvi05_01chr18g02450	77.6
VIT_18s0001g01210	Vitvi05_01chr18g02580	80.3
VIT_18s0001g01380	Vitvi05_01chr18g22720	95.7
VIT_18s0001g01490	Vitvi05_01chr18g22780	83.7
VIT_18s0001g01570	Vitvi05_01chr18g22830	82.4
VIT_18s0001g02100	Vitvi05_01chr18g03580	73
VIT_18s0001g02540	Vitvi05_01chr18g03930	83.6
VIT_18s0001g02570	Vitvi05_01chr18g03950	96.1
VIT_18s0001g02610	Vitvi05_01chr18g03960	74.5
VIT_18s0001g02740	Vitvi05_01chr18g04050	61.5
VIT_18s0001g02790	Vitvi05_01chr18g04100	64.2
VIT_18s0001g03240	Vitvi05_01chr18g04400	61.7
VIT_18s0001g03430	Vitvi05_01chr18g04530	96.2
VIT_18s0001g03470	Vitvi05_01chr18g04560	85.4
VIT_18s0001g03610	Vitvi05_01chr18g04690	78.9
VIT_18s0001g03670	Vitvi05_01chr18g04720	55.2
VIT_18s0001g04520	Vitvi05_01chr18g05180	85.5
VIT_18s0001g04680	Vitvi05_01chr18g05290	97.7
VIT_18s0001g04790	Vitvi05_01chr18g05360	91.5
VIT_18s0001g05040	Vitvi05_01chr18g05530	54
VIT_18s0001g05180	Vitvi05_01chr18g05590	93.6
VIT_18s0001g05570	Vitvi05_01chr18g05780	91.8
VIT_18s0001g05840	Vitvi05_01chr18g06080	93.5
VIT_18s0001g05910	Vitvi05_01chr18g06150	88.3
VIT_18s0001g06020	Vitvi05_01chr18g06210	65.1
VIT_18s0001g06060	Vitvi05_01chr18g06260	81.6
VIT_18s0001g06070	Vitvi05_01chr18g33910	89
VIT_18s0001g06170	Vitvi05_01chr18g06340	94.4
VIT_18s0001g06370	Vitvi05_01chr18g06490	81.9
VIT_18s0001g06430	Vitvi05_01chr18g06560	58.1
VIT_18s0001g06690	Vitvi05_01chr18g06800	75.1
VIT_18s0001g06720	Vitvi05_01chr18g33340	83.2
VIT_18s0001g06790	Vitvi05_01chr18g06860	78.8
VIT_18s0001g07340	Vitvi05_01chr18g07480	91.6
VIT_18s0001g07840	Vitvi05_01chr18g08210	89.1
VIT_18s0001g08090	Vitvi05_01chr18g08610	72
VIT_18s0001g08100	Vitvi05_01chr18g08630	58.9
VIT_18s0001g08200	Vitvi05_01chr18g08790	78.1
VIT_18s0001g08230	Vitvi05_01chr18g08820	72.9
VIT_18s0001g08240	Vitvi05_01chr18g08830	57.3
VIT_18s0001g08270	Vitvi05_01chr18g08900	89.1
VIT_18s0001g08320	Vitvi05_01chr18g08960	77.7
VIT_18s0001g08330	Vitvi05_01chr18g08970	75
VIT_18s0001g08340	Vitvi05_01chr18g08980	71.3
VIT_18s0001g08430	Vitvi05_01chr18g09060	81.2
VIT_18s0001g08550	Vitvi05_01chr18g09210	84.5
VIT_18s0001g08580	Vitvi05_01chr18g09250	60
VIT_18s0001g08710	Vitvi05_01chr18g09420	62
VIT_18s0001g09000	Vitvi05_01chr18g09810	70.9
VIT_18s0001g09040	Vitvi05_01chr18g09850	76.3
VIT_18s0001g09140	Vitvi05_01chr18g09980	54.4
VIT_18s0001g09360	Vitvi05_01chr18g10300	71.5
VIT_18s0001g09530	Vitvi05_01chr18g10500	83.2
VIT_18s0001g09550	Vitvi05_01chr18g10520	77.4
VIT_18s0001g09900	Vitvi05_01chr18g11110	60.5
VIT_18s0001g09910	Vitvi05_01chr18g11120	50.4
VIT_18s0001g09920	Vitvi05_01chr18g11140	75.1
VIT_18s0001g10070	Vitvi05_01chr18g11280	67
VIT_18s0001g10300	Vitvi05_01chr18g11640	60.8
VIT_18s0001g10310	Vitvi05_01chr18g11650	58.9
VIT_18s0001g10480	Vitvi05_01chr18g11890	92.1
VIT_18s0001g10500	Vitvi05_01chr18g11920	81.2
VIT_18s0001g10510	Vitvi05_01chr18g11930	50
VIT_18s0001g10690	Vitvi05_01chr18g12140	98.6
VIT_18s0001g10830	Vitvi05_01chr18g12290	73.6
VIT_18s0001g11090	Vitvi05_01chr18g12620	94.7
VIT_18s0001g11130	Vitvi05_01chr18g12660	86.8
VIT_18s0001g11320	Vitvi05_01chr18g12910	73.9
VIT_18s0001g11370	Vitvi05_01chr18g12980	54.1
VIT_18s0001g11470	Vitvi05_01chr18g13080	96.6
VIT_18s0001g11520	Vitvi05_01chr18g13150	67.4
VIT_18s0001g11580	Vitvi05_01chr18g13240	89.5
VIT_18s0001g11590	Vitvi05_01chr18g13250	81.7
VIT_18s0001g11630	Vitvi05_01chr18g13290	54.4
VIT_18s0001g11680	Vitvi05_01chr18g13350	65.4
VIT_18s0001g11710	Vitvi05_01chr18g13410	85.4
VIT_18s0001g11830	Vitvi05_01chr18g13540	50.6
VIT_18s0001g11860	Vitvi05_01chr18g13560	93.8
VIT_18s0001g11910	Vitvi05_01chr18g13680	66.2
VIT_18s0001g11930	Vitvi05_01chr18g13700	80.1
VIT_18s0001g11970	Vitvi05_01chr18g13730	52
VIT_18s0001g12020	Vitvi05_01chr18g13780	86.8
VIT_18s0001g12100	Vitvi05_01chr18g13870	91.7
VIT_18s0001g12340	Vitvi05_01chr18g14170	82.6
VIT_18s0001g12490	Vitvi05_01chr18g14370	95.2
VIT_18s0001g12660	Vitvi05_01chr18g14640	85.7
VIT_18s0001g12830	Vitvi05_01chr18g14840	87.6
VIT_18s0001g13200	Vitvi05_01chr18g15360	74.6
VIT_18s0001g13230	Vitvi05_01chr18g15390	85.4
VIT_18s0001g13240	Vitvi05_01chr18g15400	100
VIT_18s0001g13360	Vitvi05_01chr18g15540	70.7
VIT_18s0001g13970	Vitvi05_01chr18g16320	90.6
VIT_18s0001g14040	Vitvi05_01chr18g16430	70.5
VIT_18s0001g14130	Vitvi05_01chr18g16530	65.4
VIT_18s0001g14360	Vitvi05_01chr18g16840	92.4
VIT_18s0001g14450	Vitvi05_01chr18g17030	83.1
VIT_18s0001g14790	Vitvi05_01chr18g17430	80.7
VIT_18s0001g14910	Vitvi05_01chr18g17580	74.6
VIT_18s0001g14980	Vitvi05_01chr18g17640	97.4
VIT_18s0001g15000	Vitvi05_01chr18g17670	53.5
VIT_18s0001g15130	Vitvi05_01chr18g17840	70.1
VIT_18s0001g15220	Vitvi05_01chr18g17970	86.3
VIT_18s0001g15310	Vitvi05_01chr18g18090	83.9
VIT_18s0001g15330	Vitvi05_01chr18g18110	76.1
VIT_18s0001g15390	Vitvi05_01chr18g18190	76.5
VIT_18s0001g15410	Vitvi05_01chr18g18210	79.2
VIT_18s0001g15460	Vitvi05_01chr18g18300	86.3
VIT_18s0001g15640	Vitvi05_01chr18g18510	94.3
VIT_18s0001g15730	Vitvi05_01chr18g18600	59.4
VIT_18s0041g00090	Vitvi05_01chr18g29370	91.6
VIT_18s0041g00350	Vitvi05_01chr18g29810	85.4
VIT_18s0041g00370	Vitvi05_01chr18g29850	55.1
VIT_18s0041g00550	Vitvi05_01chr18g30120	89.6
VIT_18s0041g00580	Vitvi05_01chr18g30150	85.1
VIT_18s0041g00670	Vitvi05_01chr18g30290	87.1
VIT_18s0041g00740	Vitvi05_01chr18g30390	96.7
VIT_18s0041g00870	Vitvi05_01chr18g30500	97.7
VIT_18s0041g01220	Vitvi05_01chr18g30970	80.9
VIT_18s0041g01880	Vitvi05_01chr18g31960	83
VIT_18s0072g00160	Vitvi05_01chr18g23950	92.2
VIT_18s0072g00260	Vitvi05_01chr18g24180	55.2
VIT_18s0072g00450	Vitvi05_01chr18g24460	73.3
VIT_18s0072g00820	Vitvi05_01chr18g24970	58.3
VIT_18s0072g01010	Vitvi05_01chr18g25270	51.5
VIT_18s0072g01110	Vitvi05_01chr18g25490	64.5
VIT_18s0076g00210	Vitvi05_01chr18g19490	96.2
VIT_18s0076g00250	Vitvi05_01chr18g19450	70.4
VIT_18s0086g00320	Vitvi05_01chr18g20520	81.6
VIT_18s0086g00680	Vitvi05_01chr18g20810	91.5
VIT_18s0089g00160	Vitvi05_01chr18g35520	77.1
VIT_18s0089g01170	Vitvi05_01chr18g37010	76.2
VIT_18s0089g01420	Vitvi05_01chr18g37360	83.4
VIT_18s0117g00140	Vitvi05_01chr18g28120	77.6
VIT_18s0117g00550	Vitvi05_01chr18g27580	84.7
VIT_18s0122g00280	Vitvi05_01chr18g00300	80.9
VIT_18s0122g00330	Vitvi05_01chr18g00340	53.7
VIT_18s0122g00360	Vitvi05_01chr18g00370	67.4
VIT_18s0122g00420	Vitvi05_01chr18g21650	77
VIT_18s0122g00610	Vitvi05_01chr18g00630	87.5
VIT_18s0122g00620	Vitvi05_01chr18g00640	70.5
VIT_18s0122g00850	Vitvi05_01chr18g00870	74.2
VIT_18s0122g00980	Vitvi05_01chr18g01010	75.5
VIT_18s0122g01140	Vitvi05_01chr18g01130	90.9
VIT_18s0157g00090	Vitvi05_01chr18g23680	90.2
VIT_18s0157g00180	Vitvi05_01chr18g23590	99
VIT_18s0164g00100	Vitvi05_01chr18g21090	74.7
VIT_19s0014g00090	Vitvi05_01chr19g00100	76.1
VIT_19s0014g00110	Vitvi05_01chr19g00120	81.6
VIT_19s0014g00160	Vitvi05_01chr19g00240	57.2
VIT_19s0014g00410	Vitvi05_01chr19g00650	96
VIT_19s0014g00450	Vitvi05_01chr19g00700	84.6
VIT_19s0014g00460	Vitvi05_01chr19g00710	88.1
VIT_19s0014g00790	Vitvi05_01chr19g01040	64.8
VIT_19s0014g01350	Vitvi05_01chr19g01890	79.6
VIT_19s0014g01780	Vitvi05_01chr19g02480	67.9
VIT_19s0014g01800	Vitvi05_01chr19g02540	85.7
VIT_19s0014g01950	Vitvi05_01chr19g02720	83.7
VIT_19s0014g02120	Vitvi05_01chr19g03000	76.3
VIT_19s0014g02130	Vitvi05_01chr19g03020	79.1
VIT_19s0014g02180	Vitvi05_01chr19g03070	56.8
VIT_19s0014g02190	Vitvi05_01chr19g03080	95.1
VIT_19s0014g02390	Vitvi05_01chr19g03300	68
VIT_19s0014g02740	Vitvi05_01chr19g03690	86
VIT_19s0014g02830	Vitvi05_01chr19g03820	92.2
VIT_19s0014g02970	Vitvi05_01chr19g04070	90.6
VIT_19s0014g03190	Vitvi05_01chr19g04430	56.3
VIT_19s0014g03240	Vitvi05_01chr19g04480	91
VIT_19s0014g03290	Vitvi05_01chr19g04530	90.5
VIT_19s0014g03420	Vitvi05_01chr19g04700	68.1
VIT_19s0014g03460	Vitvi05_01chr19g04770	74.5
VIT_19s0014g03610	Vitvi05_01chr19g04910	89.6
VIT_19s0014g03660	Vitvi05_01chr19g04970	95.5
VIT_19s0014g03850	Vitvi05_01chr19g05210	75.9
VIT_19s0014g03910	Vitvi05_01chr19g05420	60.1
VIT_19s0014g04540	Vitvi05_01chr19g06290	76.6
VIT_19s0014g04650	Vitvi05_01chr19g06380	60.1
VIT_19s0014g04790	Vitvi05_01chr19g06620	84.8
VIT_19s0014g05080	Vitvi05_01chr19g06950	71.1
VIT_19s0014g05330	Vitvi05_01chr19g07240	68.5
VIT_19s0014g05430	Vitvi05_01chr19g07380	53.8
VIT_19s0015g00530	Vitvi05_01chr19g10790	56.8
VIT_19s0015g00540	Vitvi05_01chr19g10800	97.6
VIT_19s0015g00710	Vitvi05_01chr19g10990	59.2
VIT_19s0015g01000	Vitvi05_01chr19g11330	85.3
VIT_19s0015g01250	Vitvi05_01chr19g11650	78.1
VIT_19s0015g01900	Vitvi05_01chr19g12930	82.2
VIT_19s0015g02480	Vitvi05_01chr19g14120	65.3
VIT_19s0015g02500	Vitvi05_01chr19g14190	67.6
VIT_19s0015g02590	Vitvi05_01chr19g14390	79.5
VIT_19s0015g02680	Vitvi05_01chr19g14530	73.5
VIT_19s0015g02700	Vitvi05_01chr19g14560	66.9
VIT_19s0015g02880	Vitvi05_01chr19g14860	83.7
VIT_19s0015g02910	Vitvi05_01chr19g15020	73.8
VIT_19s0027g01060	Vitvi05_01chr19g20020	55.5
VIT_19s0085g00050	Vitvi05_01chr19g21610	83.1
VIT_19s0085g00460	Vitvi05_01chr19g22100	69.5
VIT_19s0085g00470	Vitvi05_01chr19g22110	63
VIT_19s0085g00740	Vitvi05_01chr19g22430	80
VIT_19s0085g00880	Vitvi05_01chr19g22620	92.9
VIT_19s0085g01050	Vitvi05_01chr19g22870	64.5
VIT_19s0085g01170	Vitvi05_01chr19g23020	86.5
VIT_19s0090g00330	Vitvi05_01chr19g08330	80.7
VIT_19s0090g00710	Vitvi05_01chr19g08720	80.9
VIT_19s0090g00830	Vitvi05_01chr19g08830	76.4
VIT_19s0090g01000	Vitvi05_01chr19g09070	83.4
VIT_19s0090g01040	Vitvi05_01chr19g09110	81.8
VIT_19s0090g01070	Vitvi05_01chr19g09140	65.5
VIT_19s0090g01170	Vitvi05_01chr19g09220	74.5
VIT_19s0090g01230	Vitvi05_01chr19g09300	93.5
VIT_19s0090g01340	Vitvi05_01chr19g09420	90
VIT_19s0090g01350	Vitvi05_01chr19g09450	54.4
VIT_19s0090g01360	Vitvi05_01chr19g09480	54.1
VIT_19s0090g01370	Vitvi05_01chr19g09490	82.9
VIT_19s0090g01470	Vitvi05_01chr19g09600	68.3
VIT_19s0090g01490	Vitvi05_01chr19g09630	89.5
VIT_19s0090g01780	Vitvi05_01chr19g09970	91.8
VIT_19s0093g00160	Vitvi05_01chr19g17550	86.1
VIT_19s0093g00220	Vitvi05_01chr19g17470	55.8
VIT_19s0093g00310	Vitvi05_01chr19g17400	56
VIT_19s0093g00510	Vitvi05_01chr19g16950	94.7
VIT_19s0135g00060	Vitvi05_01chr19g15540	78.9
VIT_19s0140g00140	Vitvi05_01chr19g16180	62.2
VIT_19s0177g00200	Vitvi05_01chr19g07640	53.6
VIT_19s0177g00230	Vitvi05_01chr19g07670	94.1
VIT_19s0177g00280	Vitvi05_01chr19g07730	91.3
VIT_19s0177g00340	Vitvi05_01chr19g07820	79.8
