"Module"	"Gene"	"Rank_primary"	"Rank_without_2012"	"Rank_without_2013"	"Rank_without_2014"
"M10"	"VIT_07s0005g01700"	1	1	3	1
"M10"	"VIT_17s0000g01930"	2	3	1	2
"M10"	"VIT_17s0000g05580"	3	2	2	5
"M10"	"VIT_17s0000g00430"	4	4	4	7
"M10"	"VIT_02s0025g01610"	5	5	5	12
"M10"	"VIT_05s0102g00710"	6	8	14	4
"M10"	"VIT_19s0015g01300"	7	11	7	13
"M10"	"VIT_16s0098g00790"	8	9	9	9
"M10"	"VIT_16s0100g00400"	9	6	15	11
"M10"	"VIT_03s0091g00260"	10	13	8	17
"M10"	"VIT_04s0023g03550"	11	12	6	20
"M10"	"VIT_00s0271g00110"	12	17	16	6
"M10"	"VIT_00s0274g00090"	13	7	17	16
"M10"	"VIT_15s0048g00740"	14	18	22	3
"M10"	"VIT_08s0040g02610"	15	15	12	8
"M10"	"VIT_02s0033g01120"	16	14	11	18
"M10"	"VIT_04s0023g03540"	17	10	18	19
"M10"	"VIT_12s0035g02080"	18	16	10	22
"M10"	"VIT_05s0049g00770"	19	21	13	25
"M10"	"VIT_18s0001g12830"	20	22	20	23
"M10"	"VIT_12s0059g00490"	21	19	24	21
"M10"	"VIT_13s0067g00700"	22	24	19	26
"M10"	"VIT_12s0142g00160"	23	20	25	24
"M10"	"VIT_05s0020g00840"	24	31	29	15
"M10"	"VIT_18s0001g15730"	25	27	27	27
"M10"	"VIT_08s0040g01890"	26	30	23	30
"M10"	"VIT_00s0274g00080"	27	28	30	14
"M10"	"VIT_05s0049g00840"	28	29	21	32
"M10"	"VIT_04s0023g02280"	29	23	32	31
"M10"	"VIT_17s0000g07470"	30	25	31	28
"M10"	"VIT_16s0098g01170"	31	26	33	33
"M10"	"VIT_08s0007g08010"	32	36	36	29
"M10"	"VIT_13s0019g02180"	33	33	26	38
"M10"	"VIT_14s0068g02190"	34	38	38	10
"M10"	"VIT_05s0049g00800"	35	35	28	37
"M10"	"VIT_11s0037g00890"	36	37	35	35
"M10"	"VIT_19s0014g00540"	37	34	39	34
"M10"	"VIT_09s0002g06400"	38	32	37	39
"M10"	"VIT_14s0030g02310"	39	39	34	36
"M2"	"VIT_19s0014g05360"	1	1	1	2
"M2"	"VIT_16s0039g01920"	2	2	2	3
"M2"	"VIT_19s0014g03420"	3	4	4	1
"M2"	"VIT_19s0014g05370"	4	3	5	5
"M2"	"VIT_19s0014g05380"	5	6	3	4
"M2"	"VIT_13s0067g02040"	6	5	11	6
"M2"	"VIT_14s0006g00070"	7	7	7	7
"M2"	"VIT_18s0117g00140"	8	9	8	9
"M2"	"VIT_19s0085g00660"	9	12	6	8
"M2"	"VIT_19s0085g00460"	10	11	12	10
"M2"	"VIT_09s0054g00030"	11	13	10	14
"M2"	"VIT_07s0005g00540"	12	18	13	11
"M2"	"VIT_07s0005g06200"	13	17	9	15
"M2"	"VIT_06s0004g06490"	14	8	17	12
"M2"	"VIT_00s0160g00160"	15	20	16	13
"M2"	"VIT_17s0000g00060"	16	22	14	17
"M2"	"VIT_19s0014g05330"	17	10	24	24
"M2"	"VIT_00s0160g00280"	18	14	22	20
"M2"	"VIT_07s0005g00530"	19	19	21	19
"M2"	"VIT_05s0165g00230"	20	16	23	27
"M2"	"VIT_14s0066g00170"	21	25	18	18
"M2"	"VIT_05s0051g00120"	22	21	19	31
"M2"	"VIT_16s0115g00470"	23	15	30	26
"M2"	"VIT_01s0010g04010"	24	26	15	28
"M2"	"VIT_00s0160g00130"	25	24	29	22
"M2"	"VIT_18s0086g00440"	26	28	28	21
"M2"	"VIT_18s0089g00660"	27	23	33	43
"M2"	"VIT_00s0238g00090"	28	29	25	35
"M2"	"VIT_00s0238g00060"	29	36	20	34
"M2"	"VIT_17s0053g00970"	30	33	32	30
"M2"	"VIT_12s0035g00730"	31	27	27	40
"M2"	"VIT_12s0028g00480"	32	34	35	25
"M2"	"VIT_12s0055g00160"	33	46	26	45
"M2"	"VIT_18s0117g00060"	34	49	36	42
"M2"	"VIT_13s0019g00110"	35	30	43	38
"M2"	"VIT_00s0841g00010"	36	32	40	29
"M2"	"VIT_00s0238g00120"	37	42	38	44
"M2"	"VIT_12s0055g00440"	38	31	54	37
"M2"	"VIT_00s0160g00330"	39	53	37	46
"M2"	"VIT_04s0008g00460"	40	57	39	32
"M2"	"VIT_03s0088g00210"	41	50	41	49
"M2"	"VIT_04s0069g01150"	42	51	31	54
"M2"	"VIT_09s0054g01100"	43	54	51	16
"M2"	"VIT_19s0014g05400"	44	48	44	47
"M2"	"VIT_00s2313g00010"	45	35	49	53
"M2"	"VIT_07s0005g05150"	46	39	53	48
"M2"	"VIT_00s0184g00210"	47	43	45	51
"M2"	"VIT_03s0097g00240"	48	47	34	61
"M2"	"VIT_14s0030g00520"	49	37	52	56
"M2"	"VIT_14s0030g00930"	50	64	59	36
"M2"	"VIT_05s0051g00180"	51	44	56	57
"M2"	"VIT_18s0076g00100"	52	41	42	62
"M2"	"VIT_19s0014g01340"	53	52	47	58
"M2"	"VIT_18s0041g00870"	54	63	46	39
"M2"	"VIT_00s0184g00200"	55	61	70	41
"M2"	"VIT_19s0085g00470"	56	40	74	59
"M2"	"VIT_01s0010g01240"	57	73	76	33
"M2"	"VIT_00s0566g00010"	58	58	55	66
"M2"	"VIT_00s0160g00110"	59	38	60	73
"M2"	"VIT_03s0038g01770"	60	66	73	23
"M2"	"VIT_05s0020g00080"	61	68	50	60
"M2"	"VIT_12s0028g01210"	62	69	63	64
"M2"	"VIT_03s0038g00220"	63	62	78	55
"M2"	"VIT_18s0117g00070"	64	77	57	65
"M2"	"VIT_13s0047g01040"	65	60	61	81
"M2"	"VIT_00s0160g00120"	66	59	72	75
"M2"	"VIT_09s0018g00780"	67	80	87	50
"M2"	"VIT_02s0025g03810"	68	65	71	77
"M2"	"VIT_12s0035g01760"	69	67	65	79
"M2"	"VIT_00s2507g00010"	70	84	62	71
"M2"	"VIT_18s0089g00070"	71	81	75	70
"M2"	"VIT_00s0160g00310"	72	56	77	86
"M2"	"VIT_13s0019g00420"	73	74	79	76
"M2"	"VIT_14s0068g00120"	74	70	48	90
"M2"	"VIT_13s0158g00270"	75	85	84	52
"M2"	"VIT_18s0117g00040"	76	91	69	69
"M2"	"VIT_07s0129g00120"	77	75	58	72
"M2"	"VIT_13s0047g01030"	78	45	83	100
"M2"	"VIT_00s0483g00030"	79	78	95	63
"M2"	"VIT_09s0002g07190"	80	79	80	93
"M2"	"VIT_00s1390g00010"	81	72	81	80
"M2"	"VIT_02s0154g00580"	82	89	68	89
"M2"	"VIT_03s0038g04680"	83	98	64	82
"M2"	"VIT_00s0487g00050"	84	97	66	84
"M2"	"VIT_05s0094g01120"	85	90	67	87
"M2"	"VIT_00s1203g00010"	86	92	88	85
"M2"	"VIT_05s0094g01260"	87	88	89	95
"M2"	"VIT_00s0441g00020"	88	94	103	68
"M2"	"VIT_18s0117g00050"	89	99	85	94
"M2"	"VIT_19s0090g00330"	90	55	102	88
"M2"	"VIT_14s0006g01040"	91	101	82	83
"M2"	"VIT_16s0013g01720"	92	76	110	74
"M2"	"VIT_13s0019g02910"	93	82	105	101
"M2"	"VIT_08s0007g08850"	94	83	90	118
"M2"	"VIT_18s0041g00670"	95	105	94	105
"M2"	"VIT_16s0148g00250"	96	117	96	96
"M2"	"VIT_18s0001g00780"	97	103	98	108
"M2"	"VIT_00s0823g00020"	98	102	97	67
"M2"	"VIT_00s0203g00210"	99	95	100	109
"M2"	"VIT_05s0094g01250"	100	106	108	106
"M2"	"VIT_13s0064g00350"	101	87	101	128
"M2"	"VIT_18s0117g00380"	102	86	123	110
"M2"	"VIT_03s0038g04700"	103	125	86	113
"M2"	"VIT_07s0129g00090"	104	104	92	119
"M2"	"VIT_12s0055g00180"	105	108	119	92
"M2"	"VIT_03s0017g00940"	106	115	118	99
"M2"	"VIT_18s0117g00030"	107	112	112	107
"M2"	"VIT_19s0090g01380"	108	93	93	137
"M2"	"VIT_03s0063g00810"	109	131	106	97
"M2"	"VIT_19s0015g02690"	110	96	113	121
"M2"	"VIT_18s0117g00080"	111	111	109	117
"M2"	"VIT_11s0016g02940"	112	109	111	115
"M2"	"VIT_16s0050g01710"	113	128	114	102
"M2"	"VIT_01s0127g00590"	114	120	115	104
"M2"	"VIT_02s0025g03910"	115	114	132	103
"M2"	"VIT_00s0160g00100"	116	71	122	131
"M2"	"VIT_10s0116g00040"	117	121	142	91
"M2"	"VIT_19s0135g00060"	118	116	126	114
"M2"	"VIT_09s0002g02050"	119	119	124	120
"M2"	"VIT_16s0050g01720"	120	136	128	111
"M2"	"VIT_14s0030g01300"	121	118	138	112
"M2"	"VIT_13s0067g00560"	122	137	117	136
"M2"	"VIT_13s0064g00830"	123	138	116	133
"M2"	"VIT_03s0088g00140"	124	133	104	142
"M2"	"VIT_17s0053g00040"	125	149	91	138
"M2"	"VIT_13s0158g00290"	126	113	141	122
"M2"	"VIT_12s0035g00740"	127	130	107	144
"M2"	"VIT_14s0030g02020"	128	132	146	127
"M2"	"VIT_12s0035g00780"	129	144	120	132
"M2"	"VIT_00s0187g00090"	130	141	137	125
"M2"	"VIT_03s0017g00870"	131	139	99	154
"M2"	"VIT_16s0039g02350"	132	153	130	116
"M2"	"VIT_13s0147g00110"	133	122	134	140
"M2"	"VIT_07s0129g00160"	134	135	133	123
"M2"	"VIT_00s0346g00050"	135	159	156	78
"M2"	"VIT_16s0100g00740"	136	146	125	143
"M2"	"VIT_00s0437g00010"	137	140	139	134
"M2"	"VIT_12s0035g00750"	138	100	136	149
"M2"	"VIT_07s0104g00150"	139	107	153	146
"M2"	"VIT_19s0014g03390"	140	147	131	148
"M2"	"VIT_19s0085g00920"	141	110	143	153
"M2"	"VIT_09s0054g01680"	142	150	121	161
"M2"	"VIT_00s0463g00030"	143	126	148	163
"M2"	"VIT_01s0026g02270"	144	154	149	141
"M2"	"VIT_14s0068g00160"	145	129	144	155
"M2"	"VIT_08s0058g00020"	146	148	159	145
"M2"	"VIT_14s0030g00140"	147	160	161	129
"M2"	"VIT_05s0077g00530"	148	124	157	159
"M2"	"VIT_15s0046g00500"	149	166	160	126
"M2"	"VIT_10s0003g00410"	150	145	150	164
"M2"	"VIT_00s0179g00250"	151	152	140	158
"M2"	"VIT_04s0023g02810"	152	151	151	160
"M2"	"VIT_02s0025g04890"	153	123	154	173
"M2"	"VIT_03s0038g01930"	154	161	127	172
"M2"	"VIT_00s0187g00080"	155	155	168	151
"M2"	"VIT_15s0046g01610"	156	142	152	176
"M2"	"VIT_03s0088g00060"	157	175	129	165
"M2"	"VIT_18s0001g06940"	158	163	172	147
"M2"	"VIT_14s0006g02550"	159	158	173	152
"M2"	"VIT_05s0029g01000"	160	176	178	130
"M2"	"VIT_01s0146g00090"	161	157	176	150
"M2"	"VIT_02s0025g00940"	162	180	145	171
"M2"	"VIT_01s0011g05060"	163	170	167	157
"M2"	"VIT_18s0001g11580"	164	169	166	166
"M2"	"VIT_19s0014g00450"	165	127	183	170
"M2"	"VIT_00s0414g00060"	166	164	170	162
"M2"	"VIT_01s0011g06460"	167	143	163	178
"M2"	"VIT_06s0009g00980"	168	173	135	175
"M2"	"VIT_13s0067g02410"	169	156	194	135
"M2"	"VIT_18s0001g09900"	170	167	179	167
"M2"	"VIT_00s0184g00130"	171	162	186	174
"M2"	"VIT_13s0019g02660"	172	172	175	179
"M2"	"VIT_13s0139g00200"	173	165	165	124
"M2"	"VIT_04s0008g01580"	174	174	174	156
"M2"	"VIT_06s0004g05070"	175	168	180	185
"M2"	"VIT_14s0081g00100"	176	179	171	186
"M2"	"VIT_14s0030g01150"	177	194	182	139
"M2"	"VIT_07s0151g00400"	178	171	169	189
"M2"	"VIT_18s0089g00980"	179	191	155	195
"M2"	"VIT_00s0276g00010"	180	183	162	192
"M2"	"VIT_14s0030g00860"	181	182	193	168
"M2"	"VIT_00s0253g00040"	182	184	184	182
"M2"	"VIT_01s0011g02960"	183	199	164	181
"M2"	"VIT_03s0017g00650"	184	196	158	188
"M2"	"VIT_14s0068g00130"	185	192	147	196
"M2"	"VIT_13s0106g00250"	186	187	181	190
"M2"	"VIT_13s0067g01090"	187	190	187	187
"M2"	"VIT_03s0017g02080"	188	134	201	198
"M2"	"VIT_00s2478g00020"	189	193	177	180
"M2"	"VIT_01s0010g03810"	190	177	198	184
"M2"	"VIT_00s0324g00070"	191	186	188	193
"M2"	"VIT_18s0001g08810"	192	188	192	177
"M2"	"VIT_15s0021g02400"	193	195	191	200
"M2"	"VIT_14s0006g00180"	194	185	196	194
"M2"	"VIT_13s0019g02190"	195	197	190	201
"M2"	"VIT_04s0044g01810"	196	206	189	183
"M2"	"VIT_13s0019g00860"	197	189	199	191
"M2"	"VIT_14s0108g00740"	198	203	203	169
"M2"	"VIT_09s0054g00360"	199	198	205	197
"M2"	"VIT_03s0063g01960"	200	178	197	208
"M2"	"VIT_19s0093g00190"	201	181	195	205
"M2"	"VIT_12s0057g00420"	202	204	202	199
"M2"	"VIT_17s0119g00150"	203	200	208	204
"M2"	"VIT_03s0167g00010"	204	214	214	98
"M2"	"VIT_00s0780g00030"	205	211	185	210
"M2"	"VIT_03s0038g04330"	206	202	204	207
"M2"	"VIT_03s0097g00160"	207	213	209	202
"M2"	"VIT_14s0108g01000"	208	201	207	211
"M2"	"VIT_18s0164g00100"	209	209	206	203
"M2"	"VIT_06s0004g04010"	210	205	210	206
"M2"	"VIT_00s0227g00080"	211	212	200	209
"M2"	"VIT_09s0002g08210"	212	210	211	213
"M2"	"VIT_04s0044g01830"	213	207	212	214
"M2"	"VIT_00s0184g00220"	214	208	213	212
