"Gene"	"Rank_kWithin"	"kWithin"	"kWithin_per_possible_edge"	"kWithin_to_v3_stilbenoid_group"	"kWithin_to_other_M5"	"Fraction_kWithin_to_v3_stilbenoid_group"	"Fraction_kWithin_from_negative_correlations"	"kME_signed"	"abs_kME"	"Rank_abs_kME"	"Top_decile_kWithin"	"V3_mapped"	"V5_mapped"	"V3_MapMan_annotated"	"V5_MapMan_annotated"	"V3_PAL_label"	"V5_PAL_label"	"V3_stilbenoid_label"	"V5_flavonoid_label"	"V5_CHS_label"	"V3_TF_label"	"V5_TF_label"	"V3_NAC_label"	"V5_NAC_label"	"V5_Pfam_CHS_STS_shared_domain"	"V5_Pfam_NAC_domain"	"V3_V5_STS_CHS_label_conflict"	"V3_gene"	"V5_gene"	"V5_Chr"	"V5_GeneStart"	"V5_GeneEnd"	"Harvest_CS_minus_PN_2012"	"Harvest_CS_minus_PN_2013"	"Harvest_CS_minus_PN_2014"	"Harvest_same_direction_all_years"
"VIT_16s0100g00780"	1	43.6586512114924	0.408024777677499	11.1738184473382	32.4848327641542	0.255935951690529	0.050038785383324	0.987516121933569	0.987516121933569	2	TRUE	TRUE	TRUE	TRUE	TRUE	FALSE	FALSE	TRUE	TRUE	TRUE	FALSE	FALSE	FALSE	FALSE	TRUE	FALSE	TRUE	"Vitvi16g01457"	"Vitvi05_01chr16g14030"	"chr16"	21059415	21061300	-4.21872004669093	-3.4688390976237	-3.26541103850353	TRUE
"VIT_16s0100g00750"	2	42.2220975125553	0.394599042173414	11.6411249792654	30.5809725332899	0.275711669127849	0.0500579304684898	0.987586698718979	0.987586698718979	1	TRUE	TRUE	TRUE	TRUE	TRUE	FALSE	FALSE	TRUE	TRUE	TRUE	FALSE	FALSE	FALSE	FALSE	TRUE	FALSE	TRUE	"Vitvi16g01485"	"Vitvi05_01chr16g14000"	"chr16"	21022017	21023894	-4.93591031493343	-3.80327007597137	-4.55130180860864	TRUE
"VIT_16s0100g00770"	3	41.8380469864668	0.39100978492025	11.5004235348109	30.3376234516559	0.274879550150391	0.048669471429042	0.98457310887757	0.98457310887757	3	TRUE	TRUE	TRUE	TRUE	TRUE	FALSE	FALSE	TRUE	TRUE	TRUE	FALSE	FALSE	FALSE	FALSE	TRUE	FALSE	TRUE	"Vitvi16g01486"	"Vitvi05_01chr16g14020"	"chr16"	21051431	21054782	-4.63288029136585	-2.92592278272645	-3.55531879910094	TRUE
"VIT_16s0100g01100"	4	41.4882420312721	0.387740579731515	8.19291251556168	33.2953295157104	0.197475528352978	0.055063983166071	0.977525494877239	0.977525494877239	8	TRUE	TRUE	TRUE	TRUE	TRUE	FALSE	FALSE	TRUE	TRUE	TRUE	FALSE	FALSE	FALSE	FALSE	TRUE	FALSE	TRUE	"Vitvi16g01475"	"Vitvi05_01chr16g14430"	"chr16"	21384680	21386959	-5.74302785101313	-5.28832947565818	-6.06983754461784	TRUE
"VIT_05s0020g03280"	5	40.8387868824336	0.381670905443305	8.63305334093909	32.2057335414945	0.211393481539789	0.049737000551302	0.978868779673325	0.978868779673325	7	TRUE	TRUE	TRUE	TRUE	TRUE	FALSE	FALSE	FALSE	FALSE	FALSE	FALSE	FALSE	FALSE	FALSE	FALSE	FALSE	FALSE	"Vitvi05g00483"	"Vitvi05_01chr05g07310"	"chr05"	5259229	5263083	-4.13600221214014	-3.85789552598609	-3.94733285881482	TRUE
"VIT_16s0100g00910"	6	40.7704754731407	0.381032481057389	12.6569032422377	28.113572230903	0.310442865709917	0.0416495817260119	0.982767929509309	0.982767929509309	4	TRUE	TRUE	TRUE	TRUE	TRUE	FALSE	FALSE	TRUE	TRUE	TRUE	FALSE	FALSE	FALSE	FALSE	TRUE	FALSE	TRUE	"Vitvi16g01464"	"Vitvi05_01chr16g14090"	"chr16"	21119047	21122355	-5.01010335595213	-3.89934024334322	-3.48908466024534	TRUE
"VIT_12s0028g00860"	7	40.2816754679965	0.376464256710248	9.36831287258909	30.9133625954074	0.232570089594018	0.0509757670076656	0.976819815666351	0.976819815666351	9	TRUE	TRUE	TRUE	TRUE	TRUE	FALSE	FALSE	FALSE	FALSE	FALSE	TRUE	TRUE	TRUE	TRUE	FALSE	TRUE	FALSE	"Vitvi12g00076"	"Vitvi05_01chr12g01380"	"chr12"	1411171	1414878	-3.33473235995865	-3.56848510573485	-3.77095615266085	TRUE
"VIT_16s0100g01140"	8	40.1973956212515	0.375676594591136	11.32094934945	28.8764462718016	0.281633901263614	0.0400347598150367	0.979165689989047	0.979165689989047	6	TRUE	TRUE	TRUE	TRUE	TRUE	FALSE	FALSE	TRUE	TRUE	TRUE	FALSE	FALSE	FALSE	FALSE	TRUE	FALSE	TRUE	"Vitvi16g01479"	"Vitvi05_01chr16g14500"	"chr16"	21452008	21453890	-3.7173882621219	-3.01346812406395	-2.415370072006	TRUE
"VIT_06s0004g02010"	9	39.3203342374249	0.36747975922827	8.13889308691097	31.181441150514	0.206989417683139	0.0564450654745175	0.972312547859165	0.972312547859165	12	TRUE	TRUE	FALSE	TRUE	FALSE	FALSE	FALSE	FALSE	FALSE	FALSE	FALSE	FALSE	FALSE	FALSE	FALSE	FALSE	FALSE	"Vitvi06g01630"	NA	NA	NA	NA	-7.42092739325836	-8.57776203958469	-9.42546399301796	TRUE
"VIT_16s0100g01150"	10	39.1973052146938	0.366329955277512	10.333816745941	28.8634884687527	0.26363589765521	0.046833086324405	0.9810152434934	0.9810152434934	5	TRUE	TRUE	TRUE	TRUE	TRUE	FALSE	FALSE	TRUE	TRUE	TRUE	FALSE	FALSE	FALSE	FALSE	TRUE	FALSE	TRUE	"Vitvi16g01480"	"Vitvi05_01chr16g14510"	"chr16"	21468617	21470680	-5.17860539693942	-4.21315905597389	-3.79238589770994	TRUE
"VIT_16s0100g01070"	11	38.8257600780864	0.362857570823238	11.6644497573707	27.1613103207158	0.300430686583112	0.0426723082868768	0.973431665789172	0.973431665789172	11	TRUE	TRUE	TRUE	TRUE	TRUE	FALSE	FALSE	TRUE	TRUE	TRUE	FALSE	FALSE	FALSE	FALSE	TRUE	FALSE	TRUE	"Vitvi16g01474"	"Vitvi05_01chr16g14370"	"chr16"	21354027	21357368	-4.59269953219097	-4.21215462583635	-3.31738044452863	TRUE
"VIT_03s0088g00690"	12	38.2141752103469	0.357141824395765	7.88603952832484	30.328135682022	0.206364247950316	0.0577370896383675	0.970154819124515	0.970154819124515	15	FALSE	FALSE	FALSE	FALSE	FALSE	FALSE	FALSE	FALSE	FALSE	FALSE	FALSE	FALSE	FALSE	FALSE	FALSE	FALSE	FALSE	NA	NA	NA	NA	NA	-5.57641699093037	-6.11525681654818	-5.68905640459869	TRUE
"VIT_16s0100g01200"	13	38.1939692458039	0.356952983605644	11.7892229891113	26.4047462566926	0.308667133107839	0.0415413386893111	0.975508736967164	0.975508736967164	10	FALSE	TRUE	TRUE	TRUE	TRUE	FALSE	FALSE	TRUE	FALSE	FALSE	FALSE	FALSE	FALSE	FALSE	TRUE	FALSE	FALSE	"Vitvi16g01484"	"Vitvi05_01chr16g14590"	"chr16"	21527125	21528069	-5.0894475332842	-4.77688515638302	-4.14371194754268	TRUE
"VIT_05s0077g01530"	14	37.9466849482327	0.354641915404044	8.32582273700937	29.6208622112233	0.219408434448689	0.0523723557968055	0.972247707925688	0.972247707925688	13	FALSE	TRUE	FALSE	TRUE	FALSE	FALSE	FALSE	FALSE	FALSE	FALSE	FALSE	FALSE	FALSE	FALSE	FALSE	FALSE	FALSE	"Vitvi05g01760"	NA	NA	NA	NA	-5.4244383465064	-4.26324008844468	-6.19818458584896	TRUE
"VIT_06s0004g01990"	15	37.6555326842422	0.351920866207871	8.25257811460977	29.4029545696324	0.21915977616918	0.052619470837291	0.966718740625701	0.966718740625701	18	FALSE	TRUE	TRUE	TRUE	FALSE	FALSE	FALSE	FALSE	FALSE	FALSE	FALSE	FALSE	FALSE	FALSE	FALSE	FALSE	FALSE	"Vitvi06g01629"	"Vitvi05_01chr06g03110"	"chr06"	2472437	2473483	-5.7460140424831	-6.21122194910744	-7.25547333025018	TRUE
"VIT_03s0088g00700"	16	36.7539998963597	0.343495326134203	7.51675646202631	29.2372434343334	0.204515331208095	0.0526467062551889	0.968859126131651	0.968859126131651	16	FALSE	TRUE	TRUE	TRUE	TRUE	FALSE	FALSE	FALSE	FALSE	FALSE	FALSE	FALSE	FALSE	FALSE	FALSE	FALSE	FALSE	"Vitvi03g01650"	"Vitvi05_01chr03g11570"	"chr03"	8936778	8937921	-6.45137360470009	-5.30258194138697	-6.22650458577884	TRUE
"VIT_01s0146g00320"	17	35.979860777847	0.336260381101374	8.03760879652997	27.9422519813171	0.223391881534982	0.0476436788733537	0.968762290027031	0.968762290027031	17	FALSE	TRUE	FALSE	TRUE	FALSE	FALSE	FALSE	FALSE	FALSE	FALSE	FALSE	FALSE	FALSE	FALSE	FALSE	FALSE	FALSE	"Vitvi01g02290"	NA	NA	NA	NA	-5.55857839569379	-3.55085419660037	-5.04302111464544	TRUE
"VIT_13s0019g05070"	18	35.5622716229042	0.332357678718731	7.30226127932126	28.2600103435829	0.205337312440361	0.0616856804523811	0.959847253512928	0.959847253512928	21	FALSE	TRUE	TRUE	TRUE	TRUE	FALSE	FALSE	FALSE	FALSE	FALSE	FALSE	FALSE	FALSE	FALSE	FALSE	FALSE	FALSE	"Vitvi13g00683"	"Vitvi05_01chr13g09270"	"chr13"	6897087	6899732	-3.10512820215522	-3.1630071532865	-2.67047567215754	TRUE
"VIT_16s0100g00830"	19	35.4600438997751	0.331402279437151	11.5614072126482	23.8986366871269	0.326040408898692	0.0377539587779386	0.965408856417301	0.965408856417301	19	FALSE	TRUE	FALSE	TRUE	FALSE	FALSE	FALSE	TRUE	FALSE	FALSE	FALSE	FALSE	FALSE	FALSE	FALSE	FALSE	FALSE	"Vitvi16g00991"	NA	NA	NA	NA	-4.43096577485967	-3.48441626133134	-2.98929882766138	TRUE
"VIT_06s0004g01030"	20	35.2699140872458	0.329625365301363	8.18254352865942	27.0873705585864	0.23199782989033	0.0556434428117428	0.958654489003058	0.958654489003058	22	FALSE	TRUE	FALSE	TRUE	FALSE	FALSE	FALSE	FALSE	FALSE	FALSE	FALSE	FALSE	FALSE	FALSE	FALSE	FALSE	FALSE	"Vitvi06g01604"	NA	NA	NA	NA	-4.36097590250689	-2.91229388315774	-5.11746465336344	TRUE
"VIT_11s0016g05540"	21	35.1036077024562	0.328071100022955	7.31734912428009	27.7862585781761	0.208450059785966	0.0474627594172387	0.971074677012414	0.971074677012414	14	FALSE	TRUE	FALSE	TRUE	FALSE	FALSE	FALSE	FALSE	FALSE	FALSE	FALSE	FALSE	FALSE	FALSE	FALSE	FALSE	FALSE	"Vitvi11g00486"	NA	NA	NA	NA	-4.25178402910125	-4.46656408587265	-4.22842829482052	TRUE
"VIT_00s0324g00050"	22	35.0765138388682	0.327817886344563	7.29098595908893	27.7855278797793	0.20785948092167	0.0654703519468703	0.952696375318498	0.952696375318498	29	FALSE	FALSE	FALSE	FALSE	FALSE	FALSE	FALSE	FALSE	FALSE	FALSE	FALSE	FALSE	FALSE	FALSE	FALSE	FALSE	FALSE	NA	NA	NA	NA	NA	-4.00519043928726	-4.48219488798378	-3.6975765570052	TRUE
"VIT_18s0117g00550"	23	34.2738374196437	0.320316237566764	6.71675516450482	27.5570822551389	0.195973245781202	0.057726871020495	0.956649483673066	0.956649483673066	24	FALSE	TRUE	TRUE	TRUE	TRUE	FALSE	FALSE	FALSE	FALSE	FALSE	FALSE	FALSE	FALSE	FALSE	FALSE	FALSE	FALSE	"Vitvi18g03065"	"Vitvi05_01chr18g27580"	"chr18"	27812212	27815717	-3.65071850754631	-4.63958727153003	-4.43338536632498	TRUE
"VIT_12s0028g02530"	24	33.1043956440208	0.309386875177765	7.39352539528161	25.7108702487392	0.223339688021672	0.0460656812035341	0.958283363733426	0.958283363733426	23	FALSE	TRUE	TRUE	TRUE	TRUE	FALSE	FALSE	FALSE	FALSE	FALSE	FALSE	FALSE	FALSE	FALSE	FALSE	FALSE	FALSE	"Vitvi12g00220"	"Vitvi05_01chr12g03600"	"chr12"	3308817	3310295	-3.0096265679246	-2.31629453665008	-2.51011255142739	TRUE
"VIT_12s0028g02970"	25	32.9697542193106	0.308128544105706	6.26826020708478	26.7014940122258	0.190121532765732	0.063117510077252	0.947000418597241	0.947000418597241	38	FALSE	FALSE	TRUE	FALSE	FALSE	FALSE	FALSE	FALSE	FALSE	FALSE	FALSE	FALSE	FALSE	FALSE	FALSE	FALSE	FALSE	NA	"Vitvi05_01chr12g04130"	"chr12"	3720592	3726494	-2.49247971059961	-3.7289602292719	-3.37295406918523	TRUE
"VIT_06s0004g01020"	26	32.8701517390243	0.307197679803965	7.2580693780023	25.612082361022	0.22081033989829	0.0615737823004656	0.946394127572394	0.946394127572394	41	FALSE	FALSE	FALSE	FALSE	FALSE	FALSE	FALSE	FALSE	FALSE	FALSE	FALSE	FALSE	FALSE	FALSE	FALSE	FALSE	FALSE	NA	NA	NA	NA	NA	-4.2331542566316	-3.42528991286526	-4.94254499127375	TRUE
"VIT_16s0100g01160"	27	32.2229700415517	0.301149252724783	10.6182268926603	21.6047431488914	0.329523531783943	0.0322135920326451	0.953008382192329	0.953008382192329	27	FALSE	TRUE	TRUE	TRUE	TRUE	FALSE	FALSE	TRUE	TRUE	TRUE	FALSE	FALSE	FALSE	FALSE	TRUE	FALSE	TRUE	"Vitvi16g01481"	"Vitvi05_01chr16g14540"	"chr16"	21489995	21491840	-4.36642095338605	-4.01060291706423	-2.08360570467734	TRUE
"VIT_16s0039g01240"	28	31.918526410296	0.298303985142953	10.0904004176441	21.8281259926519	0.316129895470025	0.0327533484929706	0.951050316464359	0.951050316464359	30	FALSE	TRUE	TRUE	TRUE	TRUE	TRUE	TRUE	FALSE	FALSE	FALSE	FALSE	FALSE	FALSE	FALSE	FALSE	FALSE	FALSE	"Vitvi16g00060"	"Vitvi05_01chr16g00890"	"chr16"	691022	693496	-4.38306029860134	-3.5796633619595	-2.0069574062201	TRUE
"VIT_12s0035g01000"	29	31.6982599819062	0.296245420391646	6.18417166852945	25.5140883133767	0.195094988559608	0.0587155109195747	0.947557688005118	0.947557688005118	37	FALSE	TRUE	TRUE	TRUE	FALSE	FALSE	FALSE	FALSE	FALSE	FALSE	FALSE	FALSE	FALSE	FALSE	FALSE	FALSE	FALSE	"Vitvi12g02039"	"Vitvi05_01chr12g21410"	"chr12"	22686479	22688157	-3.7009874806075	-4.50167878085245	-3.63052729301766	TRUE
"VIT_16s0039g01170"	30	31.4845921934778	0.294248525172689	10.7939391039875	20.6906530894902	0.342832425386267	0.0291400729764416	0.949725993309318	0.949725993309318	31	FALSE	TRUE	TRUE	TRUE	TRUE	TRUE	TRUE	FALSE	FALSE	FALSE	FALSE	FALSE	FALSE	FALSE	FALSE	FALSE	FALSE	"Vitvi16g00057"	"Vitvi05_01chr16g00830"	"chr16"	652281	655137	-4.48339713822813	-3.68572153939961	-2.12010351036026	TRUE
"VIT_02s0025g04250"	31	31.1006548795589	0.290660325977186	6.50709123687106	24.5935636426879	0.209226823746013	0.0546189561688469	0.954137656105554	0.954137656105554	26	FALSE	TRUE	FALSE	TRUE	FALSE	FALSE	FALSE	FALSE	FALSE	FALSE	FALSE	FALSE	FALSE	FALSE	FALSE	FALSE	FALSE	"Vitvi02g00393"	NA	NA	NA	NA	-5.72644266811815	-4.72123100052827	-5.13811798669512	TRUE
"VIT_16s0100g01130"	32	31.0065819740147	0.289781139944063	11.1236659138053	19.8829160602095	0.358751761904215	0.0307767687894392	0.947844834517071	0.947844834517071	34	FALSE	FALSE	FALSE	FALSE	FALSE	FALSE	FALSE	FALSE	FALSE	FALSE	FALSE	FALSE	FALSE	FALSE	FALSE	FALSE	FALSE	NA	NA	NA	NA	NA	-4.33486559238912	-4.10249284955033	-1.93667807535205	TRUE
"VIT_16s0039g01320"	33	30.8671341216563	0.288477888987442	9.54989612046525	21.317238001191	0.309387197490585	0.0319475621357186	0.947891403248952	0.947891403248952	33	FALSE	FALSE	FALSE	FALSE	FALSE	FALSE	FALSE	FALSE	FALSE	FALSE	FALSE	FALSE	FALSE	FALSE	FALSE	FALSE	FALSE	NA	NA	NA	NA	NA	-5.14689185139281	-4.20622555428406	-2.44237612293294	TRUE
"VIT_15s0046g01570"	34	30.7450227060518	0.287336660804222	7.0582174941319	23.6868052119199	0.229572687638399	0.0586158003241645	0.961653420273809	0.961653420273809	20	FALSE	TRUE	TRUE	TRUE	TRUE	FALSE	FALSE	FALSE	FALSE	FALSE	FALSE	FALSE	FALSE	FALSE	FALSE	FALSE	FALSE	"Vitvi15g01035"	"Vitvi05_01chr15g18250"	"chr15"	21750631	21752244	-4.2962578102323	-3.5354060517748	-4.68085703646889	TRUE
"VIT_17s0000g00680"	35	30.7167307845663	0.287072250323049	6.49244969192875	24.2242810926375	0.211365256851843	0.0489566705941176	0.954398287997272	0.954398287997272	25	FALSE	TRUE	FALSE	TRUE	FALSE	FALSE	FALSE	FALSE	FALSE	FALSE	FALSE	FALSE	FALSE	FALSE	FALSE	FALSE	FALSE	"Vitvi17g01328"	NA	NA	NA	NA	-3.81411305428081	-3.78862588105685	-4.24514564136472	TRUE
"VIT_16s0039g01120"	36	30.4116830033553	0.284221336479956	9.92932290153958	20.4823601018157	0.326496988030688	0.0294605886546724	0.946716966916019	0.946716966916019	40	FALSE	TRUE	TRUE	TRUE	TRUE	TRUE	TRUE	FALSE	FALSE	FALSE	FALSE	FALSE	FALSE	FALSE	FALSE	FALSE	FALSE	"Vitvi16g01503"	"Vitvi05_01chr16g00810"	"chr16"	615797	618548	-4.08197045710242	-3.58436437668177	-2.08313265128018	TRUE
"VIT_03s0088g00710"	37	30.0025592934806	0.280397750406361	5.87006964389121	24.1324896495894	0.195652297074761	0.0371156074035476	0.952909605901534	0.952909605901534	28	FALSE	TRUE	TRUE	TRUE	TRUE	FALSE	FALSE	FALSE	FALSE	FALSE	FALSE	FALSE	FALSE	FALSE	FALSE	FALSE	FALSE	"Vitvi03g01651"	"Vitvi05_01chr03g11580"	"chr03"	8941581	8942732	-6.70337328061558	-5.50109555060891	-6.4818180096757	TRUE
"VIT_16s0100g01010"	38	29.8783456264776	0.279236875013809	10.7491618740201	19.1291837524575	0.359764292454478	0.0342970248487034	0.948357229113249	0.948357229113249	32	FALSE	TRUE	TRUE	TRUE	TRUE	FALSE	FALSE	TRUE	TRUE	TRUE	FALSE	FALSE	FALSE	FALSE	TRUE	FALSE	TRUE	"Vitvi16g01470"	"Vitvi05_01chr16g14240"	"chr16"	21258153	21259965	-4.75711748513607	-3.72640825848216	-3.18644885462979	TRUE
"VIT_16s0100g00990"	39	29.7295435981493	0.277846201851863	10.8557002302615	18.8738433678879	0.365148566590751	0.0323673991227096	0.947619407906219	0.947619407906219	36	FALSE	TRUE	TRUE	TRUE	TRUE	FALSE	FALSE	TRUE	TRUE	TRUE	FALSE	FALSE	FALSE	FALSE	TRUE	FALSE	TRUE	"Vitvi16g01468"	"Vitvi05_01chr16g14300"	"chr16"	21319757	21322450	-4.50974760297588	-3.7321132141977	-3.05531773161385	TRUE
"VIT_14s0006g03050"	40	29.477849954711	0.275493924810383	5.64766869308524	23.8301812616257	0.191590251723317	0.0787291994332247	0.93699624847616	0.93699624847616	46	FALSE	FALSE	FALSE	FALSE	FALSE	FALSE	FALSE	FALSE	FALSE	FALSE	FALSE	FALSE	FALSE	FALSE	FALSE	FALSE	FALSE	NA	NA	NA	NA	NA	-3.40411334839785	-3.36933729558328	-3.31485959789279	TRUE
"VIT_05s0077g01540"	41	29.3776770792645	0.274557729712752	6.62784107605362	22.7498360032109	0.225608071671933	0.0470044401211551	0.94311047815689	0.94311047815689	42	FALSE	TRUE	TRUE	TRUE	FALSE	FALSE	FALSE	FALSE	FALSE	FALSE	FALSE	FALSE	FALSE	FALSE	FALSE	FALSE	FALSE	"Vitvi05g00072"	"Vitvi05_01chr05g01030"	"chr05"	683527	684718	-4.34949536744056	-3.28078315484703	-6.04865995838901	TRUE
"VIT_00s0270g00120"	42	29.1653628258359	0.272573484353606	5.67044015354811	23.4949226722877	0.194423782327337	0.075092726690853	0.930176594137679	0.930176594137679	50	FALSE	TRUE	TRUE	TRUE	TRUE	FALSE	FALSE	FALSE	FALSE	FALSE	FALSE	FALSE	FALSE	FALSE	FALSE	FALSE	FALSE	"Vitvi04g00798"	"Vitvi05_01chr04g11600"	"chr04"	10178889	10179787	-4.32435069015292	-4.85608026816204	-5.95500376192425	TRUE
"VIT_02s0025g03260"	43	28.6621352376778	0.267870422782035	6.00802922176767	22.6541060159101	0.209615549293404	0.956907784381399	-0.938867217056919	0.938867217056919	44	FALSE	TRUE	TRUE	TRUE	TRUE	FALSE	FALSE	FALSE	FALSE	FALSE	FALSE	FALSE	FALSE	FALSE	FALSE	FALSE	FALSE	"Vitvi02g00295"	"Vitvi05_01chr02g03820"	"chr02"	2597375	2602904	4.19536794916637	3.83829604947207	4.21087684951745	TRUE
"VIT_16s0100g01000"	44	28.525145385404	0.266590143788823	9.50984488658181	19.0153004988222	0.333384624621331	0.0346409819711308	0.947760565899259	0.947760565899259	35	FALSE	TRUE	TRUE	TRUE	TRUE	FALSE	FALSE	TRUE	TRUE	TRUE	FALSE	FALSE	FALSE	FALSE	TRUE	FALSE	TRUE	"Vitvi16g01469"	"Vitvi05_01chr16g14280"	"chr16"	21293062	21294578	-4.74774215635272	-3.07014583914872	-3.27554522974993	TRUE
"VIT_02s0033g00700"	45	28.4152641403601	0.265563216265048	5.3555748082666	23.0596893320935	0.188475277998902	0.0677068123816956	0.938677433213072	0.938677433213072	45	FALSE	TRUE	TRUE	FALSE	TRUE	FALSE	FALSE	FALSE	FALSE	FALSE	FALSE	FALSE	FALSE	FALSE	FALSE	FALSE	FALSE	"Vitvi02g01067"	"Vitvi05_01chr02g16820"	"chr02"	17331652	17334049	-3.80299702171891	-2.72742822292293	-2.61890224998385	TRUE
"VIT_03s0038g03400"	46	27.8459441779615	0.260242468952912	7.11244148467229	20.7335026932892	0.255421092537468	0.0635371436283429	0.946772488373529	0.946772488373529	39	FALSE	TRUE	FALSE	TRUE	FALSE	FALSE	FALSE	FALSE	FALSE	FALSE	FALSE	FALSE	FALSE	FALSE	FALSE	FALSE	FALSE	"Vitvi03g00206"	NA	NA	NA	NA	-2.61003736905932	-2.25968160764365	-2.7299480136765	TRUE
"VIT_16s0039g01280"	47	27.7184292001209	0.259050740188046	9.30955489723162	18.4088743028893	0.335861560913813	0.027623502387819	0.931691861877053	0.931691861877053	49	FALSE	TRUE	TRUE	TRUE	TRUE	TRUE	TRUE	FALSE	FALSE	FALSE	FALSE	FALSE	FALSE	FALSE	FALSE	FALSE	FALSE	"Vitvi16g00061"	"Vitvi05_01chr16g00900"	"chr16"	702369	705036	-4.277804930861	-3.3494408675422	-1.538598050246	TRUE
"VIT_16s0100g01020"	48	27.1855507533748	0.25407056778855	9.20620534553058	17.9793454078443	0.338643326708682	0.0335826728688612	0.940760216747878	0.940760216747878	43	FALSE	TRUE	TRUE	TRUE	TRUE	FALSE	FALSE	TRUE	TRUE	TRUE	FALSE	FALSE	FALSE	FALSE	TRUE	FALSE	TRUE	"Vitvi16g01471"	"Vitvi05_01chr16g14310"	"chr16"	21332728	21334502	-4.1001154220835	-2.32432213298082	-2.51742525520251	TRUE
"VIT_16s0100g01030"	49	26.9894791305583	0.252238122715498	7.83974098731445	19.1497381432438	0.290473963924634	0.0577700208161258	0.934837027784655	0.934837027784655	47	FALSE	TRUE	TRUE	TRUE	TRUE	FALSE	FALSE	TRUE	TRUE	TRUE	FALSE	FALSE	FALSE	FALSE	TRUE	FALSE	TRUE	"Vitvi16g01472"	"Vitvi05_01chr16g14320"	"chr16"	21336336	21338946	-3.56110322435322	-1.62635378752024	-3.19881054672251	TRUE
"VIT_01s0026g02400"	50	26.5827289963671	0.248436719592216	4.50778930243595	22.0749396939311	0.169575866460212	0.0631065486462863	0.922496443817542	0.922496443817542	54	FALSE	TRUE	TRUE	TRUE	TRUE	FALSE	FALSE	FALSE	FALSE	FALSE	FALSE	FALSE	FALSE	FALSE	FALSE	FALSE	FALSE	"Vitvi01g02132"	"Vitvi05_01chr01g15090"	"chr01"	12299134	12300595	-2.43545467515785	-2.66669813645451	-3.34985297130296	TRUE
"VIT_16s0039g01300"	51	26.2461770739275	0.245291374522687	9.2104116816703	17.0357653922572	0.350923932873247	0.0251028945729488	0.922996620000056	0.922996620000056	53	FALSE	TRUE	TRUE	TRUE	TRUE	TRUE	TRUE	FALSE	FALSE	FALSE	FALSE	FALSE	FALSE	FALSE	FALSE	FALSE	FALSE	"Vitvi16g01507"	"Vitvi05_01chr16g00910"	"chr16"	711808	714839	-4.49226172692327	-3.80708659392998	-1.46723024866091	TRUE
"VIT_05s0020g05000"	52	26.1796893991041	0.244669994384151	5.01714976571159	21.1625396333925	0.191642830028506	0.0577193406827419	0.924199408547407	0.924199408547407	51	FALSE	TRUE	FALSE	TRUE	FALSE	FALSE	FALSE	FALSE	FALSE	FALSE	FALSE	FALSE	FALSE	FALSE	FALSE	FALSE	FALSE	"Vitvi05g01910"	NA	NA	NA	NA	-4.52308049035689	-5.90813360636814	-3.8355421275515	TRUE
"VIT_02s0025g04260"	53	24.5352092320962	0.229301020860712	5.71382693158333	18.8213823005129	0.232882747301322	0.026889152568287	0.932578431771078	0.932578431771078	48	FALSE	TRUE	TRUE	TRUE	FALSE	FALSE	FALSE	FALSE	FALSE	FALSE	FALSE	FALSE	FALSE	FALSE	FALSE	FALSE	FALSE	"Vitvi02g01403"	"Vitvi05_01chr02g05200"	"chr02"	3623696	3624583	-3.95566441391044	-2.68636998625681	-2.48228074045224	TRUE
"VIT_14s0030g01890"	54	24.2354458000809	0.2264994934587	4.38030450058797	19.8551412994929	0.180739588482146	0.0745792779631826	0.916765371694317	0.916765371694317	58	FALSE	TRUE	TRUE	TRUE	FALSE	FALSE	FALSE	FALSE	FALSE	FALSE	FALSE	FALSE	FALSE	FALSE	FALSE	FALSE	FALSE	"Vitvi14g00438"	"Vitvi05_01chr14g07720"	"chr14"	6790551	6793433	-4.49451204720492	-3.48945243785081	-2.77701722657903	TRUE
"VIT_16s0100g00950"	55	23.1232173821831	0.216104835347505	8.96678198400722	14.1564353981759	0.387782627123348	0.0377053818228777	0.922086349644637	0.922086349644637	55	FALSE	FALSE	FALSE	FALSE	FALSE	FALSE	FALSE	FALSE	FALSE	FALSE	FALSE	FALSE	FALSE	FALSE	FALSE	FALSE	FALSE	NA	NA	NA	NA	NA	-3.73280203484351	-2.18579704758731	-2.86359718484784	TRUE
"VIT_16s0039g01100"	56	22.9499256115812	0.214485286089544	7.82600657052346	15.1239190410577	0.341003570250103	0.0309723536920184	0.921869597936307	0.921869597936307	56	FALSE	TRUE	FALSE	TRUE	FALSE	TRUE	FALSE	FALSE	FALSE	FALSE	FALSE	FALSE	FALSE	FALSE	FALSE	FALSE	FALSE	"Vitvi16g00054"	NA	NA	NA	NA	-4.13161472968229	-3.46581443742837	-2.84416723891517	TRUE
"VIT_06s0004g01010"	57	22.5306892498128	0.210567189250587	6.10165499001131	16.4290342598015	0.270815283205862	0.0466732245842939	0.923728687335879	0.923728687335879	52	FALSE	TRUE	TRUE	TRUE	FALSE	FALSE	FALSE	FALSE	FALSE	FALSE	FALSE	FALSE	FALSE	FALSE	FALSE	FALSE	FALSE	"Vitvi06g01599"	"Vitvi05_01chr06g01530"	"chr06"	1149336	1150786	-3.35260251875991	-1.66935226103103	-4.14039528601644	TRUE
"VIT_05s0020g03140"	58	22.2229522810232	0.207691142813301	4.59404915482575	17.6289031261974	0.206725420490091	0.0754712899059107	0.900047504449371	0.900047504449371	68	FALSE	TRUE	TRUE	TRUE	TRUE	FALSE	FALSE	FALSE	FALSE	FALSE	FALSE	FALSE	FALSE	FALSE	FALSE	FALSE	FALSE	"Vitvi05g00468"	"Vitvi05_01chr05g07090"	"chr05"	5072431	5078974	-3.27798481835532	-2.28521249056575	-2.65445088035229	TRUE
"VIT_07s0151g01070"	59	21.4723335331015	0.200676014328051	4.33328985394004	17.1390436791614	0.201808054409172	0.048708395581689	0.919438508562313	0.919438508562313	57	FALSE	TRUE	TRUE	TRUE	TRUE	FALSE	FALSE	FALSE	FALSE	FALSE	FALSE	FALSE	FALSE	FALSE	FALSE	FALSE	FALSE	"Vitvi07g00130"	"Vitvi05_01chr07g02330"	"chr07"	1621495	1628131	-4.68015118274058	-2.03551534302873	-4.26059145151878	TRUE
"VIT_16s0100g01190"	60	20.9098031995477	0.1954187214911	7.66001731146755	13.2497858880802	0.366336174394661	0.0204123984409036	0.896084971733933	0.896084971733933	71	FALSE	TRUE	TRUE	TRUE	TRUE	FALSE	FALSE	TRUE	TRUE	TRUE	FALSE	FALSE	FALSE	FALSE	TRUE	FALSE	TRUE	"Vitvi16g01483"	"Vitvi05_01chr16g14570"	"chr16"	21514294	21516175	-4.21261323762399	-4.04640769025621	-1.05448197880485	TRUE
"VIT_11s0016g03190"	61	20.8833154852643	0.195171172759479	3.93824882845221	16.945066656812	0.188583504914779	0.0616185371315865	0.907008449038669	0.907008449038669	63	FALSE	TRUE	TRUE	TRUE	FALSE	FALSE	FALSE	FALSE	FALSE	FALSE	FALSE	FALSE	FALSE	FALSE	FALSE	FALSE	FALSE	"Vitvi11g01393"	"Vitvi05_01chr11g03800"	"chr11"	2551459	2552621	-3.09444901834093	-2.70629325430387	-2.158177612278	TRUE
"VIT_16s0100g00900"	62	20.1956108982767	0.188744027086698	7.97890403590587	12.2167068623708	0.395081093416526	0.0219586849722701	0.903560277589033	0.903560277589033	65	FALSE	FALSE	FALSE	FALSE	FALSE	FALSE	FALSE	FALSE	FALSE	FALSE	FALSE	FALSE	FALSE	FALSE	FALSE	FALSE	FALSE	NA	NA	NA	NA	NA	-4.44398972929881	-2.28587835731471	-2.41906199831788	TRUE
"VIT_05s0077g01570"	63	20.1737915551471	0.188540107992029	3.94992029770066	16.2238712574465	0.195794642117876	0.0316874262854569	0.910942406788975	0.910942406788975	60	FALSE	FALSE	FALSE	FALSE	FALSE	FALSE	FALSE	FALSE	FALSE	FALSE	FALSE	FALSE	FALSE	FALSE	FALSE	FALSE	FALSE	NA	NA	NA	NA	NA	-4.62030664018886	-2.78883184465208	-5.70447532277693	TRUE
"VIT_10s0116g00530"	64	20.1532746241921	0.188348360973758	4.13598138221688	16.0172932419752	0.205226270139346	0.944009137420018	-0.916088970989456	0.916088970989456	59	FALSE	TRUE	TRUE	TRUE	TRUE	FALSE	FALSE	FALSE	FALSE	FALSE	FALSE	FALSE	FALSE	FALSE	FALSE	FALSE	FALSE	"Vitvi10g00027"	"Vitvi05_01chr10g00450"	"chr10"	383679	385855	3.45018642737926	1.9098305546785	2.62463279070267	TRUE
"VIT_16s0100g00880"	65	20.1321201561447	0.188150655664903	7.24968512170351	12.8824350344412	0.360105397021028	0.0204438077874166	0.898206556783757	0.898206556783757	69	FALSE	TRUE	TRUE	TRUE	TRUE	FALSE	FALSE	TRUE	TRUE	TRUE	FALSE	FALSE	FALSE	FALSE	TRUE	FALSE	TRUE	"Vitvi16g01462"	"Vitvi05_01chr16g14190"	"chr16"	21194639	21196279	-4.56408100396306	-2.81269706572389	-1.93616000330614	TRUE
"VIT_09s0002g01000"	66	19.7179319218778	0.184279737587643	4.19467112327686	15.5232607986009	0.2127338272541	0.933125567275629	-0.903169264674204	0.903169264674204	66	FALSE	TRUE	TRUE	TRUE	FALSE	FALSE	FALSE	FALSE	FALSE	FALSE	FALSE	FALSE	FALSE	FALSE	FALSE	FALSE	FALSE	"Vitvi09g00077"	"Vitvi05_01chr09g01040"	"chr09"	771825	774476	2.00690468135028	1.80436993353374	2.53770422395583	TRUE
"VIT_00s1206g00010"	67	19.6982294198227	0.184095602054418	4.27282407714169	15.4254053426811	0.216914118831505	0.926627264526907	-0.900072488294665	0.900072488294665	67	FALSE	TRUE	FALSE	TRUE	FALSE	FALSE	FALSE	FALSE	FALSE	FALSE	FALSE	FALSE	FALSE	FALSE	FALSE	FALSE	FALSE	"Vitvi10g00294"	NA	NA	NA	NA	2.90823240373072	3.15259883622643	3.25511769727513	TRUE
"VIT_12s0059g01720"	68	18.6694755973607	0.174481080349165	5.30581980749295	13.3636557898677	0.284197581224137	0.0556827015281778	0.909599504582902	0.909599504582902	62	FALSE	TRUE	TRUE	TRUE	FALSE	FALSE	FALSE	FALSE	FALSE	FALSE	FALSE	FALSE	FALSE	FALSE	FALSE	FALSE	FALSE	"Vitvi12g02388"	"Vitvi05_01chr12g07730"	"chr12"	6650536	6651452	-3.25544566120905	-1.82967685493091	-2.17300677404307	TRUE
"VIT_13s0019g00480"	69	18.2987344034657	0.171016209378185	4.1177181307518	14.1810162727139	0.225027482226963	0.0437900049405697	0.909812267882304	0.909812267882304	61	FALSE	TRUE	TRUE	TRUE	TRUE	FALSE	FALSE	FALSE	FALSE	FALSE	TRUE	TRUE	FALSE	FALSE	FALSE	FALSE	FALSE	"Vitvi13g00262"	"Vitvi05_01chr13g03890"	"chr13"	2587975	2589352	-2.646609948829	-2.23147559949282	-2.37417432543987	TRUE
"VIT_01s0011g01810"	70	18.1893203394032	0.169993648031805	3.77335692253157	14.4159634168716	0.20744903339557	0.0556843098086665	0.903607180333045	0.903607180333045	64	FALSE	TRUE	FALSE	TRUE	FALSE	FALSE	FALSE	FALSE	FALSE	FALSE	FALSE	FALSE	FALSE	FALSE	FALSE	FALSE	FALSE	"Vitvi01g00141"	NA	NA	NA	NA	-2.69832388367577	-2.39047852728701	-2.61123105851121	TRUE
"VIT_05s0077g01560"	71	17.6249212834062	0.164718890499124	3.41229002544971	14.2126312579565	0.193605972507938	0.0300474963849635	0.897423479877516	0.897423479877516	70	FALSE	FALSE	FALSE	FALSE	FALSE	FALSE	FALSE	FALSE	FALSE	FALSE	FALSE	FALSE	FALSE	FALSE	FALSE	FALSE	FALSE	NA	NA	NA	NA	NA	-4.90406134768862	-3.14487970851628	-5.95994181426308	TRUE
"VIT_00s2849g00010"	72	17.154335886271	0.160320896133374	6.45365428574238	10.7006816005287	0.376211258105735	0.0161280316373326	0.867007872925584	0.867007872925584	82	FALSE	FALSE	TRUE	FALSE	FALSE	FALSE	FALSE	FALSE	FALSE	FALSE	FALSE	FALSE	FALSE	FALSE	FALSE	FALSE	FALSE	NA	"Vitvi05_01chr16g00930"	"chr16"	725239	725801	-4.61547183807358	-4.00372612671038	-0.732979324065749	TRUE
"VIT_06s0061g01210"	73	15.5205004949037	0.145051406494427	3.00364768613562	12.5168528087681	0.193527759438035	0.0819989536614875	0.865077409965633	0.865077409965633	83	FALSE	TRUE	TRUE	TRUE	TRUE	FALSE	FALSE	FALSE	FALSE	FALSE	FALSE	FALSE	FALSE	FALSE	FALSE	FALSE	FALSE	"Vitvi06g01396"	"Vitvi05_01chr06g20500"	"chr06"	22029365	22032578	-2.0221402486292	-2.15122550645011	-2.31666889846786	TRUE
"VIT_05s0077g01550"	74	15.3236969447193	0.143212120978685	3.5479940666469	11.7757028780723	0.231536428803468	0.0191890322444792	0.884298576816788	0.884298576816788	74	FALSE	TRUE	FALSE	TRUE	FALSE	FALSE	FALSE	FALSE	FALSE	FALSE	FALSE	FALSE	FALSE	FALSE	FALSE	FALSE	FALSE	"Vitvi05g01759"	NA	NA	NA	NA	-4.65787924593381	-4.28052594781281	-4.03014595180536	TRUE
"VIT_08s0007g01810"	75	14.7680830571433	0.138019467823769	2.83755792581521	11.9305251313281	0.192141249127299	0.076489378187261	0.868601244301292	0.868601244301292	81	FALSE	TRUE	TRUE	TRUE	TRUE	FALSE	FALSE	FALSE	FALSE	FALSE	FALSE	FALSE	FALSE	FALSE	FALSE	FALSE	FALSE	"Vitvi08g01325"	"Vitvi05_01chr08g15530"	"chr08"	17056163	17060538	-2.71652324644186	-2.60463776237837	-3.06464548793611	TRUE
"VIT_18s0001g08760"	76	14.6055758558998	0.136500708933643	3.64935376704455	10.9562220888552	0.249860313831477	0.0510308175424593	0.894272868270332	0.894272868270332	72	FALSE	TRUE	FALSE	TRUE	FALSE	FALSE	FALSE	FALSE	FALSE	FALSE	FALSE	FALSE	FALSE	FALSE	FALSE	FALSE	FALSE	"Vitvi18g00635"	NA	NA	NA	NA	-5.04104585611523	-4.29199860454364	-3.82326542346125	TRUE
"VIT_18s0001g15220"	77	14.3267424012276	0.133894788796519	2.83119460381459	11.495547797413	0.197616075205764	0.0540203412298783	0.884761041848983	0.884761041848983	73	FALSE	TRUE	TRUE	TRUE	FALSE	FALSE	FALSE	FALSE	FALSE	FALSE	FALSE	FALSE	FALSE	FALSE	FALSE	FALSE	FALSE	"Vitvi18g01202"	"Vitvi05_01chr18g17970"	"chr18"	13249139	13250569	-3.21567813616802	-2.44252674084993	-2.28008326916855	TRUE
"VIT_11s0065g00350"	78	14.2202997007066	0.132899997202865	4.57648210708728	9.64381759361933	0.321827401911921	0.0808063891899449	0.875739323063513	0.875739323063513	76	FALSE	TRUE	TRUE	TRUE	TRUE	FALSE	FALSE	FALSE	FALSE	FALSE	FALSE	FALSE	FALSE	FALSE	FALSE	FALSE	FALSE	"Vitvi11g00924"	"Vitvi05_01chr11g12900"	"chr11"	12312556	12314275	-2.18310242668068	-1.43476956031919	-1.97534348647592	TRUE
"VIT_02s0025g04270"	79	14.1799792064124	0.132523170153387	2.58546590980187	11.5945132966105	0.182332136892886	0.0223459238920635	0.874993802001685	0.874993802001685	77	FALSE	TRUE	TRUE	TRUE	FALSE	FALSE	FALSE	FALSE	FALSE	FALSE	FALSE	FALSE	FALSE	FALSE	FALSE	FALSE	FALSE	"Vitvi02g01404"	"Vitvi05_01chr02g05210"	"chr02"	3630095	3631366	-5.99640500053452	-4.96263002353302	-4.81301490892449	TRUE
"VIT_03s0038g03860"	80	14.0933878955245	0.131713905565649	3.48625834640637	10.6071295491181	0.247368366800822	0.934511034960172	-0.881424472145743	0.881424472145743	75	FALSE	TRUE	TRUE	TRUE	FALSE	FALSE	FALSE	FALSE	FALSE	FALSE	FALSE	FALSE	FALSE	FALSE	FALSE	FALSE	FALSE	"Vitvi03g00242"	"Vitvi05_01chr03g04320"	"chr03"	2794499	2796461	2.94998104484813	2.99949408414696	3.11559117690769	TRUE
"VIT_15s0048g00510"	81	13.3204941762799	0.124490599778316	2.56125445795555	10.7592397183243	0.192279237095906	0.0585783858192366	0.870097781736299	0.870097781736299	79	FALSE	TRUE	TRUE	TRUE	TRUE	FALSE	FALSE	FALSE	FALSE	FALSE	FALSE	FALSE	FALSE	FALSE	FALSE	FALSE	FALSE	"Vitvi15g00704"	"Vitvi05_01chr15g12660"	"chr15"	17652180	17655009	-3.55759703632846	-3.98769565388584	-4.12010155778519	TRUE
"VIT_02s0012g01660"	82	12.4024464574418	0.115910714555531	2.56438953952106	9.83805691792075	0.206764814371148	0.931546389553685	-0.849460745226615	0.849460745226615	89	FALSE	TRUE	TRUE	TRUE	TRUE	FALSE	FALSE	FALSE	FALSE	FALSE	FALSE	FALSE	FALSE	FALSE	FALSE	FALSE	FALSE	"Vitvi02g00726"	"Vitvi05_01chr02g12230"	"chr02"	9388529	9398116	2.21293484255472	2.19267296236348	2.77838542108238	TRUE
"VIT_12s0028g00920"	83	12.3958002280217	0.115848600261885	2.29882838554713	10.0969718424746	0.185452196974782	0.0592247637950717	0.869867767436626	0.869867767436626	80	FALSE	TRUE	TRUE	FALSE	TRUE	FALSE	FALSE	FALSE	TRUE	FALSE	FALSE	FALSE	FALSE	FALSE	FALSE	FALSE	FALSE	"Vitvi12g00080"	"Vitvi05_01chr12g01430"	"chr12"	1457342	1459468	-4.24545421670984	-4.8069356774969	-4.67717559528459	TRUE
"VIT_18s0001g02760"	84	12.2470570406835	0.114458477015733	2.4935013945559	9.75355564612758	0.203600047445908	0.0638195678898965	0.854461727225613	0.854461727225613	87	FALSE	TRUE	FALSE	TRUE	FALSE	FALSE	FALSE	FALSE	FALSE	FALSE	FALSE	FALSE	FALSE	FALSE	FALSE	FALSE	FALSE	"Vitvi18g02533"	NA	NA	NA	NA	-4.35413249238025	-4.1004257908845	-3.38975668179924	TRUE
"VIT_08s0040g01710"	85	12.0730632521371	0.112832366842403	2.8606168211221	9.21244643101498	0.236942088464229	0.0833925260526337	0.872731740714083	0.872731740714083	78	FALSE	TRUE	TRUE	TRUE	TRUE	TRUE	TRUE	FALSE	FALSE	FALSE	FALSE	FALSE	FALSE	FALSE	FALSE	FALSE	FALSE	"Vitvi08g01022"	"Vitvi05_01chr08g10910"	"chr08"	13991103	13994726	-4.65747256363854	-3.40268315125602	-4.41515011512251	TRUE
"VIT_05s0077g01580"	86	11.7496122631392	0.10980946040317	1.80565953673385	9.94395272640533	0.153678223271976	0.0369540544964371	0.85210971922706	0.85210971922706	88	FALSE	TRUE	FALSE	TRUE	FALSE	FALSE	FALSE	FALSE	FALSE	FALSE	FALSE	FALSE	FALSE	FALSE	FALSE	FALSE	FALSE	"Vitvi05g01756"	NA	NA	NA	NA	-4.09573966758465	-3.17475917146777	-3.14524203789767	TRUE
"VIT_04s0044g00040"	87	11.5263558591582	0.107722951954749	2.24648818666377	9.2798676724944	0.19490012403867	0.0467571171065972	0.863795471416223	0.863795471416223	85	FALSE	TRUE	TRUE	TRUE	FALSE	FALSE	FALSE	FALSE	FALSE	FALSE	FALSE	FALSE	FALSE	FALSE	FALSE	FALSE	FALSE	"Vitvi04g01566"	"Vitvi05_01chr04g22300"	"chr04"	22794334	22795685	-3.68178742747752	-3.08549683333201	-1.93847465677517	TRUE
"VIT_18s0001g15130"	88	11.5058034915406	0.107530873752716	2.42626210334147	9.07954138819911	0.210872896023762	0.0323307051445748	0.864971566649756	0.864971566649756	84	FALSE	TRUE	TRUE	TRUE	FALSE	FALSE	FALSE	FALSE	FALSE	FALSE	FALSE	FALSE	FALSE	FALSE	FALSE	FALSE	FALSE	"Vitvi18g02824"	"Vitvi05_01chr18g17840"	"chr18"	13137370	13139130	-5.61362123418131	-3.97903088852444	-5.4712581606004	TRUE
"VIT_16s0100g00960"	89	11.2425313112056	0.105070386086033	4.53651840707869	6.70601290412688	0.403513966873019	0.00957711750451539	0.81269850622964	0.81269850622964	93	FALSE	FALSE	TRUE	FALSE	TRUE	FALSE	FALSE	FALSE	FALSE	FALSE	FALSE	FALSE	FALSE	FALSE	TRUE	FALSE	FALSE	NA	"Vitvi05_01chr16g14250"	"chr16"	21269133	21270091	-4.14384302871026	-2.96855242605618	-0.537266193866617	TRUE
"VIT_06s0004g07550"	90	11.1861598553806	0.104543550050286	1.84029997667824	9.34585987870233	0.164515794559565	0.081283199748038	0.849154849269817	0.849154849269817	90	FALSE	TRUE	TRUE	TRUE	FALSE	FALSE	FALSE	FALSE	FALSE	FALSE	FALSE	FALSE	FALSE	FALSE	FALSE	FALSE	FALSE	"Vitvi06g00745"	"Vitvi05_01chr06g10940"	"chr06"	8325191	8327222	-6.06630802754851	-6.11037921788184	-5.82130088099637	TRUE
"VIT_07s0005g03340"	91	10.147393759947	0.0948354557004396	2.69116740387848	7.45622635606855	0.265207743736213	0.0405339111566671	0.859936118947307	0.859936118947307	86	FALSE	TRUE	TRUE	TRUE	TRUE	FALSE	FALSE	FALSE	FALSE	FALSE	TRUE	TRUE	FALSE	FALSE	FALSE	FALSE	FALSE	"Vitvi07g00598"	"Vitvi05_01chr07g09050"	"chr07"	6587888	6590227	-3.14727751566914	-2.48923457344102	-3.05450038395636	TRUE
"VIT_02s0025g04230"	92	8.54850811990073	0.0798925992514087	1.37890723753798	7.16960088236275	0.16130384602758	0.0116279062357307	0.816147773012679	0.816147773012679	91	FALSE	TRUE	TRUE	TRUE	FALSE	FALSE	FALSE	FALSE	FALSE	FALSE	FALSE	FALSE	FALSE	FALSE	FALSE	FALSE	FALSE	"Vitvi02g00391"	"Vitvi05_01chr02g05170"	"chr02"	3588659	3589915	-4.65295819131165	-3.553197625927	-2.91953666333136	TRUE
"VIT_07s0031g01710"	93	7.46421760108883	0.0697590430008302	1.02304808132558	6.44116951976326	0.137060323800895	0.0136302041463643	0.804911878316767	0.804911878316767	96	FALSE	TRUE	TRUE	TRUE	TRUE	FALSE	FALSE	FALSE	FALSE	FALSE	TRUE	TRUE	FALSE	FALSE	FALSE	FALSE	FALSE	"Vitvi07g01847"	"Vitvi05_01chr07g29730"	"chr07"	28443577	28446743	-3.68975884985472	-1.62678632378362	-3.16645467360897	TRUE
"VIT_12s0059g00310"	94	6.88501890925109	0.0643459711144962	2.08834388261056	4.79667502664053	0.303317087452664	0.0403546506012153	0.814258978591158	0.814258978591158	92	FALSE	TRUE	TRUE	TRUE	TRUE	FALSE	FALSE	FALSE	FALSE	FALSE	FALSE	FALSE	FALSE	FALSE	FALSE	FALSE	FALSE	"Vitvi12g02337"	"Vitvi05_01chr12g05920"	"chr12"	5224938	5225567	-1.70541117805201	-3.47056931033613	-2.92882203846283	TRUE
"VIT_05s0049g01550"	95	6.21054431649244	0.0580424702475929	1.01197435211361	5.19856996437883	0.162944550516491	0.0467664072423894	0.809141226908532	0.809141226908532	94	FALSE	TRUE	TRUE	TRUE	TRUE	FALSE	FALSE	FALSE	FALSE	FALSE	FALSE	FALSE	FALSE	FALSE	FALSE	FALSE	FALSE	"Vitvi05g00802"	"Vitvi05_01chr05g11840"	"chr05"	9116415	9121286	-4.78208199919473	-3.04031392590954	-2.84724781095676	TRUE
"VIT_03s0091g00160"	96	6.15649967820686	0.0575373801701576	1.31968364376558	4.83681603444128	0.214356162225928	0.0711204498096236	0.804961239911588	0.804961239911588	95	FALSE	TRUE	TRUE	TRUE	FALSE	FALSE	FALSE	FALSE	FALSE	FALSE	FALSE	FALSE	FALSE	FALSE	FALSE	FALSE	FALSE	"Vitvi03g01597"	"Vitvi05_01chr03g09150"	"chr03"	6377466	6378723	-4.00598613773295	-3.02753985638239	-4.20120809329993	TRUE
"VIT_14s0030g00340"	97	4.17020967720839	0.0389739222169009	0.889266302228576	3.28094337497982	0.213242587558299	0.923168585185612	-0.771519050366543	0.771519050366543	97	FALSE	TRUE	TRUE	TRUE	TRUE	FALSE	FALSE	FALSE	FALSE	FALSE	FALSE	FALSE	FALSE	FALSE	FALSE	FALSE	FALSE	"Vitvi14g02586"	"Vitvi05_01chr14g05360"	"chr14"	4215917	4223654	1.8654497392064	2.43425668754841	2.61607480064656	TRUE
"VIT_08s0007g01560"	98	4.12663787918973	0.0385667091513058	1.0208264694576	3.10581140973213	0.247374860441605	0.0618442392728366	0.754468342535593	0.754468342535593	98	FALSE	TRUE	TRUE	TRUE	FALSE	FALSE	FALSE	FALSE	FALSE	FALSE	FALSE	FALSE	FALSE	FALSE	FALSE	FALSE	FALSE	"Vitvi08g01300"	"Vitvi05_01chr08g15190"	"chr08"	16835202	16838697	-2.40173680783473	-2.37708201514524	-2.86306919780746	TRUE
"VIT_18s0001g13670"	99	4.03835777064824	0.0377416614079275	0.505114627309758	3.53324314333848	0.125079216849248	0.0673454576978028	0.739274969426211	0.739274969426211	99	FALSE	TRUE	FALSE	TRUE	FALSE	FALSE	FALSE	FALSE	FALSE	FALSE	FALSE	FALSE	FALSE	FALSE	FALSE	FALSE	FALSE	"Vitvi18g01063"	NA	NA	NA	NA	-2.22163948893548	-3.30961032905244	-2.80841091793278	TRUE
"VIT_02s0033g01380"	100	3.24273776801441	0.0303059604487328	0.935029327271142	2.30770844074327	0.288345649313382	0.0489779373707516	0.700857936907355	0.700857936907355	102	FALSE	TRUE	TRUE	TRUE	TRUE	FALSE	FALSE	FALSE	FALSE	FALSE	FALSE	FALSE	FALSE	FALSE	FALSE	FALSE	FALSE	"Vitvi02g01182"	"Vitvi05_01chr02g18040"	"chr02"	18914122	18915979	-1.87876382532831	-0.173537206272697	-1.55074624015487	TRUE
"VIT_08s0007g06060"	101	2.95126883304443	0.0275819517106956	0.210742858707928	2.7405259743365	0.0714075438836024	0.0113277655460501	0.705632104170193	0.705632104170193	101	FALSE	TRUE	TRUE	TRUE	TRUE	FALSE	FALSE	FALSE	FALSE	FALSE	FALSE	FALSE	FALSE	FALSE	FALSE	FALSE	FALSE	"Vitvi08g01702"	"Vitvi05_01chr08g21110"	"chr08"	21087458	21090063	-3.8370196459306	-2.89859164425675	-4.33757322512544	TRUE
"VIT_12s0059g00370"	102	2.07116259521472	0.0193566597683619	0.375492851132213	1.69566974408251	0.181295689676785	0.0437943928119315	0.691655878888377	0.691655878888377	104	FALSE	TRUE	FALSE	TRUE	FALSE	FALSE	FALSE	FALSE	FALSE	FALSE	FALSE	FALSE	FALSE	FALSE	FALSE	FALSE	FALSE	"Vitvi12g02342"	NA	NA	NA	NA	-1.24981158839078	-1.79469731583551	-2.09120719565771	TRUE
"VIT_18s0166g00060"	103	2.03228098416679	0.0189932802258578	0.453028802745208	1.57925218142158	0.222916420649847	0.0485630519426819	0.731075317063485	0.731075317063485	100	FALSE	TRUE	FALSE	TRUE	FALSE	FALSE	FALSE	FALSE	FALSE	FALSE	FALSE	FALSE	FALSE	FALSE	FALSE	FALSE	FALSE	"Vitvi18g02845"	NA	NA	NA	NA	-7.45491746204329	-4.38319148384826	-5.7581896776986	TRUE
"VIT_08s0040g00920"	104	1.69544633018872	0.015845292805502	0.238092080908085	1.45735424928063	0.140430326026058	0.0344109917185701	0.694081345982396	0.694081345982396	103	FALSE	TRUE	TRUE	TRUE	TRUE	FALSE	FALSE	FALSE	FALSE	FALSE	FALSE	FALSE	FALSE	FALSE	FALSE	FALSE	FALSE	"Vitvi08g00957"	"Vitvi05_01chr08g09690"	"chr08"	13085235	13086677	-4.20005382802792	-1.54565449482957	-4.52541505179204	TRUE
"VIT_16s0039g02610"	105	1.04364748684266	0.00975371483030522	0.0125336051214852	1.03111388172117	0.0120094239477384	0.000198074140937213	0.457879939719984	0.457879939719984	107	FALSE	TRUE	FALSE	TRUE	FALSE	FALSE	FALSE	FALSE	FALSE	FALSE	FALSE	FALSE	FALSE	FALSE	FALSE	FALSE	FALSE	"Vitvi16g01554"	NA	NA	NA	NA	-3.26566884649027	-1.79423163893808	0	FALSE
"VIT_10s0042g00400"	106	1.04289718833702	0.00974670269473847	0.0123157280507923	1.03058146028622	0.0118091487718274	0.000195286046743406	0.457105567700777	0.457105567700777	108	FALSE	TRUE	FALSE	TRUE	FALSE	FALSE	FALSE	FALSE	FALSE	FALSE	FALSE	FALSE	FALSE	FALSE	FALSE	FALSE	FALSE	"Vitvi10g02031"	NA	NA	NA	NA	-3.2323076562191	-1.78589875563639	0	FALSE
"VIT_05s0062g00610"	107	0.758785496136928	0.00709145323492456	0.116473441476801	0.642312054660127	0.153499825800285	0.826824635440019	-0.631397382900326	0.631397382900326	105	FALSE	TRUE	TRUE	TRUE	TRUE	FALSE	FALSE	FALSE	FALSE	FALSE	FALSE	FALSE	FALSE	FALSE	FALSE	FALSE	FALSE	"Vitvi05g02111"	"Vitvi05_01chr05g19710"	"chr05"	20518276	20520484	2.19175356754345	2.90554436723323	2.79166354144522	TRUE
"VIT_16s0050g00400"	108	0.677009538810413	0.00632719195149919	0.0632766703384701	0.613732868471943	0.0934649612908775	0.027177111269298	0.59993692571142	0.59993692571142	106	FALSE	TRUE	TRUE	TRUE	FALSE	FALSE	FALSE	FALSE	FALSE	FALSE	FALSE	FALSE	FALSE	FALSE	FALSE	FALSE	FALSE	"Vitvi16g01037"	"Vitvi05_01chr16g15450"	"chr16"	22162186	22164557	-1.53778520531762	-0.958197734775898	-2.26489437484422	TRUE
