Module	Stage	Year	contrast	estimate	SE	df	t.ratio	p.value	CI_low_unadjusted	CI_high_unadjusted	FDR_global_90	FDR_within_stage_year_10	FDR_within_module_9
M1	FruitSet	2012	Cabernet Sauvignon - Pinot noir	2.47165486611854	2.40955186914958	36	1.02577367093196	0.311841764358623	-2.41514282475497	7.35845255699204	0.47569082698773	0.519736273931038	0.467762646537935
M1	Veraison	2012	Cabernet Sauvignon - Pinot noir	4.89875770337708	2.40955186914958	36	2.0330575847309	0.049470955940299	0.0119600125035717	9.78555539425058	0.120334757692619	0.0824515932338316	0.111309650865673
M1	Harvest	2012	Cabernet Sauvignon - Pinot noir	-7.23391443454877	2.40955186914958	36	-3.00218249176013	0.00484931754616829	-12.1207121254223	-2.34711674367526	0.0140786638437144	0.00969863509233657	0.0218219289577573
M1	FruitSet	2013	Cabernet Sauvignon - Pinot noir	9.34644035086033	2.40955186914958	36	3.87891228677265	0.000428606618724846	4.45964265998683	14.2332380417338	0.00160727482021817	0.00142868872908282	0.00385745956852361
M1	Veraison	2013	Cabernet Sauvignon - Pinot noir	1.60870899059989	2.40955186914958	36	0.667638248919563	0.508622173966363	-3.27808870027361	6.49550668147339	0.704246087030348	0.579817020579932	0.572199945712158
M1	Harvest	2013	Cabernet Sauvignon - Pinot noir	-3.89047779386722	2.40955186914958	36	-1.61460636879351	0.115128082228505	-8.77727548474073	0.996319897006281	0.23548925910376	0.23025616445701	0.207230548011309
M1	FruitSet	2014	Cabernet Sauvignon - Pinot noir	-0.954603380544931	2.40955186914958	36	-0.396174655033197	0.694314673428048	-5.84140107141843	3.93219431032857	0.86789334178506	0.989629921095773	0.694314673428048
M1	Veraison	2014	Cabernet Sauvignon - Pinot noir	6.13236777120553	2.40955186914958	36	2.54502418052111	0.0153564916285846	1.24557008033203	11.019165462079	0.0406495366639005	0.0307129832571693	0.0460694748857539
M1	Harvest	2014	Cabernet Sauvignon - Pinot noir	-2.02756126325953	2.40955186914958	36	-0.841468195484471	0.405640763564697	-6.91435895413304	2.85923642761397	0.588833366464882	0.45071195951633	0.521538124583181
M2	FruitSet	2012	Cabernet Sauvignon - Pinot noir	-22.7545308566308	0.419297435997649	36	-54.2682327701102	3.96363509299778e-36	-23.6049054712041	-21.9041562420575	5.14816535781441e-35	3.96363509299778e-35	6.00619291745015e-36
M2	Veraison	2012	Cabernet Sauvignon - Pinot noir	-25.3676948024611	0.419297435997649	36	-60.5004768085519	8.24907228305473e-38	-26.2180694170344	-24.5173201878877	3.22620346619943e-36	8.24907228305473e-37	3.22620346619943e-37
M2	Harvest	2012	Cabernet Sauvignon - Pinot noir	-22.7480306881403	0.419297435997649	36	-54.252730246287	4.00412861163343e-36	-23.5984053027136	-21.8976560735669	5.14816535781441e-35	4.00412861163343e-35	6.00619291745015e-36
M2	FruitSet	2013	Cabernet Sauvignon - Pinot noir	-24.0658986922077	0.419297435997649	36	-57.3957687934506	5.3927904334407e-37	-24.9162733067811	-23.2155240776344	1.21337784752416e-35	5.3927904334407e-36	1.21337784752416e-36
M2	Veraison	2013	Cabernet Sauvignon - Pinot noir	-25.5542046962845	0.419297435997649	36	-60.9452920585658	6.35263979792397e-38	-26.4045793108578	-24.7038300817112	3.22620346619943e-36	6.35263979792397e-37	3.22620346619943e-37
M2	Harvest	2013	Cabernet Sauvignon - Pinot noir	-20.693220786718	0.419297435997649	36	-49.3521281318639	1.1575113693123e-34	-21.5435954012913	-19.8428461721447	1.1575113693123e-33	5.78755684656151e-34	1.30220029047634e-34
M2	FruitSet	2014	Cabernet Sauvignon - Pinot noir	0.145485993467376	0.419297435997649	36	0.346975633469392	0.730629823590445	-0.70488862110594	0.995860608040693	0.888603839501892	0.989629921095773	0.730629823590445
M2	Veraison	2014	Cabernet Sauvignon - Pinot noir	-25.1797323148361	0.419297435997649	36	-60.0521972067992	1.07540115539981e-37	-26.0301069294094	-24.3293577002628	3.22620346619943e-36	1.07540115539981e-36	3.22620346619943e-37
M2	Harvest	2014	Cabernet Sauvignon - Pinot noir	-22.0555104140765	0.419297435997649	36	-52.6011096671723	1.20227773358172e-35	-22.9058850286498	-21.2051357995032	1.35256245027943e-34	1.20227773358172e-34	1.54578565746221e-35
M3	FruitSet	2012	Cabernet Sauvignon - Pinot noir	-0.491602108110055	0.3373303009599	36	-1.45733160261963	0.153693304862745	-1.17573966783576	0.192535451615649	0.288174946617646	0.30738660972549	0.230539957294117
M3	Veraison	2012	Cabernet Sauvignon - Pinot noir	-1.67992063644015	0.3373303009599	36	-4.98004665356122	1.59682939111946e-05	-2.36405819616585	-0.995783076714446	7.18573226003759e-05	7.98414695559732e-05	4.79048817335839e-05
M3	Harvest	2012	Cabernet Sauvignon - Pinot noir	-0.614166972579543	0.3373303009599	36	-1.82066944722096	0.0769778703512575	-1.29830453230525	0.069970587146161	0.168975812966175	0.128296450585429	0.138560166632264
M3	FruitSet	2013	Cabernet Sauvignon - Pinot noir	0.43102571633132	0.3373303009599	36	1.27775570443806	0.209513953023122	-0.253111843394384	1.11516327605702	0.362833231315866	0.262046222617015	0.2693750824583
M3	Veraison	2013	Cabernet Sauvignon - Pinot noir	0.398047162677036	0.3373303009599	36	1.17999231478572	0.245742037981747	-0.286090397048668	1.08218472240274	0.417297800346364	0.403005517266613	0.276459792729466
M3	Harvest	2013	Cabernet Sauvignon - Pinot noir	-18.7092558991303	0.3373303009599	36	-55.4627196130666	1.82647633559096e-36	-19.393393458856	-18.0251183394046	3.28765740406372e-35	1.82647633559096e-35	1.64382870203186e-35
M3	FruitSet	2014	Cabernet Sauvignon - Pinot noir	-0.188741010591299	0.3373303009599	36	-0.559513954288189	0.579275770952156	-0.872878570317002	0.495396549134405	0.769870467264694	0.989629921095773	0.579275770952156
M3	Veraison	2014	Cabernet Sauvignon - Pinot noir	-1.87123396965136	0.3373303009599	36	-5.54718613870921	2.8009911265462e-06	-2.55537152937707	-1.18709640992566	1.4004955632731e-05	9.33663708848732e-06	1.26044600694579e-05
M3	Harvest	2014	Cabernet Sauvignon - Pinot noir	-1.64227364870296	0.3373303009599	36	-4.86844390803239	2.24436468214071e-05	-2.32641120842866	-0.958136088977255	9.18149188148473e-05	7.48121560713571e-05	5.0498205348166e-05
M4	FruitSet	2012	Cabernet Sauvignon - Pinot noir	1.61231440421497	0.90824109339975	36	1.77520530168891	0.0843196449579492	-0.229683908752985	3.45431271718293	0.18068495348132	0.210799112394873	0.189719201155386
M4	Veraison	2012	Cabernet Sauvignon - Pinot noir	1.67138007830956	0.90824109339975	36	1.84023833589516	0.0739889812728218	-0.170618234658402	3.51337839127751	0.166475207863849	0.10569854467546	0.189719201155386
M4	Harvest	2012	Cabernet Sauvignon - Pinot noir	-1.34613271205735	0.90824109339975	36	-1.48213147570594	0.147006707552126	-3.1881310250253	0.495865600910612	0.287621819123724	0.210009582217323	0.228935726044941
M4	FruitSet	2013	Cabernet Sauvignon - Pinot noir	2.13144093286704	0.90824109339975	36	2.34677878853574	0.0245571989987233	0.289442619899085	3.973439245835	0.0631470831395743	0.0613929974968083	0.110507395494255
M4	Veraison	2013	Cabernet Sauvignon - Pinot noir	0.991764969045499	0.90824109339975	36	1.09196222925028	0.282103862086629	-0.850233343922459	2.83376328201346	0.459554461575815	0.403005517266613	0.362704965539951
M4	Harvest	2013	Cabernet Sauvignon - Pinot noir	0.150827597988466	0.90824109339975	36	0.166065595450966	0.869034492818538	-1.69117071497949	1.99282591095642	0.965593880909487	0.869034492818538	0.869034492818538
M4	FruitSet	2014	Cabernet Sauvignon - Pinot noir	-0.16708517452032	0.90824109339975	36	-0.183965662569707	0.855072730404295	-2.00908348748828	1.67491313844764	0.961956821704832	0.989629921095773	0.869034492818538
M4	Veraison	2014	Cabernet Sauvignon - Pinot noir	1.32715813021048	0.90824109339975	36	1.46123990629253	0.152623817363294	-0.514840182757482	3.16915644317843	0.288174946617646	0.218034024804706	0.228935726044941
M4	Harvest	2014	Cabernet Sauvignon - Pinot noir	2.46879513810737	0.90824109339975	36	2.71821563244415	0.0100317596687208	0.626796825139407	4.31079345107532	0.0273593445510567	0.0200635193374415	0.090285837018487
M5	FruitSet	2012	Cabernet Sauvignon - Pinot noir	-0.203117825883305	1.47186744251416	36	-0.138000080724899	0.891009364631389	-3.18820335628471	2.7819677045181	0.977937107522256	0.990010405145988	0.989629921095773
M5	Veraison	2012	Cabernet Sauvignon - Pinot noir	-4.82770941418808	1.47186744251416	36	-3.27998926720036	0.00230902568196476	-7.81279494458948	-1.84262388378667	0.00716594177161479	0.00577256420491191	0.00519530778442072
M5	Harvest	2012	Cabernet Sauvignon - Pinot noir	-25.0291600186621	1.47186744251416	36	-17.0050367959147	8.71496427451425e-19	-28.0142455490635	-22.0440744882607	6.53622320588569e-18	4.35748213725713e-18	7.84346784706283e-18
M5	FruitSet	2013	Cabernet Sauvignon - Pinot noir	1.88016798634225	1.47186744251416	36	1.27740306771828	0.209636978093612	-1.10491754405915	4.86525351674366	0.362833231315866	0.262046222617015	0.377346560568501
M5	Veraison	2013	Cabernet Sauvignon - Pinot noir	-0.952070397119813	1.47186744251416	36	-0.646845204683338	0.521835318521939	-3.93715592752122	2.03301513328159	0.71159361616628	0.579817020579932	0.670931123813922
M5	Harvest	2013	Cabernet Sauvignon - Pinot noir	-20.9232176727352	1.47186744251416	36	-14.2154225770463	2.43696716808959e-16	-23.9083032031366	-17.9381321423338	1.65520113143988e-15	8.12322389363198e-16	7.72427194671946e-16
M5	FruitSet	2014	Cabernet Sauvignon - Pinot noir	0.0192636681222754	1.47186744251416	36	0.0130879096621434	0.989629921095773	-2.96582186227913	3.00434919852368	0.992916053047995	0.989629921095773	0.989629921095773
M5	Veraison	2014	Cabernet Sauvignon - Pinot noir	-1.59424796427643	1.47186744251416	36	-1.08314642897001	0.285944998313841	-4.57933349467784	1.39083756612497	0.459554461575815	0.357431247892301	0.428917497470761
M5	Harvest	2014	Cabernet Sauvignon - Pinot noir	-20.8857542334662	1.47186744251416	36	-14.1899695789115	2.57475731557315e-16	-23.8708397638676	-17.9006687030648	1.65520113143988e-15	1.28737865778658e-15	7.72427194671946e-16
M6	FruitSet	2012	Cabernet Sauvignon - Pinot noir	8.23337919885445	0.414235408614136	36	19.8760874315404	5.37603142329232e-21	7.39327085165043	9.07348754605846	4.3985711645119e-20	2.68801571164616e-20	2.41921414048155e-20
M6	Veraison	2012	Cabernet Sauvignon - Pinot noir	1.22999679814728	0.414235408614136	36	2.96931834548463	0.00528399122988711	0.389888450943263	2.07010514535129	0.0148612253340575	0.0105679824597742	0.00951118421379679
M6	Harvest	2012	Cabernet Sauvignon - Pinot noir	-0.0470396166955307	0.414235408614136	36	-0.113557691393177	0.910219360236764	-0.887147963899545	0.793068730508484	0.986984848449503	0.969668066537523	0.910219360236764
M6	FruitSet	2013	Cabernet Sauvignon - Pinot noir	10.4352360711614	0.414235408614136	36	25.1915598091276	1.85796962174373e-24	9.5951277239574	11.2753444183654	1.67217265956936e-23	9.28984810871865e-24	1.67217265956936e-23
M6	Veraison	2013	Cabernet Sauvignon - Pinot noir	2.34122414203748	0.414235408614136	36	5.65191698573105	2.02897780879688e-06	1.50111579483346	3.18133248924149	1.07416472230423e-05	1.01448890439844e-05	4.56520006979299e-06
M6	Harvest	2013	Cabernet Sauvignon - Pinot noir	-0.431755975769301	0.414235408614136	36	-1.04229616008391	0.304223670709607	-1.27186432297332	0.408352371434713	0.47207121317008	0.507039451182678	0.39114471948378
M6	FruitSet	2014	Cabernet Sauvignon - Pinot noir	-0.230296795312278	0.414235408614136	36	-0.555956324648243	0.581679908599991	-1.07040514251629	0.609811551891736	0.769870467264694	0.989629921095773	0.65438989717499
M6	Veraison	2014	Cabernet Sauvignon - Pinot noir	3.22054457647351	0.414235408614136	36	7.77467234693467	3.25107855582957e-09	2.38043622926949	4.06065292367752	1.82873168765413e-08	1.62553927791478e-08	9.7532356674887e-09
M6	Harvest	2014	Cabernet Sauvignon - Pinot noir	-0.81295419771588	0.414235408614136	36	-1.96254154234592	0.057463898965592	-1.65306254491989	0.0271541494881347	0.136098708076402	0.0957731649426534	0.086195848448388
M7	FruitSet	2012	Cabernet Sauvignon - Pinot noir	-0.640433277584296	1.7827939133336	36	-0.359230123456483	0.721521486701965	-4.25610691820063	2.97524036303204	0.888603839501892	0.901901858377457	0.963658263820901
M7	Veraison	2012	Cabernet Sauvignon - Pinot noir	-2.56675841955926	1.7827939133336	36	-1.43973927685211	0.158581023957249	-6.18243206017559	1.04891522105707	0.291271268492906	0.198226279946561	0.475743071871747
M7	Harvest	2012	Cabernet Sauvignon - Pinot noir	-6.06744229695389	1.7827939133336	36	-3.40333352698548	0.00164656687723506	-9.68311593757022	-2.45176865633755	0.00548855625745021	0.00411641719308766	0.00740955094755778
M7	FruitSet	2013	Cabernet Sauvignon - Pinot noir	-0.081797283206033	1.7827939133336	36	-0.0458815136142586	0.963658263820901	-3.69747092382237	3.5338763574103	0.991705977140649	0.963658263820901	0.963658263820901
M7	Veraison	2013	Cabernet Sauvignon - Pinot noir	-8.749173486173	1.7827939133336	36	-4.90756302270135	1.99215706625927e-05	-12.3648471267893	-5.13349984555667	8.53781599825402e-05	6.64052355419757e-05	0.000179294135963335
M7	Harvest	2013	Cabernet Sauvignon - Pinot noir	-1.39581462860082	1.7827939133336	36	-0.782936613234687	0.438784661401666	-5.01148826921716	2.21985901201551	0.626835230573809	0.595243758983105	0.789812390522999
M7	FruitSet	2014	Cabernet Sauvignon - Pinot noir	-0.382963118472437	1.7827939133336	36	-0.214810649513799	0.831127200107589	-3.99863675908877	3.2327105221439	0.961956821704832	0.989629921095773	0.963658263820901
M7	Veraison	2014	Cabernet Sauvignon - Pinot noir	-1.73155693902871	1.7827939133336	36	-0.971260293227563	0.337899599340144	-5.34723057964504	1.88411670158763	0.506849399010216	0.375443999266827	0.760274098515324
M7	Harvest	2014	Cabernet Sauvignon - Pinot noir	0.0991749562228985	1.7827939133336	36	0.055628951546875	0.955944997588022	-3.51649868439344	3.71484859683923	0.991705977140649	0.955944997588022	0.963658263820901
M8	FruitSet	2012	Cabernet Sauvignon - Pinot noir	2.15702821586867	1.12851150872462	36	1.91139230676206	0.0639408259629383	-0.13169920501312	4.44575563675046	0.147555752222165	0.210799112394873	0.191822477888815
M8	Veraison	2012	Cabernet Sauvignon - Pinot noir	0.250133465791158	1.12851150872462	36	0.221649016299219	0.825839651575332	-2.03859395509063	2.53886088667295	0.961956821704832	0.91759961286148	0.825839651575332
M8	Harvest	2012	Cabernet Sauvignon - Pinot noir	-0.513916972754446	1.12851150872462	36	-0.455393647987913	0.651560920864917	-2.80264439363624	1.77481044812734	0.82592229405412	0.814451151081146	0.733006035973032
M8	FruitSet	2013	Cabernet Sauvignon - Pinot noir	-2.35870527097995	1.12851150872462	36	-2.09010298321692	0.0437335091814502	-4.64743269186174	-0.0699778500981569	0.109333772953626	0.0874670183629005	0.191822477888815
M8	Veraison	2013	Cabernet Sauvignon - Pinot noir	-4.16895033307134	1.12851150872462	36	-3.69420276252465	0.000728182211808994	-6.45767775395313	-1.88022291218955	0.00262145596251238	0.00182045552952249	0.00655363990628095
M8	Harvest	2013	Cabernet Sauvignon - Pinot noir	-0.812489186564341	1.12851150872462	36	-0.71996535284126	0.476195007186484	-3.10121660744613	1.47623823431745	0.669649228855993	0.595243758983105	0.714292510779726
M8	FruitSet	2014	Cabernet Sauvignon - Pinot noir	-1.20396392657763	1.12851150872462	36	-1.06686012262142	0.293137638082366	-3.49269134745942	1.08476349430416	0.462848902235315	0.989629921095773	0.52764774854826
M8	Veraison	2014	Cabernet Sauvignon - Pinot noir	0.546864461872364	1.12851150872462	36	0.484589175781115	0.630903266680901	-1.74186295900943	2.83559188275415	0.822917304366393	0.630903266680901	0.733006035973032
M8	Harvest	2014	Cabernet Sauvignon - Pinot noir	-1.79466459568671	1.12851150872462	36	-1.59029356972615	0.120513290855454	-4.0833920165685	0.494062825195078	0.241026581710908	0.17216184407922	0.271154904424772
M9	FruitSet	2012	Cabernet Sauvignon - Pinot noir	-0.032949108450716	3.68541955831106	36	-0.00894039550433596	0.992916053047995	-7.50732640575739	7.44142818885596	0.992916053047995	0.992916053047995	0.992916053047995
M9	Veraison	2012	Cabernet Sauvignon - Pinot noir	-0.201246244685798	3.68541955831106	36	-0.0546060608572948	0.956754234613939	-7.67562354199247	7.27313105262088	0.991705977140649	0.956754234613939	0.992916053047995
M9	Harvest	2012	Cabernet Sauvignon - Pinot noir	0.141114477680848	3.68541955831106	36	0.0382899356363966	0.969668066537523	-7.33326281962583	7.61549177498752	0.991705977140649	0.969668066537523	0.992916053047995
M9	FruitSet	2013	Cabernet Sauvignon - Pinot noir	-5.17971102699782	3.68541955831106	36	-1.40546034041551	0.168456212073291	-12.6540883243045	2.29466627030885	0.303221181731924	0.262046222617015	0.75805295432981
M9	Veraison	2013	Cabernet Sauvignon - Pinot noir	0.80211392512675	3.68541955831106	36	0.217645213098706	0.828934482443267	-6.67226337217992	8.27649122243342	0.961956821704832	0.828934482443267	0.992916053047995
M9	Harvest	2013	Cabernet Sauvignon - Pinot noir	0.719635073165004	3.68541955831106	36	0.195265440414278	0.846283072953505	-6.75474222414167	8.19401237047168	0.961956821704832	0.869034492818538	0.992916053047995
M9	FruitSet	2014	Cabernet Sauvignon - Pinot noir	-0.214583709911587	3.68541955831106	36	-0.0582250423639489	0.953891373021356	-7.68896100721826	7.25979358739509	0.991705977140649	0.989629921095773	0.992916053047995
M9	Veraison	2014	Cabernet Sauvignon - Pinot noir	6.23013777528163	3.68541955831106	36	1.69048263751462	0.0995779266454039	-1.24423952202505	13.7045150725883	0.208418916234566	0.165963211075673	0.75805295432981
M9	Harvest	2014	Cabernet Sauvignon - Pinot noir	3.12535134939465	3.68541955831106	36	0.848031357066691	0.402023882504065	-4.34902594791203	10.5997286467013	0.588833366464882	0.45071195951633	0.992916053047995
M10	FruitSet	2012	Cabernet Sauvignon - Pinot noir	-0.285071443205743	0.606873331201648	36	-0.469737964331507	0.641375246198801	-1.51586760557083	0.945724719159343	0.824625316541316	0.901901858377457	0.721547151973652
M10	Veraison	2012	Cabernet Sauvignon - Pinot noir	-2.42197619633465	0.606873331201648	36	-3.99090892911538	0.000309588902651323	-3.65277235869974	-1.19118003396957	0.0012114348364617	0.00103196300883774	0.000928766707953969
M10	Harvest	2012	Cabernet Sauvignon - Pinot noir	-4.83992596525274	0.606873331201648	36	-7.97518315011367	1.80473140715369e-09	-6.07072212761782	-3.60912980288765	1.08283884429221e-08	6.01577135717896e-09	1.62425826643832e-08
M10	FruitSet	2013	Cabernet Sauvignon - Pinot noir	0.694074980720242	0.606873331201648	36	1.14369003387565	0.260300485285577	-0.536721181644843	1.92487114308533	0.433834142142628	0.289222761428419	0.334672052510027
M10	Veraison	2013	Cabernet Sauvignon - Pinot noir	-1.93498019975553	0.606873331201648	36	-3.18844164057126	0.00295783308168939	-3.16577636212061	-0.704184037390442	0.00887349924506816	0.00591566616337877	0.00443674962253408
M10	Harvest	2013	Cabernet Sauvignon - Pinot noir	-3.15323785467163	0.606873331201648	36	-5.19587481036284	8.24713950343479e-06	-4.38403401703671	-1.92244169230654	3.9065397647849e-05	2.0617848758587e-05	3.71121277654566e-05
M10	FruitSet	2014	Cabernet Sauvignon - Pinot noir	-0.126147174765108	0.606873331201648	36	-0.20786409334437	0.836506570339811	-1.35694333713019	1.10464898759998	0.961956821704832	0.989629921095773	0.836506570339811
M10	Veraison	2014	Cabernet Sauvignon - Pinot noir	-2.02691688901621	0.606873331201648	36	-3.33993402709389	0.00196034492422426	-3.25771305138129	-0.796120726651122	0.00630110868500656	0.00490086231056066	0.00352862086360367
M10	Harvest	2014	Cabernet Sauvignon - Pinot noir	-2.0739480820373	0.606873331201648	36	-3.41743157164403	0.00158364624226058	-3.30474424440238	-0.843151919672211	0.00548185237705586	0.00395911560565146	0.00352862086360367
