Module	Cultivar	Stage	Year	Mean	SD	N	SE
M1	Pinot noir	FruitSet	2012	46.7608115390766	2.4224249828201	3	1.39858771592286
M1	Cabernet Sauvignon	FruitSet	2012	49.2324664051951	1.69576532321017	3	0.979050565837824
M1	Pinot noir	Veraison	2012	-0.0679508246511164	5.51901631415334	3	3.18640555463837
M1	Cabernet Sauvignon	Veraison	2012	4.83080687872596	2.24505303738768	3	1.29618197548076
M1	Pinot noir	Harvest	2012	-47.103290550517	2.37811772237676	3	1.37300690717884
M1	Cabernet Sauvignon	Harvest	2012	-54.3372049850657	3.80902020246545	3	2.19913883924215
M1	Pinot noir	FruitSet	2013	38.0693991707003	1.49514846364393	3	0.86322436796328
M1	Cabernet Sauvignon	FruitSet	2013	47.4158395215606	0.785112428738596	3	0.453284872076349
M1	Pinot noir	Veraison	2013	1.57764853522391	1.67462059170884	3	0.966842649413589
M1	Cabernet Sauvignon	Veraison	2013	3.1863575258238	6.6655071526844	3	3.84833234888771
M1	Pinot noir	Harvest	2013	-52.3589323544661	1.81608059958202	3	1.04851462303873
M1	Cabernet Sauvignon	Harvest	2013	-56.2494101483333	0.296490288610004	3	0.171178747941096
M1	Pinot noir	FruitSet	2014	41.6132385820417	2.27036972482961	3	1.31079857179035
M1	Cabernet Sauvignon	FruitSet	2014	40.6586352014967	0.173728282087302	3	0.100302070428955
M1	Pinot noir	Veraison	2014	12.9684992930405	3.68957402998623	3	2.1301765594076
M1	Cabernet Sauvignon	Veraison	2014	19.100867064246	4.1494800663146	3	2.39570343328372
M1	Pinot noir	Harvest	2014	-46.6351097954191	1.34066104347575	3	0.774031014342771
M1	Cabernet Sauvignon	Harvest	2014	-48.6626710586787	1.03353801336942	3	0.596713450236548
M2	Pinot noir	FruitSet	2012	11.1966786368974	0.283383098521735	3	0.163611308215314
M2	Cabernet Sauvignon	FruitSet	2012	-11.5578522197334	0.632231739946714	3	0.365019165248461
M2	Pinot noir	Veraison	2012	10.9059320745345	0.358511933641792	3	0.206986961395782
M2	Cabernet Sauvignon	Veraison	2012	-14.4617627279266	0.537371022234831	3	0.310251304341984
M2	Pinot noir	Harvest	2012	8.85491738981447	0.299718453808625	3	0.173042529987508
M2	Cabernet Sauvignon	Harvest	2012	-13.8931132983258	0.140472826802613	3	0.0811020243683161
M2	Pinot noir	FruitSet	2013	11.7950189435027	0.492534012204448	3	0.284364644531284
M2	Cabernet Sauvignon	FruitSet	2013	-12.270879748705	0.376160862962208	3	0.217176575489833
M2	Pinot noir	Veraison	2013	11.0090515691859	0.464866841243549	3	0.268390995929294
M2	Cabernet Sauvignon	Veraison	2013	-14.5451531270986	0.338703412864759	3	0.195550506592914
M2	Pinot noir	Harvest	2013	7.63570422658868	0.322196625384916	3	0.18602030839797
M2	Cabernet Sauvignon	Harvest	2013	-13.0575165601293	0.218337451484058	3	0.126057186388498
M2	Pinot noir	FruitSet	2014	11.942598456485	1.09038214092808	3	0.629532422584388
M2	Cabernet Sauvignon	FruitSet	2014	12.0880844499523	1.14962186075701	3	0.663734490774336
M2	Pinot noir	Veraison	2014	11.7362684227745	0.352153532715459	3	0.203315936909348
M2	Cabernet Sauvignon	Veraison	2014	-13.4434638920616	0.4423548712425	3	0.2553937039892
M2	Pinot noir	Harvest	2014	9.06049890916074	0.0967385217939756	3	0.0558520115987583
M2	Cabernet Sauvignon	Harvest	2014	-12.9950115049158	0.184369940251116	3	0.106446034634457
M3	Pinot noir	FruitSet	2012	9.34208053616224	0.59877498515189	3	0.345702898861458
M3	Cabernet Sauvignon	FruitSet	2012	8.85047842805219	0.498514552057022	3	0.287817510825067
M3	Pinot noir	Veraison	2012	8.53616221931315	0.710659490893696	3	0.410299448369638
M3	Cabernet Sauvignon	Veraison	2012	6.856241582873	0.838493700468901	3	0.484104563679526
M3	Pinot noir	Harvest	2012	6.98307674230124	0.219732518588482	3	0.126862628756774
M3	Cabernet Sauvignon	Harvest	2012	6.3689097697217	0.684121853789011	3	0.394977936443591
M3	Pinot noir	FruitSet	2013	5.91270816924258	0.316838875293755	3	0.182927009940588
M3	Cabernet Sauvignon	FruitSet	2013	6.34373388557389	0.24535302957484	3	0.141654637671524
M3	Pinot noir	Veraison	2013	7.05371780043772	0.437601969032172	3	0.252649614618635
M3	Cabernet Sauvignon	Veraison	2013	7.45176496311475	0.160018415434674	3	0.0923866752265062
M3	Pinot noir	Harvest	2013	7.10344227227889	0.313643245332968	3	0.181082012122497
M3	Cabernet Sauvignon	Harvest	2013	-11.6058136268514	0.130772677964927	3	0.075501640825699
M3	Pinot noir	FruitSet	2014	-12.1439959942316	0.226792356056588	3	0.130938627819421
M3	Cabernet Sauvignon	FruitSet	2014	-12.3327370048229	0.179521381472073	3	0.103646717918195
M3	Pinot noir	Veraison	2014	-10.3796235528216	0.182303901878035	3	0.105253206823602
M3	Cabernet Sauvignon	Veraison	2014	-12.2508575224729	0.201888421687244	3	0.116560334607399
M3	Pinot noir	Harvest	2014	-10.223507509584	0.258598890861363	3	0.149302139250947
M3	Cabernet Sauvignon	Harvest	2014	-11.8657811582869	0.152398039937358	3	0.0879870493818053
M4	Pinot noir	FruitSet	2012	-6.31047024051041	2.01496640358653	3	1.16334139551874
M4	Cabernet Sauvignon	FruitSet	2012	-4.69815583629544	0.567316178172632	3	0.327540148183599
M4	Pinot noir	Veraison	2012	11.9102743414568	1.0055030547344	3	0.580527459321899
M4	Cabernet Sauvignon	Veraison	2012	13.5816544197663	0.292037101498342	3	0.168607699163426
M4	Pinot noir	Harvest	2012	-7.57625895718396	1.68018238362113	3	0.970053751471327
M4	Cabernet Sauvignon	Harvest	2012	-8.92239166924131	2.42787239400818	3	1.40173278023868
M4	Pinot noir	FruitSet	2013	-1.30514918382642	0.519872274825923	3	0.30014839781497
M4	Cabernet Sauvignon	FruitSet	2013	0.826291749040625	0.803608912829782	3	0.463963822145457
M4	Pinot noir	Veraison	2013	11.9473586380562	0.278248124148503	3	0.160646629378646
M4	Cabernet Sauvignon	Veraison	2013	12.9391236071017	0.747879222129088	3	0.431788270217557
M4	Pinot noir	Harvest	2013	-11.5342838500261	1.27976943462518	3	0.738875227581501
M4	Cabernet Sauvignon	Harvest	2013	-11.3834562520376	1.11068702445767	3	0.641255452556063
M4	Pinot noir	FruitSet	2014	-1.46968400737482	0.763671117136291	3	0.44090572505098
M4	Cabernet Sauvignon	FruitSet	2014	-1.63676918189514	0.37472034394181	3	0.216344891445633
M4	Pinot noir	Veraison	2014	9.39577107149592	0.514515157090134	3	0.297055464448132
M4	Cabernet Sauvignon	Veraison	2014	10.7229292017064	0.697185447686041	3	0.402520205896625
M4	Pinot noir	Harvest	2014	-9.47778949417005	0.964780717249157	3	0.557016406812761
M4	Cabernet Sauvignon	Harvest	2014	-7.00899435606268	1.1167250844797	3	0.644741528135164
M5	Pinot noir	FruitSet	2012	-2.35690747502237	2.38811466116307	3	1.37877864247819
M5	Cabernet Sauvignon	FruitSet	2012	-2.56002530090567	4.13100782224858	3	2.38503847819967
M5	Pinot noir	Veraison	2012	-2.03298436369747	4.83029117177591	3	2.78876990828909
M5	Cabernet Sauvignon	Veraison	2012	-6.86069377788555	0.366687325211499	3	0.211707025919283
M5	Pinot noir	Harvest	2012	22.6007879538116	0.962615298799963	3	0.555766201888211
M5	Cabernet Sauvignon	Harvest	2012	-2.42837206485052	2.0991410026003	3	1.21193962291826
M5	Pinot noir	FruitSet	2013	-4.1923817569035	0.373862443341572	3	0.215849582303148
M5	Cabernet Sauvignon	FruitSet	2013	-2.31221377056124	1.36957719537527	3	0.790725762425884
M5	Pinot noir	Veraison	2013	-4.40759991777193	0.691707608095559	3	0.399357573734483
M5	Cabernet Sauvignon	Veraison	2013	-5.35967031489174	0.885678800039647	3	0.511346893618435
M5	Pinot noir	Harvest	2013	20.003076757163	1.22644087546423	3	0.708085969594431
M5	Cabernet Sauvignon	Harvest	2013	-0.920140915572204	0.768066485610049	3	0.443443392222492
M5	Pinot noir	FruitSet	2014	-6.12567057175123	0.341200555157378	3	0.196992232367762
M5	Cabernet Sauvignon	FruitSet	2014	-6.10640690362895	0.218264397540198	3	0.126015008674345
M5	Pinot noir	Veraison	2014	-4.54497718352178	0.0982787175911103	3	0.0567412440568387
M5	Cabernet Sauvignon	Veraison	2014	-6.13922514779822	0.446647550511323	3	0.2578720835206
M5	Pinot noir	Harvest	2014	17.314579493627	1.02674721447929	3	0.592792780669319
M5	Cabernet Sauvignon	Harvest	2014	-3.57117473983923	0.353859651056121	3	0.204300964792599
M6	Pinot noir	FruitSet	2012	12.5801963031255	0.531295490513877	3	0.306743594467421
M6	Cabernet Sauvignon	FruitSet	2012	20.81357550198	0.795741168291491	3	0.45942137771836
M6	Pinot noir	Veraison	2012	-3.65262726463843	0.231961293887652	3	0.13392291546761
M6	Cabernet Sauvignon	Veraison	2012	-2.42263046649116	0.295620508084761	3	0.170676579920711
M6	Pinot noir	Harvest	2012	-5.07047062218579	0.156067652143659	3	0.0901057009769346
M6	Cabernet Sauvignon	Harvest	2012	-5.11751023888133	0.39525936303594	3	0.22820309964852
M6	Pinot noir	FruitSet	2013	0.327521143326361	0.379499792887548	3	0.219104307581033
M6	Cabernet Sauvignon	FruitSet	2013	10.7627572144878	0.386243078012786	3	0.222997545063312
M6	Pinot noir	Veraison	2013	-4.17768662411533	0.174750200528999	3	0.100892075316359
M6	Cabernet Sauvignon	Veraison	2013	-1.83646248207787	0.952049058440071	3	0.549665780172105
M6	Pinot noir	Harvest	2013	-4.18295335917631	0.404853577490399	3	0.233742321946465
M6	Cabernet Sauvignon	Harvest	2013	-4.61470933494562	0.293959508660055	3	0.169717601455733
M6	Pinot noir	FruitSet	2014	-0.094599116233651	0.807413272007378	3	0.466160269940736
M6	Cabernet Sauvignon	FruitSet	2014	-0.324895911545934	0.458628264817762	3	0.264789152150506
M6	Pinot noir	Veraison	2014	-3.55635901713104	0.39243241025806	3	0.226570957701225
M6	Cabernet Sauvignon	Veraison	2014	-0.335814440657541	0.907530840348684	3	0.5239631749732
M6	Pinot noir	Harvest	2014	-4.14218854356187	0.0312711948818285	3	0.0180544327829049
M6	Cabernet Sauvignon	Harvest	2014	-4.95514274127776	0.27273784750283	3	0.157465269673958
M7	Pinot noir	FruitSet	2012	-4.32989924264253	4.14287563651349	3	2.39189036396021
M7	Cabernet Sauvignon	FruitSet	2012	-4.97033252022683	4.11429598363153	3	2.37538989367546
M7	Pinot noir	Veraison	2012	2.45273803524111	1.30104103546488	3	0.751156392052396
M7	Cabernet Sauvignon	Veraison	2012	-0.114020384318151	1.17224912920228	3	0.676798350302244
M7	Pinot noir	Harvest	2012	-1.3424568868114	1.06319675208091	3	0.613836931015449
M7	Cabernet Sauvignon	Harvest	2012	-7.40989918376529	1.50467687692991	3	0.868725599938889
M7	Pinot noir	FruitSet	2013	3.59748453711333	4.77780029781675	3	2.75846428807878
M7	Cabernet Sauvignon	FruitSet	2013	3.5156872539073	3.42252219831227	3	1.97599411250306
M7	Pinot noir	Veraison	2013	6.08840205423384	1.26717102592597	3	0.731601532927654
M7	Cabernet Sauvignon	Veraison	2013	-2.66077143193916	1.94434190329004	3	1.12256632126118
M7	Pinot noir	Harvest	2013	-7.07595821151445	0.185487846549318	3	0.107091458136653
M7	Cabernet Sauvignon	Harvest	2013	-8.47177284011527	0.107466612970283	3	0.0620458779272903
M7	Pinot noir	FruitSet	2014	12.6880955489067	0.742951735514289	3	0.428943384494074
M7	Cabernet Sauvignon	FruitSet	2014	12.3051324304343	0.237832006399827	3	0.137312372916849
M7	Pinot noir	Veraison	2014	3.69350556008668	0.440655248363659	3	0.25441242626258
M7	Cabernet Sauvignon	Veraison	2014	1.96194862105798	1.76792807470656	3	1.02071374983973
M7	Pinot noir	Harvest	2014	-5.01352914793552	1.16010150906617	3	0.669784918546646
M7	Cabernet Sauvignon	Harvest	2014	-4.91435419171262	0.126869895665325	3	0.0732483684144352
M8	Pinot noir	FruitSet	2012	14.1986305180587	3.38408536332516	3	1.95380259547645
M8	Cabernet Sauvignon	FruitSet	2012	16.3556587339274	2.81128666862768	3	1.62309711490139
M8	Pinot noir	Veraison	2012	-1.81539068951987	0.670046678371259	3	0.386851630127261
M8	Cabernet Sauvignon	Veraison	2012	-1.56525722372872	1.97729442766424	3	1.1415914700791
M8	Pinot noir	Harvest	2012	-1.01685359992477	0.768367851823492	3	0.443617386086947
M8	Cabernet Sauvignon	Harvest	2012	-1.53077057267922	0.605222258099444	3	0.349425233633267
M8	Pinot noir	FruitSet	2013	-0.927496197921814	0.345627638785353	3	0.199548210292098
M8	Cabernet Sauvignon	FruitSet	2013	-3.28620146890176	0.665519382096249	3	0.384237794404183
M8	Pinot noir	Veraison	2013	-0.966434156306733	1.99577556916324	3	1.15226156209847
M8	Cabernet Sauvignon	Veraison	2013	-5.13538448937808	0.17442922083024	3	0.100706757600876
M8	Pinot noir	Harvest	2013	0.442429274210389	0.427724199503972	3	0.246946681722535
M8	Cabernet Sauvignon	Harvest	2013	-0.370059912353956	0.689128421915652	3	0.397868479899224
M8	Pinot noir	FruitSet	2014	-2.3883012912782	1.64199411735946	3	0.948005745665266
M8	Cabernet Sauvignon	FruitSet	2014	-3.59226521785584	0.725694446730276	3	0.418979884169141
M8	Pinot noir	Veraison	2014	-4.91387035458385	0.370921275887795	3	0.214151498481978
M8	Cabernet Sauvignon	Veraison	2014	-4.36700589271149	0.477875612510009	3	0.275901613521811
M8	Pinot noir	Harvest	2014	1.33661856831726	0.548843201193278	3	0.316874769951835
M8	Cabernet Sauvignon	Harvest	2014	-0.458046027369458	0.768834726176568	3	0.443886936120374
M9	Pinot noir	FruitSet	2012	-2.6397273089849	0.240155517260412	3	0.138653852537673
M9	Cabernet Sauvignon	FruitSet	2012	-2.67267641743562	0.265603754817533	3	0.153346399341678
M9	Pinot noir	Veraison	2012	-3.41319538762433	0.426998861795917	3	0.246527907801536
M9	Cabernet Sauvignon	Veraison	2012	-3.61444163231013	0.327011216298313	3	0.188800013757858
M9	Pinot noir	Harvest	2012	-2.65396120302137	0.411261628027038	3	0.237442011648774
M9	Cabernet Sauvignon	Harvest	2012	-2.51284672534052	0.464102749035055	3	0.267949847087034
M9	Pinot noir	FruitSet	2013	10.7407615600548	12.8928946936137	3	7.44371622199138
M9	Cabernet Sauvignon	FruitSet	2013	5.56105053305701	10.2394939157229	3	5.91177456860818
M9	Pinot noir	Veraison	2013	-3.32819544634364	0.278223119238514	3	0.160632192787133
M9	Cabernet Sauvignon	Veraison	2013	-2.52608152121688	1.29534511894955	3	0.747867853118993
M9	Pinot noir	Harvest	2013	-0.804181086343608	1.40479125481787	3	0.811056609124328
M9	Cabernet Sauvignon	Harvest	2013	-0.084546013178604	0.960668722028716	3	0.554642345265333
M9	Pinot noir	FruitSet	2014	0.994837831081276	1.24734485104727	3	0.720154885524432
M9	Cabernet Sauvignon	FruitSet	2014	0.78025412116969	0.84385736767558	3	0.487201278385145
M9	Pinot noir	Veraison	2014	1.19302647476048	4.6019798033483	3	2.65695427826836
M9	Cabernet Sauvignon	Veraison	2014	7.4231642500421	7.58578209276828	3	4.37965333327361
M9	Pinot noir	Harvest	2014	-2.78429668888024	0.680760518233008	3	0.393037268455496
M9	Cabernet Sauvignon	Harvest	2014	0.341054660514411	2.95655698745354	3	1.70696897258077
M10	Pinot noir	FruitSet	2012	-6.63551641538849	1.15125251699145	3	0.664675950590247
M10	Cabernet Sauvignon	FruitSet	2012	-6.92058785859424	0.19798768082277	3	0.114308240819256
M10	Pinot noir	Veraison	2012	7.78335421907146	0.47026904754222	3	0.271509961190049
M10	Cabernet Sauvignon	Veraison	2012	5.36137802273682	0.385065790526306	3	0.222317837816079
M10	Pinot noir	Harvest	2012	3.40369402623513	0.530605190911687	3	0.306345049806275
M10	Cabernet Sauvignon	Harvest	2012	-1.43623193901761	1.6058463632875	3	0.927135830121222
M10	Pinot noir	FruitSet	2013	-6.17834938917521	0.502111123433306	3	0.289893992277325
M10	Cabernet Sauvignon	FruitSet	2013	-5.48427440845497	1.04063652473594	3	0.600811777684854
M10	Pinot noir	Veraison	2013	8.05179501674777	0.626417804440648	3	0.361662488018982
M10	Cabernet Sauvignon	Veraison	2013	6.11681481699224	0.575921341136591	3	0.332508341337261
M10	Pinot noir	Harvest	2013	1.00161880054514	0.629099020931858	3	0.363210489081938
M10	Cabernet Sauvignon	Harvest	2013	-2.15161905412649	0.784679735041732	3	0.453035056253988
M10	Pinot noir	FruitSet	2014	-6.9186102460719	0.60764806499009	3	0.350825773894584
M10	Cabernet Sauvignon	FruitSet	2014	-7.044757420837	0.302857549316475	3	0.174854887623977
M10	Pinot noir	Veraison	2014	5.34444491855018	0.917616598154058	3	0.529786189957114
M10	Cabernet Sauvignon	Veraison	2014	3.31752802953397	0.673313664616636	3	0.388737825515468
M10	Pinot noir	Harvest	2014	2.23163348164526	0.524001096439679	3	0.302532174085108
M10	Cabernet Sauvignon	Harvest	2014	0.157685399607962	0.498153537253941	3	0.287609078831327
